query_id,query_name,query_type,release_id,release_version,timestamp,execution_time_ms,baseline_execution_time_ms,rows_examined,rows_returned,cpu_time_ms,io_cost,plan_hash,baseline_plan_hash,plan_changed,index_name,index_status,statistics_age,statistics_status,workload_level,schema_change,release_change,regression_label,regression_severity,expected_impact,user_impact,evidence
SYNTH-Q-001,Find available appointment slots,find_available_slots,REL-101,v1.0.0,2026-07-01 08:40:00,15.06,14.5,122,18,9.56,2.18,62c759822b393c31,62c759822b393c31,0,idx_appt_dept_date_status,OPTIMAL,1,CURRENT,LOW,NONE,release_deployment,NORMAL,OK,System performance within acceptable noise band.,Normal patient scheduling experience with zero delay.,"{""rule_triggered"": ""WITHIN_NOISE_BAND"", ""delta_pct"": 3.86, ""delta_ms"": 0.56, ""plan_diff"": ""NONE"", ""index_impact"": ""OPTIMAL"", ""recommendation"": ""Performance within normal operational variance.""}"
SYNTH-Q-001,Find available appointment slots,find_available_slots,REL-101,v1.0.0,2026-07-01 10:15:00,15.05,14.5,122,18,9.55,2.18,62c759822b393c31,62c759822b393c31,0,idx_appt_dept_date_status,OPTIMAL,3,CURRENT,NORMAL,NONE,release_deployment,NORMAL,OK,System performance within acceptable noise band.,Normal patient scheduling experience with zero delay.,"{""rule_triggered"": ""WITHIN_NOISE_BAND"", ""delta_pct"": 3.79, ""delta_ms"": 0.55, ""plan_diff"": ""NONE"", ""index_impact"": ""OPTIMAL"", ""recommendation"": ""Performance within normal operational variance.""}"
SYNTH-Q-001,Find available appointment slots,find_available_slots,REL-101,v1.0.0,2026-07-01 12:43:00,14.32,14.5,119,18,9.09,2.07,62c759822b393c31,62c759822b393c31,0,idx_appt_dept_date_status,OPTIMAL,10,CURRENT,LOW,NONE,release_deployment,NORMAL,OK,System performance within acceptable noise band.,Normal patient scheduling experience with zero delay.,"{""rule_triggered"": ""WITHIN_NOISE_BAND"", ""delta_pct"": -1.24, ""delta_ms"": -0.18, ""plan_diff"": ""NONE"", ""index_impact"": ""OPTIMAL"", ""recommendation"": ""Performance within normal operational variance.""}"
SYNTH-Q-001,Find available appointment slots,find_available_slots,REL-101,v1.0.0,2026-07-01 14:01:00,13.88,14.5,117,18,8.81,2.01,62c759822b393c31,62c759822b393c31,0,idx_appt_dept_date_status,OPTIMAL,4,CURRENT,LOW,NONE,release_deployment,NORMAL,OK,System performance within acceptable noise band.,Normal patient scheduling experience with zero delay.,"{""rule_triggered"": ""WITHIN_NOISE_BAND"", ""delta_pct"": -4.28, ""delta_ms"": -0.62, ""plan_diff"": ""NONE"", ""index_impact"": ""OPTIMAL"", ""recommendation"": ""Performance within normal operational variance.""}"
SYNTH-Q-001,Find available appointment slots,find_available_slots,REL-101,v1.0.0,2026-07-01 16:38:00,13.8,14.5,117,18,8.76,2.0,62c759822b393c31,62c759822b393c31,0,idx_appt_dept_date_status,OPTIMAL,9,CURRENT,LOW,NONE,release_deployment,NORMAL,OK,System performance within acceptable noise band.,Normal patient scheduling experience with zero delay.,"{""rule_triggered"": ""WITHIN_NOISE_BAND"", ""delta_pct"": -4.83, ""delta_ms"": -0.7, ""plan_diff"": ""NONE"", ""index_impact"": ""OPTIMAL"", ""recommendation"": ""Performance within normal operational variance.""}"
SYNTH-Q-001,Find available appointment slots,find_available_slots,REL-101,v1.0.0,2026-07-01 18:41:00,14.38,14.5,119,18,9.13,2.08,62c759822b393c31,62c759822b393c31,0,idx_appt_dept_date_status,OPTIMAL,4,CURRENT,HIGH,NONE,release_deployment,NORMAL,OK,Slight concurrency queueing without plan degradation.,Imperceptible patient UI latency (<50ms shift); no booking hazard.,"{""rule_triggered"": ""FALSE_POSITIVE_GRACE_BAND"", ""delta_pct"": -0.83, ""delta_ms"": -0.12, ""plan_diff"": ""NONE - Query plan remains optimal index search"", ""index_impact"": ""OPTIMAL (no index drop)"", ""workload_effect"": ""Queue delay during HIGH workload"", ""recommendation"": ""Maintain baseline. No schema or query regression detected; transient queue latency.""}"
SYNTH-Q-001,Find available appointment slots,find_available_slots,REL-101,v1.0.0,2026-07-01 20:17:00,15.21,14.5,122,18,9.65,2.2,62c759822b393c31,62c759822b393c31,0,idx_appt_dept_date_status,OPTIMAL,13,CURRENT,LOW,NONE,release_deployment,NORMAL,OK,System performance within acceptable noise band.,Normal patient scheduling experience with zero delay.,"{""rule_triggered"": ""WITHIN_NOISE_BAND"", ""delta_pct"": 4.9, ""delta_ms"": 0.71, ""plan_diff"": ""NONE"", ""index_impact"": ""OPTIMAL"", ""recommendation"": ""Performance within normal operational variance.""}"
SYNTH-Q-001,Find available appointment slots,find_available_slots,REL-101,v1.0.0,2026-07-01 22:44:00,13.98,14.5,117,18,8.87,2.03,62c759822b393c31,62c759822b393c31,0,idx_appt_dept_date_status,OPTIMAL,6,CURRENT,HIGH,NONE,release_deployment,NORMAL,OK,Slight concurrency queueing without plan degradation.,Imperceptible patient UI latency (<50ms shift); no booking hazard.,"{""rule_triggered"": ""FALSE_POSITIVE_GRACE_BAND"", ""delta_pct"": -3.59, ""delta_ms"": -0.52, ""plan_diff"": ""NONE - Query plan remains optimal index search"", ""index_impact"": ""OPTIMAL (no index drop)"", ""workload_effect"": ""Queue delay during HIGH workload"", ""recommendation"": ""Maintain baseline. No schema or query regression detected; transient queue latency.""}"
SYNTH-Q-001,Find available appointment slots,find_available_slots,REL-101,v1.0.0,2026-07-02 00:13:00,13.56,14.5,116,18,8.6,1.96,62c759822b393c31,62c759822b393c31,0,idx_appt_dept_date_status,OPTIMAL,2,CURRENT,NORMAL,NONE,release_deployment,NORMAL,OK,System performance within acceptable noise band.,Normal patient scheduling experience with zero delay.,"{""rule_triggered"": ""WITHIN_NOISE_BAND"", ""delta_pct"": -6.48, ""delta_ms"": -0.94, ""plan_diff"": ""NONE"", ""index_impact"": ""OPTIMAL"", ""recommendation"": ""Performance within normal operational variance.""}"
SYNTH-Q-001,Find available appointment slots,find_available_slots,REL-101,v1.0.0,2026-07-02 02:06:00,14.14,14.5,118,18,8.97,2.05,62c759822b393c31,62c759822b393c31,0,idx_appt_dept_date_status,OPTIMAL,14,CURRENT,NORMAL,NONE,release_deployment,NORMAL,OK,System performance within acceptable noise band.,Normal patient scheduling experience with zero delay.,"{""rule_triggered"": ""WITHIN_NOISE_BAND"", ""delta_pct"": -2.48, ""delta_ms"": -0.36, ""plan_diff"": ""NONE"", ""index_impact"": ""OPTIMAL"", ""recommendation"": ""Performance within normal operational variance.""}"
SYNTH-Q-002,Check doctor availability,check_doctor_availability,REL-101,v1.0.0,2026-07-01 08:16:00,11.13,11.2,44,8,6.95,1.39,d92063c67a1d5b2c,d92063c67a1d5b2c,0,idx_appt_doctor_date,OPTIMAL,12,CURRENT,LOW,NONE,release_deployment,NORMAL,OK,System performance within acceptable noise band.,Normal patient scheduling experience with zero delay.,"{""rule_triggered"": ""WITHIN_NOISE_BAND"", ""delta_pct"": -0.62, ""delta_ms"": -0.07, ""plan_diff"": ""NONE"", ""index_impact"": ""OPTIMAL"", ""recommendation"": ""Performance within normal operational variance.""}"
SYNTH-Q-002,Check doctor availability,check_doctor_availability,REL-101,v1.0.0,2026-07-01 10:07:00,11.29,11.2,45,8,7.06,1.41,d92063c67a1d5b2c,d92063c67a1d5b2c,0,idx_appt_doctor_date,OPTIMAL,2,CURRENT,HIGH,NONE,release_deployment,NORMAL,OK,Slight concurrency queueing without plan degradation.,Imperceptible patient UI latency (<50ms shift); no booking hazard.,"{""rule_triggered"": ""FALSE_POSITIVE_GRACE_BAND"", ""delta_pct"": 0.8, ""delta_ms"": 0.09, ""plan_diff"": ""NONE - Query plan remains optimal index search"", ""index_impact"": ""OPTIMAL (no index drop)"", ""workload_effect"": ""Queue delay during HIGH workload"", ""recommendation"": ""Maintain baseline. No schema or query regression detected; transient queue latency.""}"
SYNTH-Q-002,Check doctor availability,check_doctor_availability,REL-101,v1.0.0,2026-07-01 12:40:00,10.65,11.2,43,8,6.66,1.33,d92063c67a1d5b2c,d92063c67a1d5b2c,0,idx_appt_doctor_date,OPTIMAL,10,CURRENT,NORMAL,NONE,release_deployment,NORMAL,OK,System performance within acceptable noise band.,Normal patient scheduling experience with zero delay.,"{""rule_triggered"": ""WITHIN_NOISE_BAND"", ""delta_pct"": -4.91, ""delta_ms"": -0.55, ""plan_diff"": ""NONE"", ""index_impact"": ""OPTIMAL"", ""recommendation"": ""Performance within normal operational variance.""}"
SYNTH-Q-002,Check doctor availability,check_doctor_availability,REL-101,v1.0.0,2026-07-01 14:04:00,10.71,11.2,44,8,6.7,1.34,d92063c67a1d5b2c,d92063c67a1d5b2c,0,idx_appt_doctor_date,OPTIMAL,11,CURRENT,LOW,NONE,release_deployment,NORMAL,OK,System performance within acceptable noise band.,Normal patient scheduling experience with zero delay.,"{""rule_triggered"": ""WITHIN_NOISE_BAND"", ""delta_pct"": -4.37, ""delta_ms"": -0.49, ""plan_diff"": ""NONE"", ""index_impact"": ""OPTIMAL"", ""recommendation"": ""Performance within normal operational variance.""}"
SYNTH-Q-002,Check doctor availability,check_doctor_availability,REL-101,v1.0.0,2026-07-01 16:18:00,10.72,11.2,44,8,6.7,1.34,d92063c67a1d5b2c,d92063c67a1d5b2c,0,idx_appt_doctor_date,OPTIMAL,14,CURRENT,LOW,NONE,release_deployment,NORMAL,OK,System performance within acceptable noise band.,Normal patient scheduling experience with zero delay.,"{""rule_triggered"": ""WITHIN_NOISE_BAND"", ""delta_pct"": -4.29, ""delta_ms"": -0.48, ""plan_diff"": ""NONE"", ""index_impact"": ""OPTIMAL"", ""recommendation"": ""Performance within normal operational variance.""}"
SYNTH-Q-002,Check doctor availability,check_doctor_availability,REL-101,v1.0.0,2026-07-01 18:06:00,11.12,11.2,44,8,6.95,1.39,d92063c67a1d5b2c,d92063c67a1d5b2c,0,idx_appt_doctor_date,OPTIMAL,5,CURRENT,HIGH,NONE,release_deployment,NORMAL,OK,Slight concurrency queueing without plan degradation.,Imperceptible patient UI latency (<50ms shift); no booking hazard.,"{""rule_triggered"": ""FALSE_POSITIVE_GRACE_BAND"", ""delta_pct"": -0.71, ""delta_ms"": -0.08, ""plan_diff"": ""NONE - Query plan remains optimal index search"", ""index_impact"": ""OPTIMAL (no index drop)"", ""workload_effect"": ""Queue delay during HIGH workload"", ""recommendation"": ""Maintain baseline. No schema or query regression detected; transient queue latency.""}"
SYNTH-Q-002,Check doctor availability,check_doctor_availability,REL-101,v1.0.0,2026-07-01 20:23:00,10.94,11.2,44,8,6.84,1.37,d92063c67a1d5b2c,d92063c67a1d5b2c,0,idx_appt_doctor_date,OPTIMAL,6,CURRENT,NORMAL,NONE,release_deployment,NORMAL,OK,System performance within acceptable noise band.,Normal patient scheduling experience with zero delay.,"{""rule_triggered"": ""WITHIN_NOISE_BAND"", ""delta_pct"": -2.32, ""delta_ms"": -0.26, ""plan_diff"": ""NONE"", ""index_impact"": ""OPTIMAL"", ""recommendation"": ""Performance within normal operational variance.""}"
SYNTH-Q-002,Check doctor availability,check_doctor_availability,REL-101,v1.0.0,2026-07-01 22:42:00,11.98,11.2,46,8,7.49,1.5,d92063c67a1d5b2c,d92063c67a1d5b2c,0,idx_appt_doctor_date,OPTIMAL,12,CURRENT,NORMAL,NONE,release_deployment,NORMAL,OK,System performance within acceptable noise band.,Normal patient scheduling experience with zero delay.,"{""rule_triggered"": ""WITHIN_NOISE_BAND"", ""delta_pct"": 6.96, ""delta_ms"": 0.78, ""plan_diff"": ""NONE"", ""index_impact"": ""OPTIMAL"", ""recommendation"": ""Performance within normal operational variance.""}"
SYNTH-Q-002,Check doctor availability,check_doctor_availability,REL-101,v1.0.0,2026-07-02 00:41:00,11.44,11.2,45,8,7.15,1.43,d92063c67a1d5b2c,d92063c67a1d5b2c,0,idx_appt_doctor_date,OPTIMAL,10,CURRENT,LOW,NONE,release_deployment,NORMAL,OK,System performance within acceptable noise band.,Normal patient scheduling experience with zero delay.,"{""rule_triggered"": ""WITHIN_NOISE_BAND"", ""delta_pct"": 2.14, ""delta_ms"": 0.24, ""plan_diff"": ""NONE"", ""index_impact"": ""OPTIMAL"", ""recommendation"": ""Performance within normal operational variance.""}"
SYNTH-Q-002,Check doctor availability,check_doctor_availability,REL-101,v1.0.0,2026-07-02 02:34:00,11.13,11.2,44,8,6.96,1.39,d92063c67a1d5b2c,d92063c67a1d5b2c,0,idx_appt_doctor_date,OPTIMAL,3,CURRENT,NORMAL,NONE,release_deployment,NORMAL,OK,System performance within acceptable noise band.,Normal patient scheduling experience with zero delay.,"{""rule_triggered"": ""WITHIN_NOISE_BAND"", ""delta_pct"": -0.62, ""delta_ms"": -0.07, ""plan_diff"": ""NONE"", ""index_impact"": ""OPTIMAL"", ""recommendation"": ""Performance within normal operational variance.""}"
SYNTH-Q-003,Create appointment,create_appointment,REL-101,v1.0.0,2026-07-01 08:17:00,21.38,22.0,14,1,14.09,4.08,6334b72f6d2d33d6,6334b72f6d2d33d6,0,idx_appt_doctor_date_time,OPTIMAL,11,CURRENT,NORMAL,NONE,release_deployment,NORMAL,OK,System performance within acceptable noise band.,Normal patient scheduling experience with zero delay.,"{""rule_triggered"": ""WITHIN_NOISE_BAND"", ""delta_pct"": -2.82, ""delta_ms"": -0.62, ""plan_diff"": ""NONE"", ""index_impact"": ""OPTIMAL"", ""recommendation"": ""Performance within normal operational variance.""}"
SYNTH-Q-003,Create appointment,create_appointment,REL-101,v1.0.0,2026-07-01 10:49:00,23.13,22.0,15,1,15.25,4.42,6334b72f6d2d33d6,6334b72f6d2d33d6,0,idx_appt_doctor_date_time,OPTIMAL,4,CURRENT,LOW,NONE,release_deployment,NORMAL,OK,System performance within acceptable noise band.,Normal patient scheduling experience with zero delay.,"{""rule_triggered"": ""WITHIN_NOISE_BAND"", ""delta_pct"": 5.14, ""delta_ms"": 1.13, ""plan_diff"": ""NONE"", ""index_impact"": ""OPTIMAL"", ""recommendation"": ""Performance within normal operational variance.""}"
SYNTH-Q-003,Create appointment,create_appointment,REL-101,v1.0.0,2026-07-01 12:20:00,20.47,22.0,14,1,13.49,3.91,6334b72f6d2d33d6,6334b72f6d2d33d6,0,idx_appt_doctor_date_time,OPTIMAL,5,CURRENT,HIGH,NONE,release_deployment,NORMAL,OK,Slight concurrency queueing without plan degradation.,Imperceptible patient UI latency (<50ms shift); no booking hazard.,"{""rule_triggered"": ""FALSE_POSITIVE_GRACE_BAND"", ""delta_pct"": -6.95, ""delta_ms"": -1.53, ""plan_diff"": ""NONE - Query plan remains optimal index search"", ""index_impact"": ""OPTIMAL (no index drop)"", ""workload_effect"": ""Queue delay during HIGH workload"", ""recommendation"": ""Maintain baseline. No schema or query regression detected; transient queue latency.""}"
SYNTH-Q-003,Create appointment,create_appointment,REL-101,v1.0.0,2026-07-01 14:36:00,22.55,22.0,15,1,14.86,4.3,6334b72f6d2d33d6,6334b72f6d2d33d6,0,idx_appt_doctor_date_time,OPTIMAL,4,CURRENT,NORMAL,NONE,release_deployment,NORMAL,OK,System performance within acceptable noise band.,Normal patient scheduling experience with zero delay.,"{""rule_triggered"": ""WITHIN_NOISE_BAND"", ""delta_pct"": 2.5, ""delta_ms"": 0.55, ""plan_diff"": ""NONE"", ""index_impact"": ""OPTIMAL"", ""recommendation"": ""Performance within normal operational variance.""}"
SYNTH-Q-003,Create appointment,create_appointment,REL-101,v1.0.0,2026-07-01 16:25:00,21.17,22.0,14,1,13.95,4.04,6334b72f6d2d33d6,6334b72f6d2d33d6,0,idx_appt_doctor_date_time,OPTIMAL,3,CURRENT,HIGH,NONE,release_deployment,NORMAL,OK,Slight concurrency queueing without plan degradation.,Imperceptible patient UI latency (<50ms shift); no booking hazard.,"{""rule_triggered"": ""FALSE_POSITIVE_GRACE_BAND"", ""delta_pct"": -3.77, ""delta_ms"": -0.83, ""plan_diff"": ""NONE - Query plan remains optimal index search"", ""index_impact"": ""OPTIMAL (no index drop)"", ""workload_effect"": ""Queue delay during HIGH workload"", ""recommendation"": ""Maintain baseline. No schema or query regression detected; transient queue latency.""}"
SYNTH-Q-003,Create appointment,create_appointment,REL-101,v1.0.0,2026-07-01 18:15:00,22.3,22.0,15,1,14.7,4.26,6334b72f6d2d33d6,6334b72f6d2d33d6,0,idx_appt_doctor_date_time,OPTIMAL,12,CURRENT,NORMAL,NONE,release_deployment,NORMAL,OK,System performance within acceptable noise band.,Normal patient scheduling experience with zero delay.,"{""rule_triggered"": ""WITHIN_NOISE_BAND"", ""delta_pct"": 1.36, ""delta_ms"": 0.3, ""plan_diff"": ""NONE"", ""index_impact"": ""OPTIMAL"", ""recommendation"": ""Performance within normal operational variance.""}"
SYNTH-Q-003,Create appointment,create_appointment,REL-101,v1.0.0,2026-07-01 20:37:00,21.01,22.0,14,1,13.85,4.01,6334b72f6d2d33d6,6334b72f6d2d33d6,0,idx_appt_doctor_date_time,OPTIMAL,6,CURRENT,HIGH,NONE,release_deployment,NORMAL,OK,Slight concurrency queueing without plan degradation.,Imperceptible patient UI latency (<50ms shift); no booking hazard.,"{""rule_triggered"": ""FALSE_POSITIVE_GRACE_BAND"", ""delta_pct"": -4.5, ""delta_ms"": -0.99, ""plan_diff"": ""NONE - Query plan remains optimal index search"", ""index_impact"": ""OPTIMAL (no index drop)"", ""workload_effect"": ""Queue delay during HIGH workload"", ""recommendation"": ""Maintain baseline. No schema or query regression detected; transient queue latency.""}"
SYNTH-Q-003,Create appointment,create_appointment,REL-101,v1.0.0,2026-07-01 22:08:00,22.9,22.0,15,1,15.09,4.37,6334b72f6d2d33d6,6334b72f6d2d33d6,0,idx_appt_doctor_date_time,OPTIMAL,2,CURRENT,HIGH,NONE,release_deployment,NORMAL,OK,Slight concurrency queueing without plan degradation.,Imperceptible patient UI latency (<50ms shift); no booking hazard.,"{""rule_triggered"": ""FALSE_POSITIVE_GRACE_BAND"", ""delta_pct"": 4.09, ""delta_ms"": 0.9, ""plan_diff"": ""NONE - Query plan remains optimal index search"", ""index_impact"": ""OPTIMAL (no index drop)"", ""workload_effect"": ""Queue delay during HIGH workload"", ""recommendation"": ""Maintain baseline. No schema or query regression detected; transient queue latency.""}"
SYNTH-Q-003,Create appointment,create_appointment,REL-101,v1.0.0,2026-07-02 00:07:00,20.8,22.0,14,1,13.71,3.97,6334b72f6d2d33d6,6334b72f6d2d33d6,0,idx_appt_doctor_date_time,OPTIMAL,11,CURRENT,NORMAL,NONE,release_deployment,NORMAL,OK,System performance within acceptable noise band.,Normal patient scheduling experience with zero delay.,"{""rule_triggered"": ""WITHIN_NOISE_BAND"", ""delta_pct"": -5.45, ""delta_ms"": -1.2, ""plan_diff"": ""NONE"", ""index_impact"": ""OPTIMAL"", ""recommendation"": ""Performance within normal operational variance.""}"
SYNTH-Q-003,Create appointment,create_appointment,REL-101,v1.0.0,2026-07-02 02:43:00,20.46,22.0,14,1,13.49,3.91,6334b72f6d2d33d6,6334b72f6d2d33d6,0,idx_appt_doctor_date_time,OPTIMAL,10,CURRENT,HIGH,NONE,release_deployment,NORMAL,OK,Slight concurrency queueing without plan degradation.,Imperceptible patient UI latency (<50ms shift); no booking hazard.,"{""rule_triggered"": ""FALSE_POSITIVE_GRACE_BAND"", ""delta_pct"": -7.0, ""delta_ms"": -1.54, ""plan_diff"": ""NONE - Query plan remains optimal index search"", ""index_impact"": ""OPTIMAL (no index drop)"", ""workload_effect"": ""Queue delay during HIGH workload"", ""recommendation"": ""Maintain baseline. No schema or query regression detected; transient queue latency.""}"
SYNTH-Q-004,Verify whether an appointment slot is already booked,verify_slot_booked,REL-101,v1.0.0,2026-07-01 08:24:00,13.25,13.8,24,1,8.16,1.73,b1ad58e1033f203f,b1ad58e1033f203f,0,idx_appt_doctor_date_time_status,OPTIMAL,9,CURRENT,HIGH,NONE,release_deployment,NORMAL,OK,Slight concurrency queueing without plan degradation.,Imperceptible patient UI latency (<50ms shift); no booking hazard.,"{""rule_triggered"": ""FALSE_POSITIVE_GRACE_BAND"", ""delta_pct"": -3.99, ""delta_ms"": -0.55, ""plan_diff"": ""NONE - Query plan remains optimal index search"", ""index_impact"": ""OPTIMAL (no index drop)"", ""workload_effect"": ""Queue delay during HIGH workload"", ""recommendation"": ""Maintain baseline. No schema or query regression detected; transient queue latency.""}"
SYNTH-Q-004,Verify whether an appointment slot is already booked,verify_slot_booked,REL-101,v1.0.0,2026-07-01 10:35:00,14.29,13.8,25,1,8.8,1.86,b1ad58e1033f203f,b1ad58e1033f203f,0,idx_appt_doctor_date_time_status,OPTIMAL,11,CURRENT,LOW,NONE,release_deployment,NORMAL,OK,System performance within acceptable noise band.,Normal patient scheduling experience with zero delay.,"{""rule_triggered"": ""WITHIN_NOISE_BAND"", ""delta_pct"": 3.55, ""delta_ms"": 0.49, ""plan_diff"": ""NONE"", ""index_impact"": ""OPTIMAL"", ""recommendation"": ""Performance within normal operational variance.""}"
SYNTH-Q-004,Verify whether an appointment slot is already booked,verify_slot_booked,REL-101,v1.0.0,2026-07-01 12:43:00,14.11,13.8,25,1,8.69,1.84,b1ad58e1033f203f,b1ad58e1033f203f,0,idx_appt_doctor_date_time_status,OPTIMAL,13,CURRENT,NORMAL,NONE,release_deployment,NORMAL,OK,System performance within acceptable noise band.,Normal patient scheduling experience with zero delay.,"{""rule_triggered"": ""WITHIN_NOISE_BAND"", ""delta_pct"": 2.25, ""delta_ms"": 0.31, ""plan_diff"": ""NONE"", ""index_impact"": ""OPTIMAL"", ""recommendation"": ""Performance within normal operational variance.""}"
SYNTH-Q-004,Verify whether an appointment slot is already booked,verify_slot_booked,REL-101,v1.0.0,2026-07-01 14:07:00,13.05,13.8,24,1,8.04,1.7,b1ad58e1033f203f,b1ad58e1033f203f,0,idx_appt_doctor_date_time_status,OPTIMAL,7,CURRENT,NORMAL,NONE,release_deployment,NORMAL,OK,System performance within acceptable noise band.,Normal patient scheduling experience with zero delay.,"{""rule_triggered"": ""WITHIN_NOISE_BAND"", ""delta_pct"": -5.43, ""delta_ms"": -0.75, ""plan_diff"": ""NONE"", ""index_impact"": ""OPTIMAL"", ""recommendation"": ""Performance within normal operational variance.""}"
SYNTH-Q-004,Verify whether an appointment slot is already booked,verify_slot_booked,REL-101,v1.0.0,2026-07-01 16:00:00,14.38,13.8,25,1,8.86,1.88,b1ad58e1033f203f,b1ad58e1033f203f,0,idx_appt_doctor_date_time_status,OPTIMAL,9,CURRENT,NORMAL,NONE,release_deployment,NORMAL,OK,System performance within acceptable noise band.,Normal patient scheduling experience with zero delay.,"{""rule_triggered"": ""WITHIN_NOISE_BAND"", ""delta_pct"": 4.2, ""delta_ms"": 0.58, ""plan_diff"": ""NONE"", ""index_impact"": ""OPTIMAL"", ""recommendation"": ""Performance within normal operational variance.""}"
SYNTH-Q-004,Verify whether an appointment slot is already booked,verify_slot_booked,REL-101,v1.0.0,2026-07-01 18:32:00,14.08,13.8,25,1,8.67,1.84,b1ad58e1033f203f,b1ad58e1033f203f,0,idx_appt_doctor_date_time_status,OPTIMAL,14,CURRENT,LOW,NONE,release_deployment,NORMAL,OK,System performance within acceptable noise band.,Normal patient scheduling experience with zero delay.,"{""rule_triggered"": ""WITHIN_NOISE_BAND"", ""delta_pct"": 2.03, ""delta_ms"": 0.28, ""plan_diff"": ""NONE"", ""index_impact"": ""OPTIMAL"", ""recommendation"": ""Performance within normal operational variance.""}"
SYNTH-Q-004,Verify whether an appointment slot is already booked,verify_slot_booked,REL-101,v1.0.0,2026-07-01 20:40:00,13.52,13.8,24,1,8.33,1.76,b1ad58e1033f203f,b1ad58e1033f203f,0,idx_appt_doctor_date_time_status,OPTIMAL,3,CURRENT,NORMAL,NONE,release_deployment,NORMAL,OK,System performance within acceptable noise band.,Normal patient scheduling experience with zero delay.,"{""rule_triggered"": ""WITHIN_NOISE_BAND"", ""delta_pct"": -2.03, ""delta_ms"": -0.28, ""plan_diff"": ""NONE"", ""index_impact"": ""OPTIMAL"", ""recommendation"": ""Performance within normal operational variance.""}"
SYNTH-Q-004,Verify whether an appointment slot is already booked,verify_slot_booked,REL-101,v1.0.0,2026-07-01 22:10:00,13.41,13.8,24,1,8.26,1.75,b1ad58e1033f203f,b1ad58e1033f203f,0,idx_appt_doctor_date_time_status,OPTIMAL,10,CURRENT,LOW,NONE,release_deployment,NORMAL,OK,System performance within acceptable noise band.,Normal patient scheduling experience with zero delay.,"{""rule_triggered"": ""WITHIN_NOISE_BAND"", ""delta_pct"": -2.83, ""delta_ms"": -0.39, ""plan_diff"": ""NONE"", ""index_impact"": ""OPTIMAL"", ""recommendation"": ""Performance within normal operational variance.""}"
SYNTH-Q-004,Verify whether an appointment slot is already booked,verify_slot_booked,REL-101,v1.0.0,2026-07-02 00:01:00,14.64,13.8,25,1,9.02,1.91,b1ad58e1033f203f,b1ad58e1033f203f,0,idx_appt_doctor_date_time_status,OPTIMAL,6,CURRENT,LOW,NONE,release_deployment,NORMAL,OK,System performance within acceptable noise band.,Normal patient scheduling experience with zero delay.,"{""rule_triggered"": ""WITHIN_NOISE_BAND"", ""delta_pct"": 6.09, ""delta_ms"": 0.84, ""plan_diff"": ""NONE"", ""index_impact"": ""OPTIMAL"", ""recommendation"": ""Performance within normal operational variance.""}"
SYNTH-Q-004,Verify whether an appointment slot is already booked,verify_slot_booked,REL-101,v1.0.0,2026-07-02 02:19:00,13.23,13.8,24,1,8.15,1.73,b1ad58e1033f203f,b1ad58e1033f203f,0,idx_appt_doctor_date_time_status,OPTIMAL,1,CURRENT,NORMAL,NONE,release_deployment,NORMAL,OK,System performance within acceptable noise band.,Normal patient scheduling experience with zero delay.,"{""rule_triggered"": ""WITHIN_NOISE_BAND"", ""delta_pct"": -4.13, ""delta_ms"": -0.57, ""plan_diff"": ""NONE"", ""index_impact"": ""OPTIMAL"", ""recommendation"": ""Performance within normal operational variance.""}"
SYNTH-Q-005,Search appointments,search_appointments,REL-101,v1.0.0,2026-07-01 08:36:00,29.56,28.5,356,24,19.7,6.02,e76181d244fee67c,e76181d244fee67c,0,idx_appt_patient_date,OPTIMAL,2,CURRENT,LOW,NONE,release_deployment,NORMAL,OK,System performance within acceptable noise band.,Normal patient scheduling experience with zero delay.,"{""rule_triggered"": ""WITHIN_NOISE_BAND"", ""delta_pct"": 3.72, ""delta_ms"": 1.06, ""plan_diff"": ""NONE"", ""index_impact"": ""OPTIMAL"", ""recommendation"": ""Performance within normal operational variance.""}"
SYNTH-Q-005,Search appointments,search_appointments,REL-101,v1.0.0,2026-07-01 10:04:00,29.23,28.5,354,24,19.49,5.95,e76181d244fee67c,e76181d244fee67c,0,idx_appt_patient_date,OPTIMAL,3,CURRENT,NORMAL,NONE,release_deployment,NORMAL,OK,System performance within acceptable noise band.,Normal patient scheduling experience with zero delay.,"{""rule_triggered"": ""WITHIN_NOISE_BAND"", ""delta_pct"": 2.56, ""delta_ms"": 0.73, ""plan_diff"": ""NONE"", ""index_impact"": ""OPTIMAL"", ""recommendation"": ""Performance within normal operational variance.""}"
SYNTH-Q-005,Search appointments,search_appointments,REL-101,v1.0.0,2026-07-01 12:35:00,28.63,28.5,350,24,19.08,5.83,e76181d244fee67c,e76181d244fee67c,0,idx_appt_patient_date,OPTIMAL,5,CURRENT,NORMAL,NONE,release_deployment,NORMAL,OK,System performance within acceptable noise band.,Normal patient scheduling experience with zero delay.,"{""rule_triggered"": ""WITHIN_NOISE_BAND"", ""delta_pct"": 0.46, ""delta_ms"": 0.13, ""plan_diff"": ""NONE"", ""index_impact"": ""OPTIMAL"", ""recommendation"": ""Performance within normal operational variance.""}"
SYNTH-Q-005,Search appointments,search_appointments,REL-101,v1.0.0,2026-07-01 14:38:00,30.46,28.5,362,24,20.3,6.2,e76181d244fee67c,e76181d244fee67c,0,idx_appt_patient_date,OPTIMAL,4,CURRENT,HIGH,NONE,release_deployment,NORMAL,OK,Slight concurrency queueing without plan degradation.,Imperceptible patient UI latency (<50ms shift); no booking hazard.,"{""rule_triggered"": ""FALSE_POSITIVE_GRACE_BAND"", ""delta_pct"": 6.88, ""delta_ms"": 1.96, ""plan_diff"": ""NONE - Query plan remains optimal index search"", ""index_impact"": ""OPTIMAL (no index drop)"", ""workload_effect"": ""Queue delay during HIGH workload"", ""recommendation"": ""Maintain baseline. No schema or query regression detected; transient queue latency.""}"
SYNTH-Q-005,Search appointments,search_appointments,REL-101,v1.0.0,2026-07-01 16:48:00,27.64,28.5,344,24,18.43,5.63,e76181d244fee67c,e76181d244fee67c,0,idx_appt_patient_date,OPTIMAL,12,CURRENT,NORMAL,NONE,release_deployment,NORMAL,OK,System performance within acceptable noise band.,Normal patient scheduling experience with zero delay.,"{""rule_triggered"": ""WITHIN_NOISE_BAND"", ""delta_pct"": -3.02, ""delta_ms"": -0.86, ""plan_diff"": ""NONE"", ""index_impact"": ""OPTIMAL"", ""recommendation"": ""Performance within normal operational variance.""}"
SYNTH-Q-005,Search appointments,search_appointments,REL-101,v1.0.0,2026-07-01 18:42:00,30.32,28.5,361,24,20.21,6.17,e76181d244fee67c,e76181d244fee67c,0,idx_appt_patient_date,OPTIMAL,8,CURRENT,NORMAL,NONE,release_deployment,NORMAL,OK,System performance within acceptable noise band.,Normal patient scheduling experience with zero delay.,"{""rule_triggered"": ""WITHIN_NOISE_BAND"", ""delta_pct"": 6.39, ""delta_ms"": 1.82, ""plan_diff"": ""NONE"", ""index_impact"": ""OPTIMAL"", ""recommendation"": ""Performance within normal operational variance.""}"
SYNTH-Q-005,Search appointments,search_appointments,REL-101,v1.0.0,2026-07-01 20:28:00,27.24,28.5,342,24,18.16,5.54,e76181d244fee67c,e76181d244fee67c,0,idx_appt_patient_date,OPTIMAL,4,CURRENT,LOW,NONE,release_deployment,NORMAL,OK,System performance within acceptable noise band.,Normal patient scheduling experience with zero delay.,"{""rule_triggered"": ""WITHIN_NOISE_BAND"", ""delta_pct"": -4.42, ""delta_ms"": -1.26, ""plan_diff"": ""NONE"", ""index_impact"": ""OPTIMAL"", ""recommendation"": ""Performance within normal operational variance.""}"
SYNTH-Q-005,Search appointments,search_appointments,REL-101,v1.0.0,2026-07-01 22:21:00,28.75,28.5,351,24,19.16,5.85,e76181d244fee67c,e76181d244fee67c,0,idx_appt_patient_date,OPTIMAL,10,CURRENT,LOW,NONE,release_deployment,NORMAL,OK,System performance within acceptable noise band.,Normal patient scheduling experience with zero delay.,"{""rule_triggered"": ""WITHIN_NOISE_BAND"", ""delta_pct"": 0.88, ""delta_ms"": 0.25, ""plan_diff"": ""NONE"", ""index_impact"": ""OPTIMAL"", ""recommendation"": ""Performance within normal operational variance.""}"
SYNTH-Q-005,Search appointments,search_appointments,REL-101,v1.0.0,2026-07-02 00:37:00,26.54,28.5,337,24,17.7,5.4,e76181d244fee67c,e76181d244fee67c,0,idx_appt_patient_date,OPTIMAL,1,CURRENT,NORMAL,NONE,release_deployment,NORMAL,OK,System performance within acceptable noise band.,Normal patient scheduling experience with zero delay.,"{""rule_triggered"": ""WITHIN_NOISE_BAND"", ""delta_pct"": -6.88, ""delta_ms"": -1.96, ""plan_diff"": ""NONE"", ""index_impact"": ""OPTIMAL"", ""recommendation"": ""Performance within normal operational variance.""}"
SYNTH-Q-005,Search appointments,search_appointments,REL-101,v1.0.0,2026-07-02 02:40:00,26.53,28.5,337,24,17.68,5.4,e76181d244fee67c,e76181d244fee67c,0,idx_appt_patient_date,OPTIMAL,4,CURRENT,LOW,NONE,release_deployment,NORMAL,OK,System performance within acceptable noise band.,Normal patient scheduling experience with zero delay.,"{""rule_triggered"": ""WITHIN_NOISE_BAND"", ""delta_pct"": -6.91, ""delta_ms"": -1.97, ""plan_diff"": ""NONE"", ""index_impact"": ""OPTIMAL"", ""recommendation"": ""Performance within normal operational variance.""}"
SYNTH-Q-006,Update appointment status,update_appointment_status,REL-101,v1.0.0,2026-07-01 08:02:00,16.44,16.4,1,1,10.22,3.11,d54f2bccb838a972,d54f2bccb838a972,0,idx_appt_pk,OPTIMAL,2,CURRENT,NORMAL,NONE,release_deployment,NORMAL,OK,System performance within acceptable noise band.,Normal patient scheduling experience with zero delay.,"{""rule_triggered"": ""WITHIN_NOISE_BAND"", ""delta_pct"": 0.24, ""delta_ms"": 0.04, ""plan_diff"": ""NONE"", ""index_impact"": ""OPTIMAL"", ""recommendation"": ""Performance within normal operational variance.""}"
SYNTH-Q-006,Update appointment status,update_appointment_status,REL-101,v1.0.0,2026-07-01 10:17:00,16.5,16.4,1,1,10.26,3.12,d54f2bccb838a972,d54f2bccb838a972,0,idx_appt_pk,OPTIMAL,4,CURRENT,HIGH,NONE,release_deployment,NORMAL,OK,Slight concurrency queueing without plan degradation.,Imperceptible patient UI latency (<50ms shift); no booking hazard.,"{""rule_triggered"": ""FALSE_POSITIVE_GRACE_BAND"", ""delta_pct"": 0.61, ""delta_ms"": 0.1, ""plan_diff"": ""NONE - Query plan remains optimal index search"", ""index_impact"": ""OPTIMAL (no index drop)"", ""workload_effect"": ""Queue delay during HIGH workload"", ""recommendation"": ""Maintain baseline. No schema or query regression detected; transient queue latency.""}"
SYNTH-Q-006,Update appointment status,update_appointment_status,REL-101,v1.0.0,2026-07-01 12:46:00,17.15,16.4,1,1,10.66,3.24,d54f2bccb838a972,d54f2bccb838a972,0,idx_appt_pk,OPTIMAL,4,CURRENT,HIGH,NONE,release_deployment,NORMAL,OK,Slight concurrency queueing without plan degradation.,Imperceptible patient UI latency (<50ms shift); no booking hazard.,"{""rule_triggered"": ""FALSE_POSITIVE_GRACE_BAND"", ""delta_pct"": 4.57, ""delta_ms"": 0.75, ""plan_diff"": ""NONE - Query plan remains optimal index search"", ""index_impact"": ""OPTIMAL (no index drop)"", ""workload_effect"": ""Queue delay during HIGH workload"", ""recommendation"": ""Maintain baseline. No schema or query regression detected; transient queue latency.""}"
SYNTH-Q-006,Update appointment status,update_appointment_status,REL-101,v1.0.0,2026-07-01 14:26:00,15.34,16.4,0,1,9.54,2.9,d54f2bccb838a972,d54f2bccb838a972,0,idx_appt_pk,OPTIMAL,2,CURRENT,NORMAL,NONE,release_deployment,NORMAL,OK,System performance within acceptable noise band.,Normal patient scheduling experience with zero delay.,"{""rule_triggered"": ""WITHIN_NOISE_BAND"", ""delta_pct"": -6.46, ""delta_ms"": -1.06, ""plan_diff"": ""NONE"", ""index_impact"": ""OPTIMAL"", ""recommendation"": ""Performance within normal operational variance.""}"
SYNTH-Q-006,Update appointment status,update_appointment_status,REL-101,v1.0.0,2026-07-01 16:27:00,16.17,16.4,0,1,10.05,3.06,d54f2bccb838a972,d54f2bccb838a972,0,idx_appt_pk,OPTIMAL,7,CURRENT,NORMAL,NONE,release_deployment,NORMAL,OK,System performance within acceptable noise band.,Normal patient scheduling experience with zero delay.,"{""rule_triggered"": ""WITHIN_NOISE_BAND"", ""delta_pct"": -1.4, ""delta_ms"": -0.23, ""plan_diff"": ""NONE"", ""index_impact"": ""OPTIMAL"", ""recommendation"": ""Performance within normal operational variance.""}"
SYNTH-Q-006,Update appointment status,update_appointment_status,REL-101,v1.0.0,2026-07-01 18:46:00,16.8,16.4,1,1,10.45,3.18,d54f2bccb838a972,d54f2bccb838a972,0,idx_appt_pk,OPTIMAL,11,CURRENT,LOW,NONE,release_deployment,NORMAL,OK,System performance within acceptable noise band.,Normal patient scheduling experience with zero delay.,"{""rule_triggered"": ""WITHIN_NOISE_BAND"", ""delta_pct"": 2.44, ""delta_ms"": 0.4, ""plan_diff"": ""NONE"", ""index_impact"": ""OPTIMAL"", ""recommendation"": ""Performance within normal operational variance.""}"
SYNTH-Q-006,Update appointment status,update_appointment_status,REL-101,v1.0.0,2026-07-01 20:41:00,16.14,16.4,0,1,10.04,3.05,d54f2bccb838a972,d54f2bccb838a972,0,idx_appt_pk,OPTIMAL,1,CURRENT,LOW,NONE,release_deployment,NORMAL,OK,System performance within acceptable noise band.,Normal patient scheduling experience with zero delay.,"{""rule_triggered"": ""WITHIN_NOISE_BAND"", ""delta_pct"": -1.59, ""delta_ms"": -0.26, ""plan_diff"": ""NONE"", ""index_impact"": ""OPTIMAL"", ""recommendation"": ""Performance within normal operational variance.""}"
SYNTH-Q-006,Update appointment status,update_appointment_status,REL-101,v1.0.0,2026-07-01 22:21:00,15.59,16.4,0,1,9.7,2.95,d54f2bccb838a972,d54f2bccb838a972,0,idx_appt_pk,OPTIMAL,4,CURRENT,LOW,NONE,release_deployment,NORMAL,OK,System performance within acceptable noise band.,Normal patient scheduling experience with zero delay.,"{""rule_triggered"": ""WITHIN_NOISE_BAND"", ""delta_pct"": -4.94, ""delta_ms"": -0.81, ""plan_diff"": ""NONE"", ""index_impact"": ""OPTIMAL"", ""recommendation"": ""Performance within normal operational variance.""}"
SYNTH-Q-006,Update appointment status,update_appointment_status,REL-101,v1.0.0,2026-07-02 00:34:00,16.2,16.4,0,1,10.07,3.06,d54f2bccb838a972,d54f2bccb838a972,0,idx_appt_pk,OPTIMAL,3,CURRENT,HIGH,NONE,release_deployment,NORMAL,OK,Slight concurrency queueing without plan degradation.,Imperceptible patient UI latency (<50ms shift); no booking hazard.,"{""rule_triggered"": ""FALSE_POSITIVE_GRACE_BAND"", ""delta_pct"": -1.22, ""delta_ms"": -0.2, ""plan_diff"": ""NONE - Query plan remains optimal index search"", ""index_impact"": ""OPTIMAL (no index drop)"", ""workload_effect"": ""Queue delay during HIGH workload"", ""recommendation"": ""Maintain baseline. No schema or query regression detected; transient queue latency.""}"
SYNTH-Q-006,Update appointment status,update_appointment_status,REL-101,v1.0.0,2026-07-02 02:17:00,17.38,16.4,1,1,10.81,3.29,d54f2bccb838a972,d54f2bccb838a972,0,idx_appt_pk,OPTIMAL,4,CURRENT,HIGH,NONE,release_deployment,NORMAL,OK,Slight concurrency queueing without plan degradation.,Imperceptible patient UI latency (<50ms shift); no booking hazard.,"{""rule_triggered"": ""FALSE_POSITIVE_GRACE_BAND"", ""delta_pct"": 5.98, ""delta_ms"": 0.98, ""plan_diff"": ""NONE - Query plan remains optimal index search"", ""index_impact"": ""OPTIMAL (no index drop)"", ""workload_effect"": ""Queue delay during HIGH workload"", ""recommendation"": ""Maintain baseline. No schema or query regression detected; transient queue latency.""}"
SYNTH-Q-007,Cancel appointment,cancel_appointment,REL-101,v1.0.0,2026-07-01 08:04:00,15.97,15.1,1,1,10.05,3.07,d54f2bccb838a972,d54f2bccb838a972,0,idx_appt_pk,OPTIMAL,13,CURRENT,HIGH,NONE,release_deployment,NORMAL,OK,Slight concurrency queueing without plan degradation.,Imperceptible patient UI latency (<50ms shift); no booking hazard.,"{""rule_triggered"": ""FALSE_POSITIVE_GRACE_BAND"", ""delta_pct"": 5.76, ""delta_ms"": 0.87, ""plan_diff"": ""NONE - Query plan remains optimal index search"", ""index_impact"": ""OPTIMAL (no index drop)"", ""workload_effect"": ""Queue delay during HIGH workload"", ""recommendation"": ""Maintain baseline. No schema or query regression detected; transient queue latency.""}"
SYNTH-Q-007,Cancel appointment,cancel_appointment,REL-101,v1.0.0,2026-07-01 10:35:00,15.47,15.1,1,1,9.73,2.97,d54f2bccb838a972,d54f2bccb838a972,0,idx_appt_pk,OPTIMAL,1,CURRENT,LOW,NONE,release_deployment,NORMAL,OK,System performance within acceptable noise band.,Normal patient scheduling experience with zero delay.,"{""rule_triggered"": ""WITHIN_NOISE_BAND"", ""delta_pct"": 2.45, ""delta_ms"": 0.37, ""plan_diff"": ""NONE"", ""index_impact"": ""OPTIMAL"", ""recommendation"": ""Performance within normal operational variance.""}"
SYNTH-Q-007,Cancel appointment,cancel_appointment,REL-101,v1.0.0,2026-07-01 12:34:00,16.13,15.1,1,1,10.15,3.1,d54f2bccb838a972,d54f2bccb838a972,0,idx_appt_pk,OPTIMAL,2,CURRENT,LOW,NONE,release_deployment,NORMAL,OK,System performance within acceptable noise band.,Normal patient scheduling experience with zero delay.,"{""rule_triggered"": ""WITHIN_NOISE_BAND"", ""delta_pct"": 6.82, ""delta_ms"": 1.03, ""plan_diff"": ""NONE"", ""index_impact"": ""OPTIMAL"", ""recommendation"": ""Performance within normal operational variance.""}"
SYNTH-Q-007,Cancel appointment,cancel_appointment,REL-101,v1.0.0,2026-07-01 14:15:00,15.07,15.1,0,1,9.48,2.89,d54f2bccb838a972,d54f2bccb838a972,0,idx_appt_pk,OPTIMAL,7,CURRENT,NORMAL,NONE,release_deployment,NORMAL,OK,System performance within acceptable noise band.,Normal patient scheduling experience with zero delay.,"{""rule_triggered"": ""WITHIN_NOISE_BAND"", ""delta_pct"": -0.2, ""delta_ms"": -0.03, ""plan_diff"": ""NONE"", ""index_impact"": ""OPTIMAL"", ""recommendation"": ""Performance within normal operational variance.""}"
SYNTH-Q-007,Cancel appointment,cancel_appointment,REL-101,v1.0.0,2026-07-01 16:13:00,14.29,15.1,0,1,8.99,2.74,d54f2bccb838a972,d54f2bccb838a972,0,idx_appt_pk,OPTIMAL,1,CURRENT,HIGH,NONE,release_deployment,NORMAL,OK,Slight concurrency queueing without plan degradation.,Imperceptible patient UI latency (<50ms shift); no booking hazard.,"{""rule_triggered"": ""FALSE_POSITIVE_GRACE_BAND"", ""delta_pct"": -5.36, ""delta_ms"": -0.81, ""plan_diff"": ""NONE - Query plan remains optimal index search"", ""index_impact"": ""OPTIMAL (no index drop)"", ""workload_effect"": ""Queue delay during HIGH workload"", ""recommendation"": ""Maintain baseline. No schema or query regression detected; transient queue latency.""}"
SYNTH-Q-007,Cancel appointment,cancel_appointment,REL-101,v1.0.0,2026-07-01 18:00:00,16.13,15.1,1,1,10.15,3.1,d54f2bccb838a972,d54f2bccb838a972,0,idx_appt_pk,OPTIMAL,5,CURRENT,HIGH,NONE,release_deployment,NORMAL,OK,Slight concurrency queueing without plan degradation.,Imperceptible patient UI latency (<50ms shift); no booking hazard.,"{""rule_triggered"": ""FALSE_POSITIVE_GRACE_BAND"", ""delta_pct"": 6.82, ""delta_ms"": 1.03, ""plan_diff"": ""NONE - Query plan remains optimal index search"", ""index_impact"": ""OPTIMAL (no index drop)"", ""workload_effect"": ""Queue delay during HIGH workload"", ""recommendation"": ""Maintain baseline. No schema or query regression detected; transient queue latency.""}"
SYNTH-Q-007,Cancel appointment,cancel_appointment,REL-101,v1.0.0,2026-07-01 20:50:00,14.91,15.1,0,1,9.38,2.86,d54f2bccb838a972,d54f2bccb838a972,0,idx_appt_pk,OPTIMAL,5,CURRENT,HIGH,NONE,release_deployment,NORMAL,OK,Slight concurrency queueing without plan degradation.,Imperceptible patient UI latency (<50ms shift); no booking hazard.,"{""rule_triggered"": ""FALSE_POSITIVE_GRACE_BAND"", ""delta_pct"": -1.26, ""delta_ms"": -0.19, ""plan_diff"": ""NONE - Query plan remains optimal index search"", ""index_impact"": ""OPTIMAL (no index drop)"", ""workload_effect"": ""Queue delay during HIGH workload"", ""recommendation"": ""Maintain baseline. No schema or query regression detected; transient queue latency.""}"
SYNTH-Q-007,Cancel appointment,cancel_appointment,REL-101,v1.0.0,2026-07-01 22:46:00,14.35,15.1,0,1,9.03,2.76,d54f2bccb838a972,d54f2bccb838a972,0,idx_appt_pk,OPTIMAL,3,CURRENT,HIGH,NONE,release_deployment,NORMAL,OK,Slight concurrency queueing without plan degradation.,Imperceptible patient UI latency (<50ms shift); no booking hazard.,"{""rule_triggered"": ""FALSE_POSITIVE_GRACE_BAND"", ""delta_pct"": -4.97, ""delta_ms"": -0.75, ""plan_diff"": ""NONE - Query plan remains optimal index search"", ""index_impact"": ""OPTIMAL (no index drop)"", ""workload_effect"": ""Queue delay during HIGH workload"", ""recommendation"": ""Maintain baseline. No schema or query regression detected; transient queue latency.""}"
SYNTH-Q-007,Cancel appointment,cancel_appointment,REL-101,v1.0.0,2026-07-02 00:13:00,15.67,15.1,1,1,9.86,3.01,d54f2bccb838a972,d54f2bccb838a972,0,idx_appt_pk,OPTIMAL,10,CURRENT,LOW,NONE,release_deployment,NORMAL,OK,System performance within acceptable noise band.,Normal patient scheduling experience with zero delay.,"{""rule_triggered"": ""WITHIN_NOISE_BAND"", ""delta_pct"": 3.77, ""delta_ms"": 0.57, ""plan_diff"": ""NONE"", ""index_impact"": ""OPTIMAL"", ""recommendation"": ""Performance within normal operational variance.""}"
SYNTH-Q-007,Cancel appointment,cancel_appointment,REL-101,v1.0.0,2026-07-02 02:03:00,14.01,15.1,0,1,8.82,2.69,d54f2bccb838a972,d54f2bccb838a972,0,idx_appt_pk,OPTIMAL,1,CURRENT,NORMAL,NONE,release_deployment,NORMAL,OK,System performance within acceptable noise band.,Normal patient scheduling experience with zero delay.,"{""rule_triggered"": ""WITHIN_NOISE_BAND"", ""delta_pct"": -7.22, ""delta_ms"": -1.09, ""plan_diff"": ""NONE"", ""index_impact"": ""OPTIMAL"", ""recommendation"": ""Performance within normal operational variance.""}"
SYNTH-Q-008,Retrieve doctor schedule,retrieve_doctor_schedule,REL-101,v1.0.0,2026-07-01 08:30:00,19.54,18.2,93,16,12.24,2.79,d92063c67a1d5b2c,d92063c67a1d5b2c,0,idx_appt_doctor_date,OPTIMAL,1,CURRENT,NORMAL,NONE,release_deployment,NORMAL,OK,System performance within acceptable noise band.,Normal patient scheduling experience with zero delay.,"{""rule_triggered"": ""WITHIN_NOISE_BAND"", ""delta_pct"": 7.36, ""delta_ms"": 1.34, ""plan_diff"": ""NONE"", ""index_impact"": ""OPTIMAL"", ""recommendation"": ""Performance within normal operational variance.""}"
SYNTH-Q-008,Retrieve doctor schedule,retrieve_doctor_schedule,REL-101,v1.0.0,2026-07-01 10:05:00,18.48,18.2,90,16,11.57,2.64,d92063c67a1d5b2c,d92063c67a1d5b2c,0,idx_appt_doctor_date,OPTIMAL,2,CURRENT,NORMAL,NONE,release_deployment,NORMAL,OK,System performance within acceptable noise band.,Normal patient scheduling experience with zero delay.,"{""rule_triggered"": ""WITHIN_NOISE_BAND"", ""delta_pct"": 1.54, ""delta_ms"": 0.28, ""plan_diff"": ""NONE"", ""index_impact"": ""OPTIMAL"", ""recommendation"": ""Performance within normal operational variance.""}"
SYNTH-Q-008,Retrieve doctor schedule,retrieve_doctor_schedule,REL-101,v1.0.0,2026-07-01 12:43:00,17.09,18.2,87,16,10.71,2.44,d92063c67a1d5b2c,d92063c67a1d5b2c,0,idx_appt_doctor_date,OPTIMAL,7,CURRENT,NORMAL,NONE,release_deployment,NORMAL,OK,System performance within acceptable noise band.,Normal patient scheduling experience with zero delay.,"{""rule_triggered"": ""WITHIN_NOISE_BAND"", ""delta_pct"": -6.1, ""delta_ms"": -1.11, ""plan_diff"": ""NONE"", ""index_impact"": ""OPTIMAL"", ""recommendation"": ""Performance within normal operational variance.""}"
SYNTH-Q-008,Retrieve doctor schedule,retrieve_doctor_schedule,REL-101,v1.0.0,2026-07-01 14:36:00,18.48,18.2,90,16,11.57,2.64,d92063c67a1d5b2c,d92063c67a1d5b2c,0,idx_appt_doctor_date,OPTIMAL,10,CURRENT,NORMAL,NONE,release_deployment,NORMAL,OK,System performance within acceptable noise band.,Normal patient scheduling experience with zero delay.,"{""rule_triggered"": ""WITHIN_NOISE_BAND"", ""delta_pct"": 1.54, ""delta_ms"": 0.28, ""plan_diff"": ""NONE"", ""index_impact"": ""OPTIMAL"", ""recommendation"": ""Performance within normal operational variance.""}"
SYNTH-Q-008,Retrieve doctor schedule,retrieve_doctor_schedule,REL-101,v1.0.0,2026-07-01 16:39:00,18.66,18.2,91,16,11.69,2.67,d92063c67a1d5b2c,d92063c67a1d5b2c,0,idx_appt_doctor_date,OPTIMAL,7,CURRENT,LOW,NONE,release_deployment,NORMAL,OK,System performance within acceptable noise band.,Normal patient scheduling experience with zero delay.,"{""rule_triggered"": ""WITHIN_NOISE_BAND"", ""delta_pct"": 2.53, ""delta_ms"": 0.46, ""plan_diff"": ""NONE"", ""index_impact"": ""OPTIMAL"", ""recommendation"": ""Performance within normal operational variance.""}"
SYNTH-Q-008,Retrieve doctor schedule,retrieve_doctor_schedule,REL-101,v1.0.0,2026-07-01 18:36:00,17.34,18.2,87,16,10.86,2.48,d92063c67a1d5b2c,d92063c67a1d5b2c,0,idx_appt_doctor_date,OPTIMAL,5,CURRENT,NORMAL,NONE,release_deployment,NORMAL,OK,System performance within acceptable noise band.,Normal patient scheduling experience with zero delay.,"{""rule_triggered"": ""WITHIN_NOISE_BAND"", ""delta_pct"": -4.73, ""delta_ms"": -0.86, ""plan_diff"": ""NONE"", ""index_impact"": ""OPTIMAL"", ""recommendation"": ""Performance within normal operational variance.""}"
SYNTH-Q-008,Retrieve doctor schedule,retrieve_doctor_schedule,REL-101,v1.0.0,2026-07-01 20:45:00,17.52,18.2,88,16,10.97,2.5,d92063c67a1d5b2c,d92063c67a1d5b2c,0,idx_appt_doctor_date,OPTIMAL,4,CURRENT,NORMAL,NONE,release_deployment,NORMAL,OK,System performance within acceptable noise band.,Normal patient scheduling experience with zero delay.,"{""rule_triggered"": ""WITHIN_NOISE_BAND"", ""delta_pct"": -3.74, ""delta_ms"": -0.68, ""plan_diff"": ""NONE"", ""index_impact"": ""OPTIMAL"", ""recommendation"": ""Performance within normal operational variance.""}"
SYNTH-Q-008,Retrieve doctor schedule,retrieve_doctor_schedule,REL-101,v1.0.0,2026-07-01 22:08:00,17.66,18.2,88,16,11.06,2.52,d92063c67a1d5b2c,d92063c67a1d5b2c,0,idx_appt_doctor_date,OPTIMAL,8,CURRENT,NORMAL,NONE,release_deployment,NORMAL,OK,System performance within acceptable noise band.,Normal patient scheduling experience with zero delay.,"{""rule_triggered"": ""WITHIN_NOISE_BAND"", ""delta_pct"": -2.97, ""delta_ms"": -0.54, ""plan_diff"": ""NONE"", ""index_impact"": ""OPTIMAL"", ""recommendation"": ""Performance within normal operational variance.""}"
SYNTH-Q-008,Retrieve doctor schedule,retrieve_doctor_schedule,REL-101,v1.0.0,2026-07-02 00:48:00,18.08,18.2,89,16,11.32,2.58,d92063c67a1d5b2c,d92063c67a1d5b2c,0,idx_appt_doctor_date,OPTIMAL,1,CURRENT,LOW,NONE,release_deployment,NORMAL,OK,System performance within acceptable noise band.,Normal patient scheduling experience with zero delay.,"{""rule_triggered"": ""WITHIN_NOISE_BAND"", ""delta_pct"": -0.66, ""delta_ms"": -0.12, ""plan_diff"": ""NONE"", ""index_impact"": ""OPTIMAL"", ""recommendation"": ""Performance within normal operational variance.""}"
SYNTH-Q-008,Retrieve doctor schedule,retrieve_doctor_schedule,REL-101,v1.0.0,2026-07-02 02:36:00,18.31,18.2,90,16,11.47,2.62,d92063c67a1d5b2c,d92063c67a1d5b2c,0,idx_appt_doctor_date,OPTIMAL,2,CURRENT,LOW,NONE,release_deployment,NORMAL,OK,System performance within acceptable noise band.,Normal patient scheduling experience with zero delay.,"{""rule_triggered"": ""WITHIN_NOISE_BAND"", ""delta_pct"": 0.6, ""delta_ms"": 0.11, ""plan_diff"": ""NONE"", ""index_impact"": ""OPTIMAL"", ""recommendation"": ""Performance within normal operational variance.""}"
SYNTH-Q-009,Retrieve department schedule,retrieve_department_schedule,REL-101,v1.0.0,2026-07-01 08:32:00,37.43,35.0,496,65,25.13,7.27,364020380f4bd7af,364020380f4bd7af,0,idx_appt_dept_date,OPTIMAL,3,CURRENT,NORMAL,NONE,release_deployment,NORMAL,OK,System performance within acceptable noise band.,Normal patient scheduling experience with zero delay.,"{""rule_triggered"": ""WITHIN_NOISE_BAND"", ""delta_pct"": 6.94, ""delta_ms"": 2.43, ""plan_diff"": ""NONE"", ""index_impact"": ""OPTIMAL"", ""recommendation"": ""Performance within normal operational variance.""}"
SYNTH-Q-009,Retrieve department schedule,retrieve_department_schedule,REL-101,v1.0.0,2026-07-01 10:04:00,33.8,35.0,471,65,22.69,6.57,364020380f4bd7af,364020380f4bd7af,0,idx_appt_dept_date,OPTIMAL,6,CURRENT,NORMAL,NONE,release_deployment,NORMAL,OK,System performance within acceptable noise band.,Normal patient scheduling experience with zero delay.,"{""rule_triggered"": ""WITHIN_NOISE_BAND"", ""delta_pct"": -3.43, ""delta_ms"": -1.2, ""plan_diff"": ""NONE"", ""index_impact"": ""OPTIMAL"", ""recommendation"": ""Performance within normal operational variance.""}"
SYNTH-Q-009,Retrieve department schedule,retrieve_department_schedule,REL-101,v1.0.0,2026-07-01 12:28:00,37.71,35.0,498,65,25.32,7.33,364020380f4bd7af,364020380f4bd7af,0,idx_appt_dept_date,OPTIMAL,10,CURRENT,NORMAL,NONE,release_deployment,NORMAL,OK,System performance within acceptable noise band.,Normal patient scheduling experience with zero delay.,"{""rule_triggered"": ""WITHIN_NOISE_BAND"", ""delta_pct"": 7.74, ""delta_ms"": 2.71, ""plan_diff"": ""NONE"", ""index_impact"": ""OPTIMAL"", ""recommendation"": ""Performance within normal operational variance.""}"
SYNTH-Q-009,Retrieve department schedule,retrieve_department_schedule,REL-101,v1.0.0,2026-07-01 14:41:00,36.78,35.0,492,65,24.69,7.15,364020380f4bd7af,364020380f4bd7af,0,idx_appt_dept_date,OPTIMAL,11,CURRENT,LOW,NONE,release_deployment,NORMAL,OK,System performance within acceptable noise band.,Normal patient scheduling experience with zero delay.,"{""rule_triggered"": ""WITHIN_NOISE_BAND"", ""delta_pct"": 5.09, ""delta_ms"": 1.78, ""plan_diff"": ""NONE"", ""index_impact"": ""OPTIMAL"", ""recommendation"": ""Performance within normal operational variance.""}"
SYNTH-Q-009,Retrieve department schedule,retrieve_department_schedule,REL-101,v1.0.0,2026-07-01 16:19:00,33.68,35.0,470,65,22.61,6.54,364020380f4bd7af,364020380f4bd7af,0,idx_appt_dept_date,OPTIMAL,3,CURRENT,LOW,NONE,release_deployment,NORMAL,OK,System performance within acceptable noise band.,Normal patient scheduling experience with zero delay.,"{""rule_triggered"": ""WITHIN_NOISE_BAND"", ""delta_pct"": -3.77, ""delta_ms"": -1.32, ""plan_diff"": ""NONE"", ""index_impact"": ""OPTIMAL"", ""recommendation"": ""Performance within normal operational variance.""}"
SYNTH-Q-009,Retrieve department schedule,retrieve_department_schedule,REL-101,v1.0.0,2026-07-01 18:06:00,33.78,35.0,471,65,22.68,6.56,364020380f4bd7af,364020380f4bd7af,0,idx_appt_dept_date,OPTIMAL,5,CURRENT,NORMAL,NONE,release_deployment,NORMAL,OK,System performance within acceptable noise band.,Normal patient scheduling experience with zero delay.,"{""rule_triggered"": ""WITHIN_NOISE_BAND"", ""delta_pct"": -3.49, ""delta_ms"": -1.22, ""plan_diff"": ""NONE"", ""index_impact"": ""OPTIMAL"", ""recommendation"": ""Performance within normal operational variance.""}"
SYNTH-Q-009,Retrieve department schedule,retrieve_department_schedule,REL-101,v1.0.0,2026-07-01 20:13:00,36.05,35.0,487,65,24.2,7.0,364020380f4bd7af,364020380f4bd7af,0,idx_appt_dept_date,OPTIMAL,4,CURRENT,NORMAL,NONE,release_deployment,NORMAL,OK,System performance within acceptable noise band.,Normal patient scheduling experience with zero delay.,"{""rule_triggered"": ""WITHIN_NOISE_BAND"", ""delta_pct"": 3.0, ""delta_ms"": 1.05, ""plan_diff"": ""NONE"", ""index_impact"": ""OPTIMAL"", ""recommendation"": ""Performance within normal operational variance.""}"
SYNTH-Q-009,Retrieve department schedule,retrieve_department_schedule,REL-101,v1.0.0,2026-07-01 22:16:00,37.27,35.0,495,65,25.02,7.24,364020380f4bd7af,364020380f4bd7af,0,idx_appt_dept_date,OPTIMAL,5,CURRENT,HIGH,NONE,release_deployment,NORMAL,OK,Slight concurrency queueing without plan degradation.,Imperceptible patient UI latency (<50ms shift); no booking hazard.,"{""rule_triggered"": ""FALSE_POSITIVE_GRACE_BAND"", ""delta_pct"": 6.49, ""delta_ms"": 2.27, ""plan_diff"": ""NONE - Query plan remains optimal index search"", ""index_impact"": ""OPTIMAL (no index drop)"", ""workload_effect"": ""Queue delay during HIGH workload"", ""recommendation"": ""Maintain baseline. No schema or query regression detected; transient queue latency.""}"
SYNTH-Q-009,Retrieve department schedule,retrieve_department_schedule,REL-101,v1.0.0,2026-07-02 00:03:00,34.57,35.0,477,65,23.21,6.72,364020380f4bd7af,364020380f4bd7af,0,idx_appt_dept_date,OPTIMAL,11,CURRENT,LOW,NONE,release_deployment,NORMAL,OK,System performance within acceptable noise band.,Normal patient scheduling experience with zero delay.,"{""rule_triggered"": ""WITHIN_NOISE_BAND"", ""delta_pct"": -1.23, ""delta_ms"": -0.43, ""plan_diff"": ""NONE"", ""index_impact"": ""OPTIMAL"", ""recommendation"": ""Performance within normal operational variance.""}"
SYNTH-Q-009,Retrieve department schedule,retrieve_department_schedule,REL-101,v1.0.0,2026-07-02 02:17:00,34.07,35.0,473,65,22.87,6.62,364020380f4bd7af,364020380f4bd7af,0,idx_appt_dept_date,OPTIMAL,1,CURRENT,LOW,NONE,release_deployment,NORMAL,OK,System performance within acceptable noise band.,Normal patient scheduling experience with zero delay.,"{""rule_triggered"": ""WITHIN_NOISE_BAND"", ""delta_pct"": -2.66, ""delta_ms"": -0.93, ""plan_diff"": ""NONE"", ""index_impact"": ""OPTIMAL"", ""recommendation"": ""Performance within normal operational variance.""}"
SYNTH-Q-001,Find available appointment slots,find_available_slots,REL-102,v1.1.0,2026-07-16 08:08:00,15.39,14.5,120,18,9.76,2.23,62c759822b393c31,62c759822b393c31,0,idx_appt_dept_date_status,OPTIMAL,3,CURRENT,NORMAL,INDEX_DROPPED,index_removed,NORMAL,OK,System performance within acceptable noise band.,Normal patient scheduling experience with zero delay.,"{""rule_triggered"": ""WITHIN_NOISE_BAND"", ""delta_pct"": 6.14, ""delta_ms"": 0.89, ""plan_diff"": ""NONE"", ""index_impact"": ""OPTIMAL"", ""recommendation"": ""Performance within normal operational variance.""}"
SYNTH-Q-001,Find available appointment slots,find_available_slots,REL-102,v1.1.0,2026-07-16 10:35:00,13.8,14.5,120,18,8.75,2.0,62c759822b393c31,62c759822b393c31,0,idx_appt_dept_date_status,OPTIMAL,9,CURRENT,HIGH,INDEX_DROPPED,index_removed,NORMAL,OK,Slight concurrency queueing without plan degradation.,Imperceptible patient UI latency (<50ms shift); no booking hazard.,"{""rule_triggered"": ""FALSE_POSITIVE_GRACE_BAND"", ""delta_pct"": -4.83, ""delta_ms"": -0.7, ""plan_diff"": ""NONE - Query plan remains optimal index search"", ""index_impact"": ""OPTIMAL (no index drop)"", ""workload_effect"": ""Queue delay during HIGH workload"", ""recommendation"": ""Maintain baseline. No schema or query regression detected; transient queue latency.""}"
SYNTH-Q-001,Find available appointment slots,find_available_slots,REL-102,v1.1.0,2026-07-16 12:04:00,13.85,14.5,120,18,8.79,2.01,62c759822b393c31,62c759822b393c31,0,idx_appt_dept_date_status,OPTIMAL,9,CURRENT,NORMAL,INDEX_DROPPED,index_removed,NORMAL,OK,System performance within acceptable noise band.,Normal patient scheduling experience with zero delay.,"{""rule_triggered"": ""WITHIN_NOISE_BAND"", ""delta_pct"": -4.48, ""delta_ms"": -0.65, ""plan_diff"": ""NONE"", ""index_impact"": ""OPTIMAL"", ""recommendation"": ""Performance within normal operational variance.""}"
SYNTH-Q-001,Find available appointment slots,find_available_slots,REL-102,v1.1.0,2026-07-16 14:23:00,14.05,14.5,120,18,8.92,2.04,62c759822b393c31,62c759822b393c31,0,idx_appt_dept_date_status,OPTIMAL,7,CURRENT,NORMAL,INDEX_DROPPED,index_removed,NORMAL,OK,System performance within acceptable noise band.,Normal patient scheduling experience with zero delay.,"{""rule_triggered"": ""WITHIN_NOISE_BAND"", ""delta_pct"": -3.1, ""delta_ms"": -0.45, ""plan_diff"": ""NONE"", ""index_impact"": ""OPTIMAL"", ""recommendation"": ""Performance within normal operational variance.""}"
SYNTH-Q-001,Find available appointment slots,find_available_slots,REL-102,v1.1.0,2026-07-16 16:19:00,15.89,14.5,120,18,10.08,2.3,62c759822b393c31,62c759822b393c31,0,idx_appt_dept_date_status,OPTIMAL,13,CURRENT,NORMAL,INDEX_DROPPED,index_removed,NORMAL,OK,System performance within acceptable noise band.,Normal patient scheduling experience with zero delay.,"{""rule_triggered"": ""WITHIN_NOISE_BAND"", ""delta_pct"": 9.59, ""delta_ms"": 1.39, ""plan_diff"": ""NONE"", ""index_impact"": ""OPTIMAL"", ""recommendation"": ""Performance within normal operational variance.""}"
SYNTH-Q-001,Find available appointment slots,find_available_slots,REL-102,v1.1.0,2026-07-16 18:02:00,15.26,14.5,120,18,9.68,2.21,62c759822b393c31,62c759822b393c31,0,idx_appt_dept_date_status,OPTIMAL,4,CURRENT,NORMAL,INDEX_DROPPED,index_removed,NORMAL,OK,System performance within acceptable noise band.,Normal patient scheduling experience with zero delay.,"{""rule_triggered"": ""WITHIN_NOISE_BAND"", ""delta_pct"": 5.24, ""delta_ms"": 0.76, ""plan_diff"": ""NONE"", ""index_impact"": ""OPTIMAL"", ""recommendation"": ""Performance within normal operational variance.""}"
SYNTH-Q-001,Find available appointment slots,find_available_slots,REL-102,v1.1.0,2026-07-16 20:42:00,15.47,14.5,120,18,9.82,2.24,62c759822b393c31,62c759822b393c31,0,idx_appt_dept_date_status,OPTIMAL,6,CURRENT,LOW,INDEX_DROPPED,index_removed,NORMAL,OK,System performance within acceptable noise band.,Normal patient scheduling experience with zero delay.,"{""rule_triggered"": ""WITHIN_NOISE_BAND"", ""delta_pct"": 6.69, ""delta_ms"": 0.97, ""plan_diff"": ""NONE"", ""index_impact"": ""OPTIMAL"", ""recommendation"": ""Performance within normal operational variance.""}"
SYNTH-Q-001,Find available appointment slots,find_available_slots,REL-102,v1.1.0,2026-07-16 22:26:00,15.66,14.5,120,18,9.93,2.27,62c759822b393c31,62c759822b393c31,0,idx_appt_dept_date_status,OPTIMAL,4,CURRENT,NORMAL,INDEX_DROPPED,index_removed,NORMAL,OK,System performance within acceptable noise band.,Normal patient scheduling experience with zero delay.,"{""rule_triggered"": ""WITHIN_NOISE_BAND"", ""delta_pct"": 8.0, ""delta_ms"": 1.16, ""plan_diff"": ""NONE"", ""index_impact"": ""OPTIMAL"", ""recommendation"": ""Performance within normal operational variance.""}"
SYNTH-Q-001,Find available appointment slots,find_available_slots,REL-102,v1.1.0,2026-07-17 00:11:00,14.17,14.5,120,18,8.99,2.05,62c759822b393c31,62c759822b393c31,0,idx_appt_dept_date_status,OPTIMAL,1,CURRENT,HIGH,INDEX_DROPPED,index_removed,NORMAL,OK,Slight concurrency queueing without plan degradation.,Imperceptible patient UI latency (<50ms shift); no booking hazard.,"{""rule_triggered"": ""FALSE_POSITIVE_GRACE_BAND"", ""delta_pct"": -2.28, ""delta_ms"": -0.33, ""plan_diff"": ""NONE - Query plan remains optimal index search"", ""index_impact"": ""OPTIMAL (no index drop)"", ""workload_effect"": ""Queue delay during HIGH workload"", ""recommendation"": ""Maintain baseline. No schema or query regression detected; transient queue latency.""}"
SYNTH-Q-001,Find available appointment slots,find_available_slots,REL-102,v1.1.0,2026-07-17 02:21:00,15.23,14.5,120,18,9.66,2.21,62c759822b393c31,62c759822b393c31,0,idx_appt_dept_date_status,OPTIMAL,13,CURRENT,HIGH,INDEX_DROPPED,index_removed,NORMAL,OK,Slight concurrency queueing without plan degradation.,Imperceptible patient UI latency (<50ms shift); no booking hazard.,"{""rule_triggered"": ""FALSE_POSITIVE_GRACE_BAND"", ""delta_pct"": 5.03, ""delta_ms"": 0.73, ""plan_diff"": ""NONE - Query plan remains optimal index search"", ""index_impact"": ""OPTIMAL (no index drop)"", ""workload_effect"": ""Queue delay during HIGH workload"", ""recommendation"": ""Maintain baseline. No schema or query regression detected; transient queue latency.""}"
SYNTH-Q-002,Check doctor availability,check_doctor_availability,REL-102,v1.1.0,2026-07-16 08:47:00,155.8,11.2,51536,8,87.64,29.21,819fe147aeaf4cdb,d92063c67a1d5b2c,1,None,REMOVED,5,CURRENT,NORMAL,INDEX_DROPPED,index_removed,CRITICAL_REGRESSION,CRITICAL,"Severe database CPU exhaustion, lock contention, and full table scans.",CRITICAL DOUBLE-BOOKING HAZARD: Slot check latency creates concurrent race window where two patients book same slot.,"{""rule_triggered"": ""TIME_CRITICAL_PLAN_SCAN_REGRESSION"", ""delta_pct"": 1291.07, ""delta_ms"": 144.6, ""plan_diff"": ""Index search converted to full table SCAN or Cartesian product"", ""index_impact"": ""Index status: REMOVED"", ""double_booking_risk"": ""HIGH"", ""recommendation"": ""BLOCK RELEASE. Immediately restore dropped/missing index or revert bad query plan.""}"
SYNTH-Q-002,Check doctor availability,check_doctor_availability,REL-102,v1.1.0,2026-07-16 10:06:00,139.6,11.2,51063,8,78.53,26.18,819fe147aeaf4cdb,d92063c67a1d5b2c,1,None,REMOVED,14,CURRENT,HIGH,INDEX_DROPPED,index_removed,CRITICAL_REGRESSION,CRITICAL,"Severe database CPU exhaustion, lock contention, and full table scans.",CRITICAL DOUBLE-BOOKING HAZARD: Slot check latency creates concurrent race window where two patients book same slot.,"{""rule_triggered"": ""TIME_CRITICAL_PLAN_SCAN_REGRESSION"", ""delta_pct"": 1146.43, ""delta_ms"": 128.4, ""plan_diff"": ""Index search converted to full table SCAN or Cartesian product"", ""index_impact"": ""Index status: REMOVED"", ""double_booking_risk"": ""HIGH"", ""recommendation"": ""BLOCK RELEASE. Immediately restore dropped/missing index or revert bad query plan.""}"
SYNTH-Q-002,Check doctor availability,check_doctor_availability,REL-102,v1.1.0,2026-07-16 12:14:00,257.84,11.2,50816,8,145.03,48.34,819fe147aeaf4cdb,d92063c67a1d5b2c,1,None,REMOVED,14,CURRENT,NORMAL,INDEX_DROPPED,index_removed,CRITICAL_REGRESSION,CRITICAL,"Severe database CPU exhaustion, lock contention, and full table scans.",CRITICAL DOUBLE-BOOKING HAZARD: Slot check latency creates concurrent race window where two patients book same slot.,"{""rule_triggered"": ""TIME_CRITICAL_PLAN_SCAN_REGRESSION"", ""delta_pct"": 2202.14, ""delta_ms"": 246.64, ""plan_diff"": ""Index search converted to full table SCAN or Cartesian product"", ""index_impact"": ""Index status: REMOVED"", ""double_booking_risk"": ""HIGH"", ""recommendation"": ""BLOCK RELEASE. Immediately restore dropped/missing index or revert bad query plan.""}"
SYNTH-Q-002,Check doctor availability,check_doctor_availability,REL-102,v1.1.0,2026-07-16 14:19:00,137.58,11.2,50495,8,77.39,25.8,819fe147aeaf4cdb,d92063c67a1d5b2c,1,None,REMOVED,4,CURRENT,NORMAL,INDEX_DROPPED,index_removed,CRITICAL_REGRESSION,CRITICAL,"Severe database CPU exhaustion, lock contention, and full table scans.",CRITICAL DOUBLE-BOOKING HAZARD: Slot check latency creates concurrent race window where two patients book same slot.,"{""rule_triggered"": ""TIME_CRITICAL_PLAN_SCAN_REGRESSION"", ""delta_pct"": 1128.39, ""delta_ms"": 126.38, ""plan_diff"": ""Index search converted to full table SCAN or Cartesian product"", ""index_impact"": ""Index status: REMOVED"", ""double_booking_risk"": ""HIGH"", ""recommendation"": ""BLOCK RELEASE. Immediately restore dropped/missing index or revert bad query plan.""}"
SYNTH-Q-002,Check doctor availability,check_doctor_availability,REL-102,v1.1.0,2026-07-16 16:25:00,250.57,11.2,51683,8,140.95,46.98,819fe147aeaf4cdb,d92063c67a1d5b2c,1,None,REMOVED,5,CURRENT,NORMAL,INDEX_DROPPED,index_removed,CRITICAL_REGRESSION,CRITICAL,"Severe database CPU exhaustion, lock contention, and full table scans.",CRITICAL DOUBLE-BOOKING HAZARD: Slot check latency creates concurrent race window where two patients book same slot.,"{""rule_triggered"": ""TIME_CRITICAL_PLAN_SCAN_REGRESSION"", ""delta_pct"": 2137.23, ""delta_ms"": 239.37, ""plan_diff"": ""Index search converted to full table SCAN or Cartesian product"", ""index_impact"": ""Index status: REMOVED"", ""double_booking_risk"": ""HIGH"", ""recommendation"": ""BLOCK RELEASE. Immediately restore dropped/missing index or revert bad query plan.""}"
SYNTH-Q-002,Check doctor availability,check_doctor_availability,REL-102,v1.1.0,2026-07-16 18:17:00,202.86,11.2,51491,8,114.11,38.04,819fe147aeaf4cdb,d92063c67a1d5b2c,1,None,REMOVED,11,CURRENT,NORMAL,INDEX_DROPPED,index_removed,CRITICAL_REGRESSION,CRITICAL,"Severe database CPU exhaustion, lock contention, and full table scans.",CRITICAL DOUBLE-BOOKING HAZARD: Slot check latency creates concurrent race window where two patients book same slot.,"{""rule_triggered"": ""TIME_CRITICAL_PLAN_SCAN_REGRESSION"", ""delta_pct"": 1711.25, ""delta_ms"": 191.66, ""plan_diff"": ""Index search converted to full table SCAN or Cartesian product"", ""index_impact"": ""Index status: REMOVED"", ""double_booking_risk"": ""HIGH"", ""recommendation"": ""BLOCK RELEASE. Immediately restore dropped/missing index or revert bad query plan.""}"
SYNTH-Q-002,Check doctor availability,check_doctor_availability,REL-102,v1.1.0,2026-07-16 20:34:00,149.9,11.2,50634,8,84.32,28.11,819fe147aeaf4cdb,d92063c67a1d5b2c,1,None,REMOVED,1,CURRENT,NORMAL,INDEX_DROPPED,index_removed,CRITICAL_REGRESSION,CRITICAL,"Severe database CPU exhaustion, lock contention, and full table scans.",CRITICAL DOUBLE-BOOKING HAZARD: Slot check latency creates concurrent race window where two patients book same slot.,"{""rule_triggered"": ""TIME_CRITICAL_PLAN_SCAN_REGRESSION"", ""delta_pct"": 1238.39, ""delta_ms"": 138.7, ""plan_diff"": ""Index search converted to full table SCAN or Cartesian product"", ""index_impact"": ""Index status: REMOVED"", ""double_booking_risk"": ""HIGH"", ""recommendation"": ""BLOCK RELEASE. Immediately restore dropped/missing index or revert bad query plan.""}"
SYNTH-Q-002,Check doctor availability,check_doctor_availability,REL-102,v1.1.0,2026-07-16 22:11:00,148.97,11.2,50989,8,83.8,27.93,819fe147aeaf4cdb,d92063c67a1d5b2c,1,None,REMOVED,1,CURRENT,NORMAL,INDEX_DROPPED,index_removed,CRITICAL_REGRESSION,CRITICAL,"Severe database CPU exhaustion, lock contention, and full table scans.",CRITICAL DOUBLE-BOOKING HAZARD: Slot check latency creates concurrent race window where two patients book same slot.,"{""rule_triggered"": ""TIME_CRITICAL_PLAN_SCAN_REGRESSION"", ""delta_pct"": 1230.09, ""delta_ms"": 137.77, ""plan_diff"": ""Index search converted to full table SCAN or Cartesian product"", ""index_impact"": ""Index status: REMOVED"", ""double_booking_risk"": ""HIGH"", ""recommendation"": ""BLOCK RELEASE. Immediately restore dropped/missing index or revert bad query plan.""}"
SYNTH-Q-002,Check doctor availability,check_doctor_availability,REL-102,v1.1.0,2026-07-17 00:22:00,215.87,11.2,51147,8,121.43,40.48,819fe147aeaf4cdb,d92063c67a1d5b2c,1,None,REMOVED,7,CURRENT,NORMAL,INDEX_DROPPED,index_removed,CRITICAL_REGRESSION,CRITICAL,"Severe database CPU exhaustion, lock contention, and full table scans.",CRITICAL DOUBLE-BOOKING HAZARD: Slot check latency creates concurrent race window where two patients book same slot.,"{""rule_triggered"": ""TIME_CRITICAL_PLAN_SCAN_REGRESSION"", ""delta_pct"": 1827.41, ""delta_ms"": 204.67, ""plan_diff"": ""Index search converted to full table SCAN or Cartesian product"", ""index_impact"": ""Index status: REMOVED"", ""double_booking_risk"": ""HIGH"", ""recommendation"": ""BLOCK RELEASE. Immediately restore dropped/missing index or revert bad query plan.""}"
SYNTH-Q-002,Check doctor availability,check_doctor_availability,REL-102,v1.1.0,2026-07-17 02:07:00,159.95,11.2,50190,8,89.97,29.99,819fe147aeaf4cdb,d92063c67a1d5b2c,1,None,REMOVED,10,CURRENT,HIGH,INDEX_DROPPED,index_removed,CRITICAL_REGRESSION,CRITICAL,"Severe database CPU exhaustion, lock contention, and full table scans.",CRITICAL DOUBLE-BOOKING HAZARD: Slot check latency creates concurrent race window where two patients book same slot.,"{""rule_triggered"": ""TIME_CRITICAL_PLAN_SCAN_REGRESSION"", ""delta_pct"": 1328.12, ""delta_ms"": 148.75, ""plan_diff"": ""Index search converted to full table SCAN or Cartesian product"", ""index_impact"": ""Index status: REMOVED"", ""double_booking_risk"": ""HIGH"", ""recommendation"": ""BLOCK RELEASE. Immediately restore dropped/missing index or revert bad query plan.""}"
SYNTH-Q-003,Create appointment,create_appointment,REL-102,v1.1.0,2026-07-16 08:45:00,22.62,22.0,15,1,14.91,4.32,6334b72f6d2d33d6,6334b72f6d2d33d6,0,idx_appt_doctor_date_time,OPTIMAL,1,CURRENT,HIGH,INDEX_DROPPED,index_removed,NORMAL,OK,Slight concurrency queueing without plan degradation.,Imperceptible patient UI latency (<50ms shift); no booking hazard.,"{""rule_triggered"": ""FALSE_POSITIVE_GRACE_BAND"", ""delta_pct"": 2.82, ""delta_ms"": 0.62, ""plan_diff"": ""NONE - Query plan remains optimal index search"", ""index_impact"": ""OPTIMAL (no index drop)"", ""workload_effect"": ""Queue delay during HIGH workload"", ""recommendation"": ""Maintain baseline. No schema or query regression detected; transient queue latency.""}"
SYNTH-Q-003,Create appointment,create_appointment,REL-102,v1.1.0,2026-07-16 10:34:00,22.32,22.0,15,1,14.71,4.26,6334b72f6d2d33d6,6334b72f6d2d33d6,0,idx_appt_doctor_date_time,OPTIMAL,6,CURRENT,NORMAL,INDEX_DROPPED,index_removed,NORMAL,OK,System performance within acceptable noise band.,Normal patient scheduling experience with zero delay.,"{""rule_triggered"": ""WITHIN_NOISE_BAND"", ""delta_pct"": 1.45, ""delta_ms"": 0.32, ""plan_diff"": ""NONE"", ""index_impact"": ""OPTIMAL"", ""recommendation"": ""Performance within normal operational variance.""}"
SYNTH-Q-003,Create appointment,create_appointment,REL-102,v1.1.0,2026-07-16 12:42:00,21.94,22.0,15,1,14.46,4.19,6334b72f6d2d33d6,6334b72f6d2d33d6,0,idx_appt_doctor_date_time,OPTIMAL,10,CURRENT,NORMAL,INDEX_DROPPED,index_removed,NORMAL,OK,System performance within acceptable noise band.,Normal patient scheduling experience with zero delay.,"{""rule_triggered"": ""WITHIN_NOISE_BAND"", ""delta_pct"": -0.27, ""delta_ms"": -0.06, ""plan_diff"": ""NONE"", ""index_impact"": ""OPTIMAL"", ""recommendation"": ""Performance within normal operational variance.""}"
SYNTH-Q-003,Create appointment,create_appointment,REL-102,v1.1.0,2026-07-16 14:07:00,21.92,22.0,15,1,14.45,4.18,6334b72f6d2d33d6,6334b72f6d2d33d6,0,idx_appt_doctor_date_time,OPTIMAL,9,CURRENT,NORMAL,INDEX_DROPPED,index_removed,NORMAL,OK,System performance within acceptable noise band.,Normal patient scheduling experience with zero delay.,"{""rule_triggered"": ""WITHIN_NOISE_BAND"", ""delta_pct"": -0.36, ""delta_ms"": -0.08, ""plan_diff"": ""NONE"", ""index_impact"": ""OPTIMAL"", ""recommendation"": ""Performance within normal operational variance.""}"
SYNTH-Q-003,Create appointment,create_appointment,REL-102,v1.1.0,2026-07-16 16:26:00,23.2,22.0,15,1,15.29,4.43,6334b72f6d2d33d6,6334b72f6d2d33d6,0,idx_appt_doctor_date_time,OPTIMAL,7,CURRENT,NORMAL,INDEX_DROPPED,index_removed,NORMAL,OK,System performance within acceptable noise band.,Normal patient scheduling experience with zero delay.,"{""rule_triggered"": ""WITHIN_NOISE_BAND"", ""delta_pct"": 5.45, ""delta_ms"": 1.2, ""plan_diff"": ""NONE"", ""index_impact"": ""OPTIMAL"", ""recommendation"": ""Performance within normal operational variance.""}"
SYNTH-Q-003,Create appointment,create_appointment,REL-102,v1.1.0,2026-07-16 18:35:00,22.29,22.0,15,1,14.69,4.25,6334b72f6d2d33d6,6334b72f6d2d33d6,0,idx_appt_doctor_date_time,OPTIMAL,4,CURRENT,NORMAL,INDEX_DROPPED,index_removed,NORMAL,OK,System performance within acceptable noise band.,Normal patient scheduling experience with zero delay.,"{""rule_triggered"": ""WITHIN_NOISE_BAND"", ""delta_pct"": 1.32, ""delta_ms"": 0.29, ""plan_diff"": ""NONE"", ""index_impact"": ""OPTIMAL"", ""recommendation"": ""Performance within normal operational variance.""}"
SYNTH-Q-003,Create appointment,create_appointment,REL-102,v1.1.0,2026-07-16 20:24:00,22.78,22.0,15,1,15.01,4.35,6334b72f6d2d33d6,6334b72f6d2d33d6,0,idx_appt_doctor_date_time,OPTIMAL,10,CURRENT,NORMAL,INDEX_DROPPED,index_removed,NORMAL,OK,System performance within acceptable noise band.,Normal patient scheduling experience with zero delay.,"{""rule_triggered"": ""WITHIN_NOISE_BAND"", ""delta_pct"": 3.55, ""delta_ms"": 0.78, ""plan_diff"": ""NONE"", ""index_impact"": ""OPTIMAL"", ""recommendation"": ""Performance within normal operational variance.""}"
SYNTH-Q-003,Create appointment,create_appointment,REL-102,v1.1.0,2026-07-16 22:25:00,21.85,22.0,15,1,14.4,4.17,6334b72f6d2d33d6,6334b72f6d2d33d6,0,idx_appt_doctor_date_time,OPTIMAL,5,CURRENT,LOW,INDEX_DROPPED,index_removed,NORMAL,OK,System performance within acceptable noise band.,Normal patient scheduling experience with zero delay.,"{""rule_triggered"": ""WITHIN_NOISE_BAND"", ""delta_pct"": -0.68, ""delta_ms"": -0.15, ""plan_diff"": ""NONE"", ""index_impact"": ""OPTIMAL"", ""recommendation"": ""Performance within normal operational variance.""}"
SYNTH-Q-003,Create appointment,create_appointment,REL-102,v1.1.0,2026-07-17 00:27:00,22.36,22.0,15,1,14.74,4.27,6334b72f6d2d33d6,6334b72f6d2d33d6,0,idx_appt_doctor_date_time,OPTIMAL,8,CURRENT,NORMAL,INDEX_DROPPED,index_removed,NORMAL,OK,System performance within acceptable noise band.,Normal patient scheduling experience with zero delay.,"{""rule_triggered"": ""WITHIN_NOISE_BAND"", ""delta_pct"": 1.64, ""delta_ms"": 0.36, ""plan_diff"": ""NONE"", ""index_impact"": ""OPTIMAL"", ""recommendation"": ""Performance within normal operational variance.""}"
SYNTH-Q-003,Create appointment,create_appointment,REL-102,v1.1.0,2026-07-17 02:43:00,22.46,22.0,15,1,14.8,4.29,6334b72f6d2d33d6,6334b72f6d2d33d6,0,idx_appt_doctor_date_time,OPTIMAL,9,CURRENT,NORMAL,INDEX_DROPPED,index_removed,NORMAL,OK,System performance within acceptable noise band.,Normal patient scheduling experience with zero delay.,"{""rule_triggered"": ""WITHIN_NOISE_BAND"", ""delta_pct"": 2.09, ""delta_ms"": 0.46, ""plan_diff"": ""NONE"", ""index_impact"": ""OPTIMAL"", ""recommendation"": ""Performance within normal operational variance.""}"
SYNTH-Q-004,Verify whether an appointment slot is already booked,verify_slot_booked,REL-102,v1.1.0,2026-07-16 08:50:00,179.64,13.8,51155,1,99.58,35.15,819fe147aeaf4cdb,b1ad58e1033f203f,1,None,REMOVED,11,CURRENT,NORMAL,INDEX_DROPPED,index_removed,CRITICAL_REGRESSION,CRITICAL,"Severe database CPU exhaustion, lock contention, and full table scans.",CRITICAL DOUBLE-BOOKING HAZARD: Slot check latency creates concurrent race window where two patients book same slot.,"{""rule_triggered"": ""TIME_CRITICAL_PLAN_SCAN_REGRESSION"", ""delta_pct"": 1201.74, ""delta_ms"": 165.84, ""plan_diff"": ""Index search converted to full table SCAN or Cartesian product"", ""index_impact"": ""Index status: REMOVED"", ""double_booking_risk"": ""HIGH"", ""recommendation"": ""BLOCK RELEASE. Immediately restore dropped/missing index or revert bad query plan.""}"
SYNTH-Q-004,Verify whether an appointment slot is already booked,verify_slot_booked,REL-102,v1.1.0,2026-07-16 10:42:00,301.13,13.8,51638,1,166.93,58.92,819fe147aeaf4cdb,b1ad58e1033f203f,1,None,REMOVED,2,CURRENT,NORMAL,INDEX_DROPPED,index_removed,CRITICAL_REGRESSION,CRITICAL,"Severe database CPU exhaustion, lock contention, and full table scans.",CRITICAL DOUBLE-BOOKING HAZARD: Slot check latency creates concurrent race window where two patients book same slot.,"{""rule_triggered"": ""TIME_CRITICAL_PLAN_SCAN_REGRESSION"", ""delta_pct"": 2082.1, ""delta_ms"": 287.33, ""plan_diff"": ""Index search converted to full table SCAN or Cartesian product"", ""index_impact"": ""Index status: REMOVED"", ""double_booking_risk"": ""HIGH"", ""recommendation"": ""BLOCK RELEASE. Immediately restore dropped/missing index or revert bad query plan.""}"
SYNTH-Q-004,Verify whether an appointment slot is already booked,verify_slot_booked,REL-102,v1.1.0,2026-07-16 12:15:00,299.17,13.8,50401,1,165.84,58.53,819fe147aeaf4cdb,b1ad58e1033f203f,1,None,REMOVED,4,CURRENT,NORMAL,INDEX_DROPPED,index_removed,CRITICAL_REGRESSION,CRITICAL,"Severe database CPU exhaustion, lock contention, and full table scans.",CRITICAL DOUBLE-BOOKING HAZARD: Slot check latency creates concurrent race window where two patients book same slot.,"{""rule_triggered"": ""TIME_CRITICAL_PLAN_SCAN_REGRESSION"", ""delta_pct"": 2067.9, ""delta_ms"": 285.37, ""plan_diff"": ""Index search converted to full table SCAN or Cartesian product"", ""index_impact"": ""Index status: REMOVED"", ""double_booking_risk"": ""HIGH"", ""recommendation"": ""BLOCK RELEASE. Immediately restore dropped/missing index or revert bad query plan.""}"
SYNTH-Q-004,Verify whether an appointment slot is already booked,verify_slot_booked,REL-102,v1.1.0,2026-07-16 14:01:00,328.54,13.8,51351,1,182.13,64.28,819fe147aeaf4cdb,b1ad58e1033f203f,1,None,REMOVED,4,CURRENT,LOW,INDEX_DROPPED,index_removed,CRITICAL_REGRESSION,CRITICAL,"Severe database CPU exhaustion, lock contention, and full table scans.",CRITICAL DOUBLE-BOOKING HAZARD: Slot check latency creates concurrent race window where two patients book same slot.,"{""rule_triggered"": ""TIME_CRITICAL_PLAN_SCAN_REGRESSION"", ""delta_pct"": 2280.72, ""delta_ms"": 314.74, ""plan_diff"": ""Index search converted to full table SCAN or Cartesian product"", ""index_impact"": ""Index status: REMOVED"", ""double_booking_risk"": ""HIGH"", ""recommendation"": ""BLOCK RELEASE. Immediately restore dropped/missing index or revert bad query plan.""}"
SYNTH-Q-004,Verify whether an appointment slot is already booked,verify_slot_booked,REL-102,v1.1.0,2026-07-16 16:49:00,234.23,13.8,51389,1,129.85,45.83,819fe147aeaf4cdb,b1ad58e1033f203f,1,None,REMOVED,8,CURRENT,LOW,INDEX_DROPPED,index_removed,CRITICAL_REGRESSION,CRITICAL,"Severe database CPU exhaustion, lock contention, and full table scans.",CRITICAL DOUBLE-BOOKING HAZARD: Slot check latency creates concurrent race window where two patients book same slot.,"{""rule_triggered"": ""TIME_CRITICAL_PLAN_SCAN_REGRESSION"", ""delta_pct"": 1597.32, ""delta_ms"": 220.43, ""plan_diff"": ""Index search converted to full table SCAN or Cartesian product"", ""index_impact"": ""Index status: REMOVED"", ""double_booking_risk"": ""HIGH"", ""recommendation"": ""BLOCK RELEASE. Immediately restore dropped/missing index or revert bad query plan.""}"
SYNTH-Q-004,Verify whether an appointment slot is already booked,verify_slot_booked,REL-102,v1.1.0,2026-07-16 18:36:00,280.92,13.8,51112,1,155.73,54.96,819fe147aeaf4cdb,b1ad58e1033f203f,1,None,REMOVED,12,CURRENT,NORMAL,INDEX_DROPPED,index_removed,CRITICAL_REGRESSION,CRITICAL,"Severe database CPU exhaustion, lock contention, and full table scans.",CRITICAL DOUBLE-BOOKING HAZARD: Slot check latency creates concurrent race window where two patients book same slot.,"{""rule_triggered"": ""TIME_CRITICAL_PLAN_SCAN_REGRESSION"", ""delta_pct"": 1935.65, ""delta_ms"": 267.12, ""plan_diff"": ""Index search converted to full table SCAN or Cartesian product"", ""index_impact"": ""Index status: REMOVED"", ""double_booking_risk"": ""HIGH"", ""recommendation"": ""BLOCK RELEASE. Immediately restore dropped/missing index or revert bad query plan.""}"
SYNTH-Q-004,Verify whether an appointment slot is already booked,verify_slot_booked,REL-102,v1.1.0,2026-07-16 20:25:00,274.24,13.8,50111,1,152.03,53.66,819fe147aeaf4cdb,b1ad58e1033f203f,1,None,REMOVED,3,CURRENT,NORMAL,INDEX_DROPPED,index_removed,CRITICAL_REGRESSION,CRITICAL,"Severe database CPU exhaustion, lock contention, and full table scans.",CRITICAL DOUBLE-BOOKING HAZARD: Slot check latency creates concurrent race window where two patients book same slot.,"{""rule_triggered"": ""TIME_CRITICAL_PLAN_SCAN_REGRESSION"", ""delta_pct"": 1887.25, ""delta_ms"": 260.44, ""plan_diff"": ""Index search converted to full table SCAN or Cartesian product"", ""index_impact"": ""Index status: REMOVED"", ""double_booking_risk"": ""HIGH"", ""recommendation"": ""BLOCK RELEASE. Immediately restore dropped/missing index or revert bad query plan.""}"
SYNTH-Q-004,Verify whether an appointment slot is already booked,verify_slot_booked,REL-102,v1.1.0,2026-07-16 22:48:00,236.0,13.8,50460,1,130.83,46.17,819fe147aeaf4cdb,b1ad58e1033f203f,1,None,REMOVED,13,CURRENT,LOW,INDEX_DROPPED,index_removed,CRITICAL_REGRESSION,CRITICAL,"Severe database CPU exhaustion, lock contention, and full table scans.",CRITICAL DOUBLE-BOOKING HAZARD: Slot check latency creates concurrent race window where two patients book same slot.,"{""rule_triggered"": ""TIME_CRITICAL_PLAN_SCAN_REGRESSION"", ""delta_pct"": 1610.14, ""delta_ms"": 222.2, ""plan_diff"": ""Index search converted to full table SCAN or Cartesian product"", ""index_impact"": ""Index status: REMOVED"", ""double_booking_risk"": ""HIGH"", ""recommendation"": ""BLOCK RELEASE. Immediately restore dropped/missing index or revert bad query plan.""}"
SYNTH-Q-004,Verify whether an appointment slot is already booked,verify_slot_booked,REL-102,v1.1.0,2026-07-17 00:44:00,257.91,13.8,51978,1,142.97,50.46,819fe147aeaf4cdb,b1ad58e1033f203f,1,None,REMOVED,1,CURRENT,HIGH,INDEX_DROPPED,index_removed,CRITICAL_REGRESSION,CRITICAL,"Severe database CPU exhaustion, lock contention, and full table scans.",CRITICAL DOUBLE-BOOKING HAZARD: Slot check latency creates concurrent race window where two patients book same slot.,"{""rule_triggered"": ""TIME_CRITICAL_PLAN_SCAN_REGRESSION"", ""delta_pct"": 1768.91, ""delta_ms"": 244.11, ""plan_diff"": ""Index search converted to full table SCAN or Cartesian product"", ""index_impact"": ""Index status: REMOVED"", ""double_booking_risk"": ""HIGH"", ""recommendation"": ""BLOCK RELEASE. Immediately restore dropped/missing index or revert bad query plan.""}"
SYNTH-Q-004,Verify whether an appointment slot is already booked,verify_slot_booked,REL-102,v1.1.0,2026-07-17 02:07:00,298.31,13.8,51467,1,165.37,58.37,819fe147aeaf4cdb,b1ad58e1033f203f,1,None,REMOVED,3,CURRENT,HIGH,INDEX_DROPPED,index_removed,CRITICAL_REGRESSION,CRITICAL,"Severe database CPU exhaustion, lock contention, and full table scans.",CRITICAL DOUBLE-BOOKING HAZARD: Slot check latency creates concurrent race window where two patients book same slot.,"{""rule_triggered"": ""TIME_CRITICAL_PLAN_SCAN_REGRESSION"", ""delta_pct"": 2061.67, ""delta_ms"": 284.51, ""plan_diff"": ""Index search converted to full table SCAN or Cartesian product"", ""index_impact"": ""Index status: REMOVED"", ""double_booking_risk"": ""HIGH"", ""recommendation"": ""BLOCK RELEASE. Immediately restore dropped/missing index or revert bad query plan.""}"
SYNTH-Q-005,Search appointments,search_appointments,REL-102,v1.1.0,2026-07-16 08:33:00,30.89,28.5,350,24,20.59,6.29,e76181d244fee67c,e76181d244fee67c,0,idx_appt_patient_date,OPTIMAL,13,CURRENT,NORMAL,INDEX_DROPPED,index_removed,NORMAL,OK,System performance within acceptable noise band.,Normal patient scheduling experience with zero delay.,"{""rule_triggered"": ""WITHIN_NOISE_BAND"", ""delta_pct"": 8.39, ""delta_ms"": 2.39, ""plan_diff"": ""NONE"", ""index_impact"": ""OPTIMAL"", ""recommendation"": ""Performance within normal operational variance.""}"
SYNTH-Q-005,Search appointments,search_appointments,REL-102,v1.1.0,2026-07-16 10:39:00,30.95,28.5,350,24,20.63,6.3,e76181d244fee67c,e76181d244fee67c,0,idx_appt_patient_date,OPTIMAL,14,CURRENT,HIGH,INDEX_DROPPED,index_removed,NORMAL,OK,Slight concurrency queueing without plan degradation.,Imperceptible patient UI latency (<50ms shift); no booking hazard.,"{""rule_triggered"": ""FALSE_POSITIVE_GRACE_BAND"", ""delta_pct"": 8.6, ""delta_ms"": 2.45, ""plan_diff"": ""NONE - Query plan remains optimal index search"", ""index_impact"": ""OPTIMAL (no index drop)"", ""workload_effect"": ""Queue delay during HIGH workload"", ""recommendation"": ""Maintain baseline. No schema or query regression detected; transient queue latency.""}"
SYNTH-Q-005,Search appointments,search_appointments,REL-102,v1.1.0,2026-07-16 12:28:00,30.76,28.5,350,24,20.51,6.26,e76181d244fee67c,e76181d244fee67c,0,idx_appt_patient_date,OPTIMAL,12,CURRENT,NORMAL,INDEX_DROPPED,index_removed,NORMAL,OK,System performance within acceptable noise band.,Normal patient scheduling experience with zero delay.,"{""rule_triggered"": ""WITHIN_NOISE_BAND"", ""delta_pct"": 7.93, ""delta_ms"": 2.26, ""plan_diff"": ""NONE"", ""index_impact"": ""OPTIMAL"", ""recommendation"": ""Performance within normal operational variance.""}"
SYNTH-Q-005,Search appointments,search_appointments,REL-102,v1.1.0,2026-07-16 14:28:00,28.13,28.5,350,24,18.75,5.73,e76181d244fee67c,e76181d244fee67c,0,idx_appt_patient_date,OPTIMAL,13,CURRENT,NORMAL,INDEX_DROPPED,index_removed,NORMAL,OK,System performance within acceptable noise band.,Normal patient scheduling experience with zero delay.,"{""rule_triggered"": ""WITHIN_NOISE_BAND"", ""delta_pct"": -1.3, ""delta_ms"": -0.37, ""plan_diff"": ""NONE"", ""index_impact"": ""OPTIMAL"", ""recommendation"": ""Performance within normal operational variance.""}"
SYNTH-Q-005,Search appointments,search_appointments,REL-102,v1.1.0,2026-07-16 16:40:00,30.4,28.5,350,24,20.27,6.19,e76181d244fee67c,e76181d244fee67c,0,idx_appt_patient_date,OPTIMAL,13,CURRENT,NORMAL,INDEX_DROPPED,index_removed,NORMAL,OK,System performance within acceptable noise band.,Normal patient scheduling experience with zero delay.,"{""rule_triggered"": ""WITHIN_NOISE_BAND"", ""delta_pct"": 6.67, ""delta_ms"": 1.9, ""plan_diff"": ""NONE"", ""index_impact"": ""OPTIMAL"", ""recommendation"": ""Performance within normal operational variance.""}"
SYNTH-Q-005,Search appointments,search_appointments,REL-102,v1.1.0,2026-07-16 18:31:00,28.96,28.5,350,24,19.3,5.89,e76181d244fee67c,e76181d244fee67c,0,idx_appt_patient_date,OPTIMAL,5,CURRENT,NORMAL,INDEX_DROPPED,index_removed,NORMAL,OK,System performance within acceptable noise band.,Normal patient scheduling experience with zero delay.,"{""rule_triggered"": ""WITHIN_NOISE_BAND"", ""delta_pct"": 1.61, ""delta_ms"": 0.46, ""plan_diff"": ""NONE"", ""index_impact"": ""OPTIMAL"", ""recommendation"": ""Performance within normal operational variance.""}"
SYNTH-Q-005,Search appointments,search_appointments,REL-102,v1.1.0,2026-07-16 20:45:00,28.24,28.5,350,24,18.82,5.75,e76181d244fee67c,e76181d244fee67c,0,idx_appt_patient_date,OPTIMAL,4,CURRENT,NORMAL,INDEX_DROPPED,index_removed,NORMAL,OK,System performance within acceptable noise band.,Normal patient scheduling experience with zero delay.,"{""rule_triggered"": ""WITHIN_NOISE_BAND"", ""delta_pct"": -0.91, ""delta_ms"": -0.26, ""plan_diff"": ""NONE"", ""index_impact"": ""OPTIMAL"", ""recommendation"": ""Performance within normal operational variance.""}"
SYNTH-Q-005,Search appointments,search_appointments,REL-102,v1.1.0,2026-07-16 22:20:00,27.72,28.5,350,24,18.48,5.64,e76181d244fee67c,e76181d244fee67c,0,idx_appt_patient_date,OPTIMAL,3,CURRENT,LOW,INDEX_DROPPED,index_removed,NORMAL,OK,System performance within acceptable noise band.,Normal patient scheduling experience with zero delay.,"{""rule_triggered"": ""WITHIN_NOISE_BAND"", ""delta_pct"": -2.74, ""delta_ms"": -0.78, ""plan_diff"": ""NONE"", ""index_impact"": ""OPTIMAL"", ""recommendation"": ""Performance within normal operational variance.""}"
SYNTH-Q-005,Search appointments,search_appointments,REL-102,v1.1.0,2026-07-17 00:24:00,27.99,28.5,350,24,18.66,5.7,e76181d244fee67c,e76181d244fee67c,0,idx_appt_patient_date,OPTIMAL,12,CURRENT,NORMAL,INDEX_DROPPED,index_removed,NORMAL,OK,System performance within acceptable noise band.,Normal patient scheduling experience with zero delay.,"{""rule_triggered"": ""WITHIN_NOISE_BAND"", ""delta_pct"": -1.79, ""delta_ms"": -0.51, ""plan_diff"": ""NONE"", ""index_impact"": ""OPTIMAL"", ""recommendation"": ""Performance within normal operational variance.""}"
SYNTH-Q-005,Search appointments,search_appointments,REL-102,v1.1.0,2026-07-17 02:26:00,29.39,28.5,350,24,19.6,5.98,e76181d244fee67c,e76181d244fee67c,0,idx_appt_patient_date,OPTIMAL,6,CURRENT,HIGH,INDEX_DROPPED,index_removed,NORMAL,OK,Slight concurrency queueing without plan degradation.,Imperceptible patient UI latency (<50ms shift); no booking hazard.,"{""rule_triggered"": ""FALSE_POSITIVE_GRACE_BAND"", ""delta_pct"": 3.12, ""delta_ms"": 0.89, ""plan_diff"": ""NONE - Query plan remains optimal index search"", ""index_impact"": ""OPTIMAL (no index drop)"", ""workload_effect"": ""Queue delay during HIGH workload"", ""recommendation"": ""Maintain baseline. No schema or query regression detected; transient queue latency.""}"
SYNTH-Q-006,Update appointment status,update_appointment_status,REL-102,v1.1.0,2026-07-16 08:26:00,17.63,16.4,1,1,10.96,3.33,d54f2bccb838a972,d54f2bccb838a972,0,idx_appt_pk,OPTIMAL,4,CURRENT,LOW,INDEX_DROPPED,index_removed,NORMAL,OK,System performance within acceptable noise band.,Normal patient scheduling experience with zero delay.,"{""rule_triggered"": ""WITHIN_NOISE_BAND"", ""delta_pct"": 7.5, ""delta_ms"": 1.23, ""plan_diff"": ""NONE"", ""index_impact"": ""OPTIMAL"", ""recommendation"": ""Performance within normal operational variance.""}"
SYNTH-Q-006,Update appointment status,update_appointment_status,REL-102,v1.1.0,2026-07-16 10:24:00,17.75,16.4,1,1,11.04,3.35,d54f2bccb838a972,d54f2bccb838a972,0,idx_appt_pk,OPTIMAL,14,CURRENT,LOW,INDEX_DROPPED,index_removed,NORMAL,OK,System performance within acceptable noise band.,Normal patient scheduling experience with zero delay.,"{""rule_triggered"": ""WITHIN_NOISE_BAND"", ""delta_pct"": 8.23, ""delta_ms"": 1.35, ""plan_diff"": ""NONE"", ""index_impact"": ""OPTIMAL"", ""recommendation"": ""Performance within normal operational variance.""}"
SYNTH-Q-006,Update appointment status,update_appointment_status,REL-102,v1.1.0,2026-07-16 12:36:00,15.59,16.4,1,1,9.7,2.95,d54f2bccb838a972,d54f2bccb838a972,0,idx_appt_pk,OPTIMAL,8,CURRENT,HIGH,INDEX_DROPPED,index_removed,NORMAL,OK,Slight concurrency queueing without plan degradation.,Imperceptible patient UI latency (<50ms shift); no booking hazard.,"{""rule_triggered"": ""FALSE_POSITIVE_GRACE_BAND"", ""delta_pct"": -4.94, ""delta_ms"": -0.81, ""plan_diff"": ""NONE - Query plan remains optimal index search"", ""index_impact"": ""OPTIMAL (no index drop)"", ""workload_effect"": ""Queue delay during HIGH workload"", ""recommendation"": ""Maintain baseline. No schema or query regression detected; transient queue latency.""}"
SYNTH-Q-006,Update appointment status,update_appointment_status,REL-102,v1.1.0,2026-07-16 14:22:00,16.54,16.4,1,1,10.29,3.13,d54f2bccb838a972,d54f2bccb838a972,0,idx_appt_pk,OPTIMAL,13,CURRENT,NORMAL,INDEX_DROPPED,index_removed,NORMAL,OK,System performance within acceptable noise band.,Normal patient scheduling experience with zero delay.,"{""rule_triggered"": ""WITHIN_NOISE_BAND"", ""delta_pct"": 0.85, ""delta_ms"": 0.14, ""plan_diff"": ""NONE"", ""index_impact"": ""OPTIMAL"", ""recommendation"": ""Performance within normal operational variance.""}"
SYNTH-Q-006,Update appointment status,update_appointment_status,REL-102,v1.1.0,2026-07-16 16:26:00,16.12,16.4,1,1,10.03,3.05,d54f2bccb838a972,d54f2bccb838a972,0,idx_appt_pk,OPTIMAL,8,CURRENT,NORMAL,INDEX_DROPPED,index_removed,NORMAL,OK,System performance within acceptable noise band.,Normal patient scheduling experience with zero delay.,"{""rule_triggered"": ""WITHIN_NOISE_BAND"", ""delta_pct"": -1.71, ""delta_ms"": -0.28, ""plan_diff"": ""NONE"", ""index_impact"": ""OPTIMAL"", ""recommendation"": ""Performance within normal operational variance.""}"
SYNTH-Q-006,Update appointment status,update_appointment_status,REL-102,v1.1.0,2026-07-16 18:27:00,16.54,16.4,1,1,10.28,3.13,d54f2bccb838a972,d54f2bccb838a972,0,idx_appt_pk,OPTIMAL,1,CURRENT,HIGH,INDEX_DROPPED,index_removed,NORMAL,OK,Slight concurrency queueing without plan degradation.,Imperceptible patient UI latency (<50ms shift); no booking hazard.,"{""rule_triggered"": ""FALSE_POSITIVE_GRACE_BAND"", ""delta_pct"": 0.85, ""delta_ms"": 0.14, ""plan_diff"": ""NONE - Query plan remains optimal index search"", ""index_impact"": ""OPTIMAL (no index drop)"", ""workload_effect"": ""Queue delay during HIGH workload"", ""recommendation"": ""Maintain baseline. No schema or query regression detected; transient queue latency.""}"
SYNTH-Q-006,Update appointment status,update_appointment_status,REL-102,v1.1.0,2026-07-16 20:42:00,15.99,16.4,1,1,9.94,3.02,d54f2bccb838a972,d54f2bccb838a972,0,idx_appt_pk,OPTIMAL,12,CURRENT,HIGH,INDEX_DROPPED,index_removed,NORMAL,OK,Slight concurrency queueing without plan degradation.,Imperceptible patient UI latency (<50ms shift); no booking hazard.,"{""rule_triggered"": ""FALSE_POSITIVE_GRACE_BAND"", ""delta_pct"": -2.5, ""delta_ms"": -0.41, ""plan_diff"": ""NONE - Query plan remains optimal index search"", ""index_impact"": ""OPTIMAL (no index drop)"", ""workload_effect"": ""Queue delay during HIGH workload"", ""recommendation"": ""Maintain baseline. No schema or query regression detected; transient queue latency.""}"
SYNTH-Q-006,Update appointment status,update_appointment_status,REL-102,v1.1.0,2026-07-16 22:29:00,16.89,16.4,1,1,10.51,3.19,d54f2bccb838a972,d54f2bccb838a972,0,idx_appt_pk,OPTIMAL,10,CURRENT,NORMAL,INDEX_DROPPED,index_removed,NORMAL,OK,System performance within acceptable noise band.,Normal patient scheduling experience with zero delay.,"{""rule_triggered"": ""WITHIN_NOISE_BAND"", ""delta_pct"": 2.99, ""delta_ms"": 0.49, ""plan_diff"": ""NONE"", ""index_impact"": ""OPTIMAL"", ""recommendation"": ""Performance within normal operational variance.""}"
SYNTH-Q-006,Update appointment status,update_appointment_status,REL-102,v1.1.0,2026-07-17 00:25:00,17.16,16.4,1,1,10.67,3.24,d54f2bccb838a972,d54f2bccb838a972,0,idx_appt_pk,OPTIMAL,2,CURRENT,LOW,INDEX_DROPPED,index_removed,NORMAL,OK,System performance within acceptable noise band.,Normal patient scheduling experience with zero delay.,"{""rule_triggered"": ""WITHIN_NOISE_BAND"", ""delta_pct"": 4.63, ""delta_ms"": 0.76, ""plan_diff"": ""NONE"", ""index_impact"": ""OPTIMAL"", ""recommendation"": ""Performance within normal operational variance.""}"
SYNTH-Q-006,Update appointment status,update_appointment_status,REL-102,v1.1.0,2026-07-17 02:08:00,15.7,16.4,1,1,9.77,2.97,d54f2bccb838a972,d54f2bccb838a972,0,idx_appt_pk,OPTIMAL,3,CURRENT,HIGH,INDEX_DROPPED,index_removed,NORMAL,OK,Slight concurrency queueing without plan degradation.,Imperceptible patient UI latency (<50ms shift); no booking hazard.,"{""rule_triggered"": ""FALSE_POSITIVE_GRACE_BAND"", ""delta_pct"": -4.27, ""delta_ms"": -0.7, ""plan_diff"": ""NONE - Query plan remains optimal index search"", ""index_impact"": ""OPTIMAL (no index drop)"", ""workload_effect"": ""Queue delay during HIGH workload"", ""recommendation"": ""Maintain baseline. No schema or query regression detected; transient queue latency.""}"
SYNTH-Q-007,Cancel appointment,cancel_appointment,REL-102,v1.1.0,2026-07-16 08:24:00,15.37,15.1,1,1,9.67,2.95,d54f2bccb838a972,d54f2bccb838a972,0,idx_appt_pk,OPTIMAL,4,CURRENT,NORMAL,INDEX_DROPPED,index_removed,NORMAL,OK,System performance within acceptable noise band.,Normal patient scheduling experience with zero delay.,"{""rule_triggered"": ""WITHIN_NOISE_BAND"", ""delta_pct"": 1.79, ""delta_ms"": 0.27, ""plan_diff"": ""NONE"", ""index_impact"": ""OPTIMAL"", ""recommendation"": ""Performance within normal operational variance.""}"
SYNTH-Q-007,Cancel appointment,cancel_appointment,REL-102,v1.1.0,2026-07-16 10:21:00,16.05,15.1,1,1,10.1,3.08,d54f2bccb838a972,d54f2bccb838a972,0,idx_appt_pk,OPTIMAL,5,CURRENT,HIGH,INDEX_DROPPED,index_removed,NORMAL,OK,Slight concurrency queueing without plan degradation.,Imperceptible patient UI latency (<50ms shift); no booking hazard.,"{""rule_triggered"": ""FALSE_POSITIVE_GRACE_BAND"", ""delta_pct"": 6.29, ""delta_ms"": 0.95, ""plan_diff"": ""NONE - Query plan remains optimal index search"", ""index_impact"": ""OPTIMAL (no index drop)"", ""workload_effect"": ""Queue delay during HIGH workload"", ""recommendation"": ""Maintain baseline. No schema or query regression detected; transient queue latency.""}"
SYNTH-Q-007,Cancel appointment,cancel_appointment,REL-102,v1.1.0,2026-07-16 12:26:00,14.53,15.1,1,1,9.14,2.79,d54f2bccb838a972,d54f2bccb838a972,0,idx_appt_pk,OPTIMAL,14,CURRENT,NORMAL,INDEX_DROPPED,index_removed,NORMAL,OK,System performance within acceptable noise band.,Normal patient scheduling experience with zero delay.,"{""rule_triggered"": ""WITHIN_NOISE_BAND"", ""delta_pct"": -3.77, ""delta_ms"": -0.57, ""plan_diff"": ""NONE"", ""index_impact"": ""OPTIMAL"", ""recommendation"": ""Performance within normal operational variance.""}"
SYNTH-Q-007,Cancel appointment,cancel_appointment,REL-102,v1.1.0,2026-07-16 14:01:00,14.85,15.1,1,1,9.34,2.85,d54f2bccb838a972,d54f2bccb838a972,0,idx_appt_pk,OPTIMAL,6,CURRENT,LOW,INDEX_DROPPED,index_removed,NORMAL,OK,System performance within acceptable noise band.,Normal patient scheduling experience with zero delay.,"{""rule_triggered"": ""WITHIN_NOISE_BAND"", ""delta_pct"": -1.66, ""delta_ms"": -0.25, ""plan_diff"": ""NONE"", ""index_impact"": ""OPTIMAL"", ""recommendation"": ""Performance within normal operational variance.""}"
SYNTH-Q-007,Cancel appointment,cancel_appointment,REL-102,v1.1.0,2026-07-16 16:04:00,14.42,15.1,1,1,9.07,2.77,d54f2bccb838a972,d54f2bccb838a972,0,idx_appt_pk,OPTIMAL,13,CURRENT,LOW,INDEX_DROPPED,index_removed,NORMAL,OK,System performance within acceptable noise band.,Normal patient scheduling experience with zero delay.,"{""rule_triggered"": ""WITHIN_NOISE_BAND"", ""delta_pct"": -4.5, ""delta_ms"": -0.68, ""plan_diff"": ""NONE"", ""index_impact"": ""OPTIMAL"", ""recommendation"": ""Performance within normal operational variance.""}"
SYNTH-Q-007,Cancel appointment,cancel_appointment,REL-102,v1.1.0,2026-07-16 18:15:00,14.39,15.1,1,1,9.05,2.76,d54f2bccb838a972,d54f2bccb838a972,0,idx_appt_pk,OPTIMAL,14,CURRENT,NORMAL,INDEX_DROPPED,index_removed,NORMAL,OK,System performance within acceptable noise band.,Normal patient scheduling experience with zero delay.,"{""rule_triggered"": ""WITHIN_NOISE_BAND"", ""delta_pct"": -4.7, ""delta_ms"": -0.71, ""plan_diff"": ""NONE"", ""index_impact"": ""OPTIMAL"", ""recommendation"": ""Performance within normal operational variance.""}"
SYNTH-Q-007,Cancel appointment,cancel_appointment,REL-102,v1.1.0,2026-07-16 20:09:00,15.42,15.1,1,1,9.7,2.96,d54f2bccb838a972,d54f2bccb838a972,0,idx_appt_pk,OPTIMAL,3,CURRENT,NORMAL,INDEX_DROPPED,index_removed,NORMAL,OK,System performance within acceptable noise band.,Normal patient scheduling experience with zero delay.,"{""rule_triggered"": ""WITHIN_NOISE_BAND"", ""delta_pct"": 2.12, ""delta_ms"": 0.32, ""plan_diff"": ""NONE"", ""index_impact"": ""OPTIMAL"", ""recommendation"": ""Performance within normal operational variance.""}"
SYNTH-Q-007,Cancel appointment,cancel_appointment,REL-102,v1.1.0,2026-07-16 22:07:00,15.93,15.1,1,1,10.02,3.06,d54f2bccb838a972,d54f2bccb838a972,0,idx_appt_pk,OPTIMAL,8,CURRENT,NORMAL,INDEX_DROPPED,index_removed,NORMAL,OK,System performance within acceptable noise band.,Normal patient scheduling experience with zero delay.,"{""rule_triggered"": ""WITHIN_NOISE_BAND"", ""delta_pct"": 5.5, ""delta_ms"": 0.83, ""plan_diff"": ""NONE"", ""index_impact"": ""OPTIMAL"", ""recommendation"": ""Performance within normal operational variance.""}"
SYNTH-Q-007,Cancel appointment,cancel_appointment,REL-102,v1.1.0,2026-07-17 00:49:00,15.72,15.1,1,1,9.89,3.02,d54f2bccb838a972,d54f2bccb838a972,0,idx_appt_pk,OPTIMAL,3,CURRENT,NORMAL,INDEX_DROPPED,index_removed,NORMAL,OK,System performance within acceptable noise band.,Normal patient scheduling experience with zero delay.,"{""rule_triggered"": ""WITHIN_NOISE_BAND"", ""delta_pct"": 4.11, ""delta_ms"": 0.62, ""plan_diff"": ""NONE"", ""index_impact"": ""OPTIMAL"", ""recommendation"": ""Performance within normal operational variance.""}"
SYNTH-Q-007,Cancel appointment,cancel_appointment,REL-102,v1.1.0,2026-07-17 02:47:00,16.2,15.1,1,1,10.19,3.11,d54f2bccb838a972,d54f2bccb838a972,0,idx_appt_pk,OPTIMAL,13,CURRENT,LOW,INDEX_DROPPED,index_removed,NORMAL,OK,System performance within acceptable noise band.,Normal patient scheduling experience with zero delay.,"{""rule_triggered"": ""WITHIN_NOISE_BAND"", ""delta_pct"": 7.28, ""delta_ms"": 1.1, ""plan_diff"": ""NONE"", ""index_impact"": ""OPTIMAL"", ""recommendation"": ""Performance within normal operational variance.""}"
SYNTH-Q-008,Retrieve doctor schedule,retrieve_doctor_schedule,REL-102,v1.1.0,2026-07-16 08:19:00,224.01,18.2,50738,16,126.28,48.0,819fe147aeaf4cdb,d92063c67a1d5b2c,1,None,REMOVED,10,CURRENT,LOW,INDEX_DROPPED,index_removed,CRITICAL_REGRESSION,CRITICAL,"Severe database CPU exhaustion, lock contention, and full table scans.",CRITICAL DOUBLE-BOOKING HAZARD: Slot check latency creates concurrent race window where two patients book same slot.,"{""rule_triggered"": ""TIME_CRITICAL_PLAN_SCAN_REGRESSION"", ""delta_pct"": 1130.82, ""delta_ms"": 205.81, ""plan_diff"": ""Index search converted to full table SCAN or Cartesian product"", ""index_impact"": ""Index status: REMOVED"", ""double_booking_risk"": ""HIGH"", ""recommendation"": ""BLOCK RELEASE. Immediately restore dropped/missing index or revert bad query plan.""}"
SYNTH-Q-008,Retrieve doctor schedule,retrieve_doctor_schedule,REL-102,v1.1.0,2026-07-16 10:36:00,424.02,18.2,50506,16,239.03,90.86,819fe147aeaf4cdb,d92063c67a1d5b2c,1,None,REMOVED,7,CURRENT,HIGH,INDEX_DROPPED,index_removed,CRITICAL_REGRESSION,CRITICAL,"Severe database CPU exhaustion, lock contention, and full table scans.",CRITICAL DOUBLE-BOOKING HAZARD: Slot check latency creates concurrent race window where two patients book same slot.,"{""rule_triggered"": ""TIME_CRITICAL_PLAN_SCAN_REGRESSION"", ""delta_pct"": 2229.78, ""delta_ms"": 405.82, ""plan_diff"": ""Index search converted to full table SCAN or Cartesian product"", ""index_impact"": ""Index status: REMOVED"", ""double_booking_risk"": ""HIGH"", ""recommendation"": ""BLOCK RELEASE. Immediately restore dropped/missing index or revert bad query plan.""}"
SYNTH-Q-008,Retrieve doctor schedule,retrieve_doctor_schedule,REL-102,v1.1.0,2026-07-16 12:04:00,370.67,18.2,50717,16,208.96,79.43,819fe147aeaf4cdb,d92063c67a1d5b2c,1,None,REMOVED,2,CURRENT,NORMAL,INDEX_DROPPED,index_removed,CRITICAL_REGRESSION,CRITICAL,"Severe database CPU exhaustion, lock contention, and full table scans.",CRITICAL DOUBLE-BOOKING HAZARD: Slot check latency creates concurrent race window where two patients book same slot.,"{""rule_triggered"": ""TIME_CRITICAL_PLAN_SCAN_REGRESSION"", ""delta_pct"": 1936.65, ""delta_ms"": 352.47, ""plan_diff"": ""Index search converted to full table SCAN or Cartesian product"", ""index_impact"": ""Index status: REMOVED"", ""double_booking_risk"": ""HIGH"", ""recommendation"": ""BLOCK RELEASE. Immediately restore dropped/missing index or revert bad query plan.""}"
SYNTH-Q-008,Retrieve doctor schedule,retrieve_doctor_schedule,REL-102,v1.1.0,2026-07-16 14:43:00,433.27,18.2,51702,16,244.25,92.84,819fe147aeaf4cdb,d92063c67a1d5b2c,1,None,REMOVED,13,CURRENT,LOW,INDEX_DROPPED,index_removed,CRITICAL_REGRESSION,CRITICAL,"Severe database CPU exhaustion, lock contention, and full table scans.",CRITICAL DOUBLE-BOOKING HAZARD: Slot check latency creates concurrent race window where two patients book same slot.,"{""rule_triggered"": ""TIME_CRITICAL_PLAN_SCAN_REGRESSION"", ""delta_pct"": 2280.6, ""delta_ms"": 415.07, ""plan_diff"": ""Index search converted to full table SCAN or Cartesian product"", ""index_impact"": ""Index status: REMOVED"", ""double_booking_risk"": ""HIGH"", ""recommendation"": ""BLOCK RELEASE. Immediately restore dropped/missing index or revert bad query plan.""}"
SYNTH-Q-008,Retrieve doctor schedule,retrieve_doctor_schedule,REL-102,v1.1.0,2026-07-16 16:02:00,311.96,18.2,50858,16,175.86,66.85,819fe147aeaf4cdb,d92063c67a1d5b2c,1,None,REMOVED,9,CURRENT,NORMAL,INDEX_DROPPED,index_removed,CRITICAL_REGRESSION,CRITICAL,"Severe database CPU exhaustion, lock contention, and full table scans.",CRITICAL DOUBLE-BOOKING HAZARD: Slot check latency creates concurrent race window where two patients book same slot.,"{""rule_triggered"": ""TIME_CRITICAL_PLAN_SCAN_REGRESSION"", ""delta_pct"": 1614.07, ""delta_ms"": 293.76, ""plan_diff"": ""Index search converted to full table SCAN or Cartesian product"", ""index_impact"": ""Index status: REMOVED"", ""double_booking_risk"": ""HIGH"", ""recommendation"": ""BLOCK RELEASE. Immediately restore dropped/missing index or revert bad query plan.""}"
SYNTH-Q-008,Retrieve doctor schedule,retrieve_doctor_schedule,REL-102,v1.1.0,2026-07-16 18:04:00,403.95,18.2,51784,16,227.72,86.56,819fe147aeaf4cdb,d92063c67a1d5b2c,1,None,REMOVED,1,CURRENT,NORMAL,INDEX_DROPPED,index_removed,CRITICAL_REGRESSION,CRITICAL,"Severe database CPU exhaustion, lock contention, and full table scans.",CRITICAL DOUBLE-BOOKING HAZARD: Slot check latency creates concurrent race window where two patients book same slot.,"{""rule_triggered"": ""TIME_CRITICAL_PLAN_SCAN_REGRESSION"", ""delta_pct"": 2119.51, ""delta_ms"": 385.75, ""plan_diff"": ""Index search converted to full table SCAN or Cartesian product"", ""index_impact"": ""Index status: REMOVED"", ""double_booking_risk"": ""HIGH"", ""recommendation"": ""BLOCK RELEASE. Immediately restore dropped/missing index or revert bad query plan.""}"
SYNTH-Q-008,Retrieve doctor schedule,retrieve_doctor_schedule,REL-102,v1.1.0,2026-07-16 20:31:00,428.24,18.2,51401,16,241.41,91.76,819fe147aeaf4cdb,d92063c67a1d5b2c,1,None,REMOVED,7,CURRENT,LOW,INDEX_DROPPED,index_removed,CRITICAL_REGRESSION,CRITICAL,"Severe database CPU exhaustion, lock contention, and full table scans.",CRITICAL DOUBLE-BOOKING HAZARD: Slot check latency creates concurrent race window where two patients book same slot.,"{""rule_triggered"": ""TIME_CRITICAL_PLAN_SCAN_REGRESSION"", ""delta_pct"": 2252.97, ""delta_ms"": 410.04, ""plan_diff"": ""Index search converted to full table SCAN or Cartesian product"", ""index_impact"": ""Index status: REMOVED"", ""double_booking_risk"": ""HIGH"", ""recommendation"": ""BLOCK RELEASE. Immediately restore dropped/missing index or revert bad query plan.""}"
SYNTH-Q-008,Retrieve doctor schedule,retrieve_doctor_schedule,REL-102,v1.1.0,2026-07-16 22:29:00,256.87,18.2,51168,16,144.81,55.04,819fe147aeaf4cdb,d92063c67a1d5b2c,1,None,REMOVED,7,CURRENT,NORMAL,INDEX_DROPPED,index_removed,CRITICAL_REGRESSION,CRITICAL,"Severe database CPU exhaustion, lock contention, and full table scans.",CRITICAL DOUBLE-BOOKING HAZARD: Slot check latency creates concurrent race window where two patients book same slot.,"{""rule_triggered"": ""TIME_CRITICAL_PLAN_SCAN_REGRESSION"", ""delta_pct"": 1311.37, ""delta_ms"": 238.67, ""plan_diff"": ""Index search converted to full table SCAN or Cartesian product"", ""index_impact"": ""Index status: REMOVED"", ""double_booking_risk"": ""HIGH"", ""recommendation"": ""BLOCK RELEASE. Immediately restore dropped/missing index or revert bad query plan.""}"
SYNTH-Q-008,Retrieve doctor schedule,retrieve_doctor_schedule,REL-102,v1.1.0,2026-07-17 00:41:00,394.91,18.2,51202,16,222.63,84.62,819fe147aeaf4cdb,d92063c67a1d5b2c,1,None,REMOVED,10,CURRENT,NORMAL,INDEX_DROPPED,index_removed,CRITICAL_REGRESSION,CRITICAL,"Severe database CPU exhaustion, lock contention, and full table scans.",CRITICAL DOUBLE-BOOKING HAZARD: Slot check latency creates concurrent race window where two patients book same slot.,"{""rule_triggered"": ""TIME_CRITICAL_PLAN_SCAN_REGRESSION"", ""delta_pct"": 2069.84, ""delta_ms"": 376.71, ""plan_diff"": ""Index search converted to full table SCAN or Cartesian product"", ""index_impact"": ""Index status: REMOVED"", ""double_booking_risk"": ""HIGH"", ""recommendation"": ""BLOCK RELEASE. Immediately restore dropped/missing index or revert bad query plan.""}"
SYNTH-Q-008,Retrieve doctor schedule,retrieve_doctor_schedule,REL-102,v1.1.0,2026-07-17 02:49:00,313.53,18.2,51597,16,176.75,67.18,819fe147aeaf4cdb,d92063c67a1d5b2c,1,None,REMOVED,8,CURRENT,HIGH,INDEX_DROPPED,index_removed,CRITICAL_REGRESSION,CRITICAL,"Severe database CPU exhaustion, lock contention, and full table scans.",CRITICAL DOUBLE-BOOKING HAZARD: Slot check latency creates concurrent race window where two patients book same slot.,"{""rule_triggered"": ""TIME_CRITICAL_PLAN_SCAN_REGRESSION"", ""delta_pct"": 1622.69, ""delta_ms"": 295.33, ""plan_diff"": ""Index search converted to full table SCAN or Cartesian product"", ""index_impact"": ""Index status: REMOVED"", ""double_booking_risk"": ""HIGH"", ""recommendation"": ""BLOCK RELEASE. Immediately restore dropped/missing index or revert bad query plan.""}"
SYNTH-Q-009,Retrieve department schedule,retrieve_department_schedule,REL-102,v1.1.0,2026-07-16 08:37:00,37.72,35.0,480,65,25.33,7.33,364020380f4bd7af,364020380f4bd7af,0,idx_appt_dept_date,OPTIMAL,6,CURRENT,NORMAL,INDEX_DROPPED,index_removed,NORMAL,OK,System performance within acceptable noise band.,Normal patient scheduling experience with zero delay.,"{""rule_triggered"": ""WITHIN_NOISE_BAND"", ""delta_pct"": 7.77, ""delta_ms"": 2.72, ""plan_diff"": ""NONE"", ""index_impact"": ""OPTIMAL"", ""recommendation"": ""Performance within normal operational variance.""}"
SYNTH-Q-009,Retrieve department schedule,retrieve_department_schedule,REL-102,v1.1.0,2026-07-16 10:05:00,34.53,35.0,480,65,23.18,6.71,364020380f4bd7af,364020380f4bd7af,0,idx_appt_dept_date,OPTIMAL,8,CURRENT,NORMAL,INDEX_DROPPED,index_removed,NORMAL,OK,System performance within acceptable noise band.,Normal patient scheduling experience with zero delay.,"{""rule_triggered"": ""WITHIN_NOISE_BAND"", ""delta_pct"": -1.34, ""delta_ms"": -0.47, ""plan_diff"": ""NONE"", ""index_impact"": ""OPTIMAL"", ""recommendation"": ""Performance within normal operational variance.""}"
SYNTH-Q-009,Retrieve department schedule,retrieve_department_schedule,REL-102,v1.1.0,2026-07-16 12:29:00,33.4,35.0,480,65,22.43,6.49,364020380f4bd7af,364020380f4bd7af,0,idx_appt_dept_date,OPTIMAL,6,CURRENT,HIGH,INDEX_DROPPED,index_removed,NORMAL,OK,Slight concurrency queueing without plan degradation.,Imperceptible patient UI latency (<50ms shift); no booking hazard.,"{""rule_triggered"": ""FALSE_POSITIVE_GRACE_BAND"", ""delta_pct"": -4.57, ""delta_ms"": -1.6, ""plan_diff"": ""NONE - Query plan remains optimal index search"", ""index_impact"": ""OPTIMAL (no index drop)"", ""workload_effect"": ""Queue delay during HIGH workload"", ""recommendation"": ""Maintain baseline. No schema or query regression detected; transient queue latency.""}"
SYNTH-Q-009,Retrieve department schedule,retrieve_department_schedule,REL-102,v1.1.0,2026-07-16 14:20:00,34.36,35.0,480,65,23.07,6.68,364020380f4bd7af,364020380f4bd7af,0,idx_appt_dept_date,OPTIMAL,8,CURRENT,NORMAL,INDEX_DROPPED,index_removed,NORMAL,OK,System performance within acceptable noise band.,Normal patient scheduling experience with zero delay.,"{""rule_triggered"": ""WITHIN_NOISE_BAND"", ""delta_pct"": -1.83, ""delta_ms"": -0.64, ""plan_diff"": ""NONE"", ""index_impact"": ""OPTIMAL"", ""recommendation"": ""Performance within normal operational variance.""}"
SYNTH-Q-009,Retrieve department schedule,retrieve_department_schedule,REL-102,v1.1.0,2026-07-16 16:16:00,37.87,35.0,480,65,25.43,7.36,364020380f4bd7af,364020380f4bd7af,0,idx_appt_dept_date,OPTIMAL,5,CURRENT,NORMAL,INDEX_DROPPED,index_removed,NORMAL,OK,System performance within acceptable noise band.,Normal patient scheduling experience with zero delay.,"{""rule_triggered"": ""WITHIN_NOISE_BAND"", ""delta_pct"": 8.2, ""delta_ms"": 2.87, ""plan_diff"": ""NONE"", ""index_impact"": ""OPTIMAL"", ""recommendation"": ""Performance within normal operational variance.""}"
SYNTH-Q-009,Retrieve department schedule,retrieve_department_schedule,REL-102,v1.1.0,2026-07-16 18:44:00,33.3,35.0,480,65,22.36,6.47,364020380f4bd7af,364020380f4bd7af,0,idx_appt_dept_date,OPTIMAL,9,CURRENT,NORMAL,INDEX_DROPPED,index_removed,NORMAL,OK,System performance within acceptable noise band.,Normal patient scheduling experience with zero delay.,"{""rule_triggered"": ""WITHIN_NOISE_BAND"", ""delta_pct"": -4.86, ""delta_ms"": -1.7, ""plan_diff"": ""NONE"", ""index_impact"": ""OPTIMAL"", ""recommendation"": ""Performance within normal operational variance.""}"
SYNTH-Q-009,Retrieve department schedule,retrieve_department_schedule,REL-102,v1.1.0,2026-07-16 20:12:00,37.03,35.0,480,65,24.86,7.19,364020380f4bd7af,364020380f4bd7af,0,idx_appt_dept_date,OPTIMAL,4,CURRENT,LOW,INDEX_DROPPED,index_removed,NORMAL,OK,System performance within acceptable noise band.,Normal patient scheduling experience with zero delay.,"{""rule_triggered"": ""WITHIN_NOISE_BAND"", ""delta_pct"": 5.8, ""delta_ms"": 2.03, ""plan_diff"": ""NONE"", ""index_impact"": ""OPTIMAL"", ""recommendation"": ""Performance within normal operational variance.""}"
SYNTH-Q-009,Retrieve department schedule,retrieve_department_schedule,REL-102,v1.1.0,2026-07-16 22:31:00,35.75,35.0,480,65,24.0,6.95,364020380f4bd7af,364020380f4bd7af,0,idx_appt_dept_date,OPTIMAL,12,CURRENT,NORMAL,INDEX_DROPPED,index_removed,NORMAL,OK,System performance within acceptable noise band.,Normal patient scheduling experience with zero delay.,"{""rule_triggered"": ""WITHIN_NOISE_BAND"", ""delta_pct"": 2.14, ""delta_ms"": 0.75, ""plan_diff"": ""NONE"", ""index_impact"": ""OPTIMAL"", ""recommendation"": ""Performance within normal operational variance.""}"
SYNTH-Q-009,Retrieve department schedule,retrieve_department_schedule,REL-102,v1.1.0,2026-07-17 00:45:00,37.41,35.0,480,65,25.12,7.27,364020380f4bd7af,364020380f4bd7af,0,idx_appt_dept_date,OPTIMAL,8,CURRENT,HIGH,INDEX_DROPPED,index_removed,NORMAL,OK,Slight concurrency queueing without plan degradation.,Imperceptible patient UI latency (<50ms shift); no booking hazard.,"{""rule_triggered"": ""FALSE_POSITIVE_GRACE_BAND"", ""delta_pct"": 6.89, ""delta_ms"": 2.41, ""plan_diff"": ""NONE - Query plan remains optimal index search"", ""index_impact"": ""OPTIMAL (no index drop)"", ""workload_effect"": ""Queue delay during HIGH workload"", ""recommendation"": ""Maintain baseline. No schema or query regression detected; transient queue latency.""}"
SYNTH-Q-009,Retrieve department schedule,retrieve_department_schedule,REL-102,v1.1.0,2026-07-17 02:05:00,35.37,35.0,480,65,23.75,6.87,364020380f4bd7af,364020380f4bd7af,0,idx_appt_dept_date,OPTIMAL,4,CURRENT,NORMAL,INDEX_DROPPED,index_removed,NORMAL,OK,System performance within acceptable noise band.,Normal patient scheduling experience with zero delay.,"{""rule_triggered"": ""WITHIN_NOISE_BAND"", ""delta_pct"": 1.06, ""delta_ms"": 0.37, ""plan_diff"": ""NONE"", ""index_impact"": ""OPTIMAL"", ""recommendation"": ""Performance within normal operational variance.""}"
SYNTH-Q-001,Find available appointment slots,find_available_slots,REL-103,v1.2.0,2026-07-31 08:15:00,11.84,14.5,84,18,7.31,1.54,f3491ff6f54a2948,62c759822b393c31,1,idx_appt_dept_date_status,ADDED,11,CURRENT,NORMAL,INDEX_ADDED,index_added,NORMAL,OK,Stable execution profile.,Smooth booking workflow.,"{""rule_triggered"": ""NORMAL_STABLE_OR_IMPROVED"", ""delta_pct"": -18.34, ""delta_ms"": -2.66, ""plan_diff"": ""NONE"", ""index_impact"": ""ADDED"", ""recommendation"": ""Release is safe for deployment.""}"
SYNTH-Q-001,Find available appointment slots,find_available_slots,REL-103,v1.2.0,2026-07-31 10:27:00,12.19,14.5,84,18,6.94,1.39,f3491ff6f54a2948,62c759822b393c31,1,idx_appt_dept_date_status,ADDED,6,CURRENT,NORMAL,INDEX_ADDED,index_added,NORMAL,OK,Stable execution profile.,Smooth booking workflow.,"{""rule_triggered"": ""NORMAL_STABLE_OR_IMPROVED"", ""delta_pct"": -15.93, ""delta_ms"": -2.31, ""plan_diff"": ""NONE"", ""index_impact"": ""ADDED"", ""recommendation"": ""Release is safe for deployment.""}"
SYNTH-Q-001,Find available appointment slots,find_available_slots,REL-103,v1.2.0,2026-07-31 12:07:00,10.5,14.5,84,18,7.43,1.66,f3491ff6f54a2948,62c759822b393c31,1,idx_appt_dept_date_status,ADDED,6,CURRENT,NORMAL,INDEX_ADDED,index_added,NORMAL,OK,Stable execution profile.,Smooth booking workflow.,"{""rule_triggered"": ""NORMAL_STABLE_OR_IMPROVED"", ""delta_pct"": -27.59, ""delta_ms"": -4.0, ""plan_diff"": ""NONE"", ""index_impact"": ""ADDED"", ""recommendation"": ""Release is safe for deployment.""}"
SYNTH-Q-001,Find available appointment slots,find_available_slots,REL-103,v1.2.0,2026-07-31 14:11:00,12.29,14.5,84,18,6.95,1.57,f3491ff6f54a2948,62c759822b393c31,1,idx_appt_dept_date_status,ADDED,4,CURRENT,NORMAL,INDEX_ADDED,index_added,NORMAL,OK,Stable execution profile.,Smooth booking workflow.,"{""rule_triggered"": ""NORMAL_STABLE_OR_IMPROVED"", ""delta_pct"": -15.24, ""delta_ms"": -2.21, ""plan_diff"": ""NONE"", ""index_impact"": ""ADDED"", ""recommendation"": ""Release is safe for deployment.""}"
SYNTH-Q-001,Find available appointment slots,find_available_slots,REL-103,v1.2.0,2026-07-31 16:48:00,12.56,14.5,84,18,6.99,1.45,f3491ff6f54a2948,62c759822b393c31,1,idx_appt_dept_date_status,ADDED,2,CURRENT,NORMAL,INDEX_ADDED,index_added,NORMAL,OK,Stable execution profile.,Smooth booking workflow.,"{""rule_triggered"": ""NORMAL_STABLE_OR_IMPROVED"", ""delta_pct"": -13.38, ""delta_ms"": -1.94, ""plan_diff"": ""NONE"", ""index_impact"": ""ADDED"", ""recommendation"": ""Release is safe for deployment.""}"
SYNTH-Q-001,Find available appointment slots,find_available_slots,REL-103,v1.2.0,2026-07-31 18:19:00,11.7,14.5,84,18,6.94,1.77,f3491ff6f54a2948,62c759822b393c31,1,idx_appt_dept_date_status,ADDED,12,CURRENT,LOW,INDEX_ADDED,index_added,NORMAL,OK,Stable execution profile.,Smooth booking workflow.,"{""rule_triggered"": ""NORMAL_STABLE_OR_IMPROVED"", ""delta_pct"": -19.31, ""delta_ms"": -2.8, ""plan_diff"": ""NONE"", ""index_impact"": ""ADDED"", ""recommendation"": ""Release is safe for deployment.""}"
SYNTH-Q-001,Find available appointment slots,find_available_slots,REL-103,v1.2.0,2026-07-31 20:35:00,12.89,14.5,84,18,7.61,1.66,f3491ff6f54a2948,62c759822b393c31,1,idx_appt_dept_date_status,ADDED,12,CURRENT,NORMAL,INDEX_ADDED,index_added,NORMAL,OK,Stable execution profile.,Smooth booking workflow.,"{""rule_triggered"": ""NORMAL_STABLE_OR_IMPROVED"", ""delta_pct"": -11.1, ""delta_ms"": -1.61, ""plan_diff"": ""NONE"", ""index_impact"": ""ADDED"", ""recommendation"": ""Release is safe for deployment.""}"
SYNTH-Q-001,Find available appointment slots,find_available_slots,REL-103,v1.2.0,2026-07-31 22:06:00,10.97,14.5,84,18,7.32,1.44,f3491ff6f54a2948,62c759822b393c31,1,idx_appt_dept_date_status,ADDED,10,CURRENT,LOW,INDEX_ADDED,index_added,NORMAL,OK,Stable execution profile.,Smooth booking workflow.,"{""rule_triggered"": ""NORMAL_STABLE_OR_IMPROVED"", ""delta_pct"": -24.34, ""delta_ms"": -3.53, ""plan_diff"": ""NONE"", ""index_impact"": ""ADDED"", ""recommendation"": ""Release is safe for deployment.""}"
SYNTH-Q-001,Find available appointment slots,find_available_slots,REL-103,v1.2.0,2026-08-01 00:03:00,11.54,14.5,84,18,7.95,1.47,f3491ff6f54a2948,62c759822b393c31,1,idx_appt_dept_date_status,ADDED,14,CURRENT,NORMAL,INDEX_ADDED,index_added,NORMAL,OK,Stable execution profile.,Smooth booking workflow.,"{""rule_triggered"": ""NORMAL_STABLE_OR_IMPROVED"", ""delta_pct"": -20.41, ""delta_ms"": -2.96, ""plan_diff"": ""NONE"", ""index_impact"": ""ADDED"", ""recommendation"": ""Release is safe for deployment.""}"
SYNTH-Q-001,Find available appointment slots,find_available_slots,REL-103,v1.2.0,2026-08-01 02:04:00,10.58,14.5,84,18,7.48,1.42,f3491ff6f54a2948,62c759822b393c31,1,idx_appt_dept_date_status,ADDED,3,CURRENT,LOW,INDEX_ADDED,index_added,NORMAL,OK,Stable execution profile.,Smooth booking workflow.,"{""rule_triggered"": ""NORMAL_STABLE_OR_IMPROVED"", ""delta_pct"": -27.03, ""delta_ms"": -3.92, ""plan_diff"": ""NONE"", ""index_impact"": ""ADDED"", ""recommendation"": ""Release is safe for deployment.""}"
SYNTH-Q-002,Check doctor availability,check_doctor_availability,REL-103,v1.2.0,2026-07-31 08:15:00,9.55,11.2,31,8,5.75,1.12,d556dcb0fb9dd190,d92063c67a1d5b2c,1,idx_appt_doctor_date,ADDED,9,CURRENT,LOW,INDEX_ADDED,index_added,NORMAL,OK,Stable execution profile.,Smooth booking workflow.,"{""rule_triggered"": ""NORMAL_STABLE_OR_IMPROVED"", ""delta_pct"": -14.73, ""delta_ms"": -1.65, ""plan_diff"": ""NONE"", ""index_impact"": ""ADDED"", ""recommendation"": ""Release is safe for deployment.""}"
SYNTH-Q-002,Check doctor availability,check_doctor_availability,REL-103,v1.2.0,2026-07-31 10:14:00,9.88,11.2,31,8,5.32,1.05,d556dcb0fb9dd190,d92063c67a1d5b2c,1,idx_appt_doctor_date,ADDED,8,CURRENT,HIGH,INDEX_ADDED,index_added,NORMAL,OK,Stable execution profile.,Smooth booking workflow.,"{""rule_triggered"": ""NORMAL_STABLE_OR_IMPROVED"", ""delta_pct"": -11.79, ""delta_ms"": -1.32, ""plan_diff"": ""NONE"", ""index_impact"": ""ADDED"", ""recommendation"": ""Release is safe for deployment.""}"
SYNTH-Q-002,Check doctor availability,check_doctor_availability,REL-103,v1.2.0,2026-07-31 12:27:00,9.23,11.2,31,8,5.75,1.1,d556dcb0fb9dd190,d92063c67a1d5b2c,1,idx_appt_doctor_date,ADDED,10,CURRENT,NORMAL,INDEX_ADDED,index_added,NORMAL,OK,Stable execution profile.,Smooth booking workflow.,"{""rule_triggered"": ""NORMAL_STABLE_OR_IMPROVED"", ""delta_pct"": -17.59, ""delta_ms"": -1.97, ""plan_diff"": ""NONE"", ""index_impact"": ""ADDED"", ""recommendation"": ""Release is safe for deployment.""}"
SYNTH-Q-002,Check doctor availability,check_doctor_availability,REL-103,v1.2.0,2026-07-31 14:48:00,8.31,11.2,31,8,5.82,0.89,d556dcb0fb9dd190,d92063c67a1d5b2c,1,idx_appt_doctor_date,ADDED,11,CURRENT,NORMAL,INDEX_ADDED,index_added,NORMAL,OK,Stable execution profile.,Smooth booking workflow.,"{""rule_triggered"": ""NORMAL_STABLE_OR_IMPROVED"", ""delta_pct"": -25.8, ""delta_ms"": -2.89, ""plan_diff"": ""NONE"", ""index_impact"": ""ADDED"", ""recommendation"": ""Release is safe for deployment.""}"
SYNTH-Q-002,Check doctor availability,check_doctor_availability,REL-103,v1.2.0,2026-07-31 16:11:00,7.85,11.2,31,8,5.53,1.05,d556dcb0fb9dd190,d92063c67a1d5b2c,1,idx_appt_doctor_date,ADDED,3,CURRENT,LOW,INDEX_ADDED,index_added,NORMAL,OK,Stable execution profile.,Smooth booking workflow.,"{""rule_triggered"": ""NORMAL_STABLE_OR_IMPROVED"", ""delta_pct"": -29.91, ""delta_ms"": -3.35, ""plan_diff"": ""NONE"", ""index_impact"": ""ADDED"", ""recommendation"": ""Release is safe for deployment.""}"
SYNTH-Q-002,Check doctor availability,check_doctor_availability,REL-103,v1.2.0,2026-07-31 18:18:00,8.49,11.2,31,8,5.3,1.14,d556dcb0fb9dd190,d92063c67a1d5b2c,1,idx_appt_doctor_date,ADDED,4,CURRENT,LOW,INDEX_ADDED,index_added,NORMAL,OK,Stable execution profile.,Smooth booking workflow.,"{""rule_triggered"": ""NORMAL_STABLE_OR_IMPROVED"", ""delta_pct"": -24.2, ""delta_ms"": -2.71, ""plan_diff"": ""NONE"", ""index_impact"": ""ADDED"", ""recommendation"": ""Release is safe for deployment.""}"
SYNTH-Q-002,Check doctor availability,check_doctor_availability,REL-103,v1.2.0,2026-07-31 20:04:00,9.6,11.2,31,8,5.78,1.07,d556dcb0fb9dd190,d92063c67a1d5b2c,1,idx_appt_doctor_date,ADDED,5,CURRENT,NORMAL,INDEX_ADDED,index_added,NORMAL,OK,Stable execution profile.,Smooth booking workflow.,"{""rule_triggered"": ""NORMAL_STABLE_OR_IMPROVED"", ""delta_pct"": -14.29, ""delta_ms"": -1.6, ""plan_diff"": ""NONE"", ""index_impact"": ""ADDED"", ""recommendation"": ""Release is safe for deployment.""}"
SYNTH-Q-002,Check doctor availability,check_doctor_availability,REL-103,v1.2.0,2026-07-31 22:12:00,9.06,11.2,31,8,5.81,1.16,d556dcb0fb9dd190,d92063c67a1d5b2c,1,idx_appt_doctor_date,ADDED,2,CURRENT,HIGH,INDEX_ADDED,index_added,NORMAL,OK,Stable execution profile.,Smooth booking workflow.,"{""rule_triggered"": ""NORMAL_STABLE_OR_IMPROVED"", ""delta_pct"": -19.11, ""delta_ms"": -2.14, ""plan_diff"": ""NONE"", ""index_impact"": ""ADDED"", ""recommendation"": ""Release is safe for deployment.""}"
SYNTH-Q-002,Check doctor availability,check_doctor_availability,REL-103,v1.2.0,2026-08-01 00:09:00,8.21,11.2,31,8,5.33,1.1,d556dcb0fb9dd190,d92063c67a1d5b2c,1,idx_appt_doctor_date,ADDED,1,CURRENT,LOW,INDEX_ADDED,index_added,NORMAL,OK,Stable execution profile.,Smooth booking workflow.,"{""rule_triggered"": ""NORMAL_STABLE_OR_IMPROVED"", ""delta_pct"": -26.7, ""delta_ms"": -2.99, ""plan_diff"": ""NONE"", ""index_impact"": ""ADDED"", ""recommendation"": ""Release is safe for deployment.""}"
SYNTH-Q-002,Check doctor availability,check_doctor_availability,REL-103,v1.2.0,2026-08-01 02:36:00,8.12,11.2,31,8,5.86,1.08,d556dcb0fb9dd190,d92063c67a1d5b2c,1,idx_appt_doctor_date,ADDED,8,CURRENT,NORMAL,INDEX_ADDED,index_added,NORMAL,OK,Stable execution profile.,Smooth booking workflow.,"{""rule_triggered"": ""NORMAL_STABLE_OR_IMPROVED"", ""delta_pct"": -27.5, ""delta_ms"": -3.08, ""plan_diff"": ""NONE"", ""index_impact"": ""ADDED"", ""recommendation"": ""Release is safe for deployment.""}"
SYNTH-Q-003,Create appointment,create_appointment,REL-103,v1.2.0,2026-07-31 08:17:00,15.75,22.0,10,1,10.27,2.97,957ef4b03f05c165,6334b72f6d2d33d6,1,idx_appt_doctor_date_time,ADDED,8,CURRENT,HIGH,INDEX_ADDED,index_added,NORMAL,OK,Stable execution profile.,Smooth booking workflow.,"{""rule_triggered"": ""NORMAL_STABLE_OR_IMPROVED"", ""delta_pct"": -28.41, ""delta_ms"": -6.25, ""plan_diff"": ""NONE"", ""index_impact"": ""ADDED"", ""recommendation"": ""Release is safe for deployment.""}"
SYNTH-Q-003,Create appointment,create_appointment,REL-103,v1.2.0,2026-07-31 10:20:00,15.8,22.0,10,1,12.94,3.4,957ef4b03f05c165,6334b72f6d2d33d6,1,idx_appt_doctor_date_time,ADDED,1,CURRENT,NORMAL,INDEX_ADDED,index_added,NORMAL,OK,Stable execution profile.,Smooth booking workflow.,"{""rule_triggered"": ""NORMAL_STABLE_OR_IMPROVED"", ""delta_pct"": -28.18, ""delta_ms"": -6.2, ""plan_diff"": ""NONE"", ""index_impact"": ""ADDED"", ""recommendation"": ""Release is safe for deployment.""}"
SYNTH-Q-003,Create appointment,create_appointment,REL-103,v1.2.0,2026-07-31 12:36:00,18.36,22.0,10,1,10.93,2.56,957ef4b03f05c165,6334b72f6d2d33d6,1,idx_appt_doctor_date_time,ADDED,13,CURRENT,LOW,INDEX_ADDED,index_added,NORMAL,OK,Stable execution profile.,Smooth booking workflow.,"{""rule_triggered"": ""NORMAL_STABLE_OR_IMPROVED"", ""delta_pct"": -16.55, ""delta_ms"": -3.64, ""plan_diff"": ""NONE"", ""index_impact"": ""ADDED"", ""recommendation"": ""Release is safe for deployment.""}"
SYNTH-Q-003,Create appointment,create_appointment,REL-103,v1.2.0,2026-07-31 14:48:00,17.68,22.0,10,1,11.43,2.81,957ef4b03f05c165,6334b72f6d2d33d6,1,idx_appt_doctor_date_time,ADDED,8,CURRENT,NORMAL,INDEX_ADDED,index_added,NORMAL,OK,Stable execution profile.,Smooth booking workflow.,"{""rule_triggered"": ""NORMAL_STABLE_OR_IMPROVED"", ""delta_pct"": -19.64, ""delta_ms"": -4.32, ""plan_diff"": ""NONE"", ""index_impact"": ""ADDED"", ""recommendation"": ""Release is safe for deployment.""}"
SYNTH-Q-003,Create appointment,create_appointment,REL-103,v1.2.0,2026-07-31 16:37:00,18.98,22.0,10,1,12.96,3.01,957ef4b03f05c165,6334b72f6d2d33d6,1,idx_appt_doctor_date_time,ADDED,11,CURRENT,HIGH,INDEX_ADDED,index_added,NORMAL,OK,Stable execution profile.,Smooth booking workflow.,"{""rule_triggered"": ""NORMAL_STABLE_OR_IMPROVED"", ""delta_pct"": -13.73, ""delta_ms"": -3.02, ""plan_diff"": ""NONE"", ""index_impact"": ""ADDED"", ""recommendation"": ""Release is safe for deployment.""}"
SYNTH-Q-003,Create appointment,create_appointment,REL-103,v1.2.0,2026-07-31 18:26:00,18.35,22.0,10,1,12.64,2.87,957ef4b03f05c165,6334b72f6d2d33d6,1,idx_appt_doctor_date_time,ADDED,6,CURRENT,NORMAL,INDEX_ADDED,index_added,NORMAL,OK,Stable execution profile.,Smooth booking workflow.,"{""rule_triggered"": ""NORMAL_STABLE_OR_IMPROVED"", ""delta_pct"": -16.59, ""delta_ms"": -3.65, ""plan_diff"": ""NONE"", ""index_impact"": ""ADDED"", ""recommendation"": ""Release is safe for deployment.""}"
SYNTH-Q-003,Create appointment,create_appointment,REL-103,v1.2.0,2026-07-31 20:44:00,18.32,22.0,10,1,11.31,3.32,957ef4b03f05c165,6334b72f6d2d33d6,1,idx_appt_doctor_date_time,ADDED,5,CURRENT,HIGH,INDEX_ADDED,index_added,NORMAL,OK,Stable execution profile.,Smooth booking workflow.,"{""rule_triggered"": ""NORMAL_STABLE_OR_IMPROVED"", ""delta_pct"": -16.73, ""delta_ms"": -3.68, ""plan_diff"": ""NONE"", ""index_impact"": ""ADDED"", ""recommendation"": ""Release is safe for deployment.""}"
SYNTH-Q-003,Create appointment,create_appointment,REL-103,v1.2.0,2026-07-31 22:02:00,16.78,22.0,10,1,11.09,3.54,957ef4b03f05c165,6334b72f6d2d33d6,1,idx_appt_doctor_date_time,ADDED,2,CURRENT,HIGH,INDEX_ADDED,index_added,NORMAL,OK,Stable execution profile.,Smooth booking workflow.,"{""rule_triggered"": ""NORMAL_STABLE_OR_IMPROVED"", ""delta_pct"": -23.73, ""delta_ms"": -5.22, ""plan_diff"": ""NONE"", ""index_impact"": ""ADDED"", ""recommendation"": ""Release is safe for deployment.""}"
SYNTH-Q-003,Create appointment,create_appointment,REL-103,v1.2.0,2026-08-01 00:25:00,19.23,22.0,10,1,11.49,2.58,957ef4b03f05c165,6334b72f6d2d33d6,1,idx_appt_doctor_date_time,ADDED,11,CURRENT,LOW,INDEX_ADDED,index_added,NORMAL,OK,Stable execution profile.,Smooth booking workflow.,"{""rule_triggered"": ""NORMAL_STABLE_OR_IMPROVED"", ""delta_pct"": -12.59, ""delta_ms"": -2.77, ""plan_diff"": ""NONE"", ""index_impact"": ""ADDED"", ""recommendation"": ""Release is safe for deployment.""}"
SYNTH-Q-003,Create appointment,create_appointment,REL-103,v1.2.0,2026-08-01 02:33:00,18.73,22.0,10,1,11.96,3.32,957ef4b03f05c165,6334b72f6d2d33d6,1,idx_appt_doctor_date_time,ADDED,10,CURRENT,NORMAL,INDEX_ADDED,index_added,NORMAL,OK,Stable execution profile.,Smooth booking workflow.,"{""rule_triggered"": ""NORMAL_STABLE_OR_IMPROVED"", ""delta_pct"": -14.86, ""delta_ms"": -3.27, ""plan_diff"": ""NONE"", ""index_impact"": ""ADDED"", ""recommendation"": ""Release is safe for deployment.""}"
SYNTH-Q-004,Verify whether an appointment slot is already booked,verify_slot_booked,REL-103,v1.2.0,2026-07-31 08:13:00,10.02,13.8,17,1,6.44,1.48,058aae5559b304ea,b1ad58e1033f203f,1,idx_appt_doctor_date_time_status,ADDED,9,CURRENT,NORMAL,INDEX_ADDED,index_added,NORMAL,OK,Stable execution profile.,Smooth booking workflow.,"{""rule_triggered"": ""NORMAL_STABLE_OR_IMPROVED"", ""delta_pct"": -27.39, ""delta_ms"": -3.78, ""plan_diff"": ""NONE"", ""index_impact"": ""ADDED"", ""recommendation"": ""Release is safe for deployment.""}"
SYNTH-Q-004,Verify whether an appointment slot is already booked,verify_slot_booked,REL-103,v1.2.0,2026-07-31 10:31:00,12.35,13.8,17,1,6.99,1.19,058aae5559b304ea,b1ad58e1033f203f,1,idx_appt_doctor_date_time_status,ADDED,1,CURRENT,LOW,INDEX_ADDED,index_added,NORMAL,OK,Stable execution profile.,Smooth booking workflow.,"{""rule_triggered"": ""NORMAL_STABLE_OR_IMPROVED"", ""delta_pct"": -10.51, ""delta_ms"": -1.45, ""plan_diff"": ""NONE"", ""index_impact"": ""ADDED"", ""recommendation"": ""Release is safe for deployment.""}"
SYNTH-Q-004,Verify whether an appointment slot is already booked,verify_slot_booked,REL-103,v1.2.0,2026-07-31 12:10:00,9.7,13.8,17,1,6.64,1.18,058aae5559b304ea,b1ad58e1033f203f,1,idx_appt_doctor_date_time_status,ADDED,9,CURRENT,NORMAL,INDEX_ADDED,index_added,NORMAL,OK,Stable execution profile.,Smooth booking workflow.,"{""rule_triggered"": ""NORMAL_STABLE_OR_IMPROVED"", ""delta_pct"": -29.71, ""delta_ms"": -4.1, ""plan_diff"": ""NONE"", ""index_impact"": ""ADDED"", ""recommendation"": ""Release is safe for deployment.""}"
SYNTH-Q-004,Verify whether an appointment slot is already booked,verify_slot_booked,REL-103,v1.2.0,2026-07-31 14:07:00,11.45,13.8,17,1,6.21,1.5,058aae5559b304ea,b1ad58e1033f203f,1,idx_appt_doctor_date_time_status,ADDED,2,CURRENT,HIGH,INDEX_ADDED,index_added,NORMAL,OK,Stable execution profile.,Smooth booking workflow.,"{""rule_triggered"": ""NORMAL_STABLE_OR_IMPROVED"", ""delta_pct"": -17.03, ""delta_ms"": -2.35, ""plan_diff"": ""NONE"", ""index_impact"": ""ADDED"", ""recommendation"": ""Release is safe for deployment.""}"
SYNTH-Q-004,Verify whether an appointment slot is already booked,verify_slot_booked,REL-103,v1.2.0,2026-07-31 16:18:00,11.96,13.8,17,1,7.62,1.19,058aae5559b304ea,b1ad58e1033f203f,1,idx_appt_doctor_date_time_status,ADDED,7,CURRENT,NORMAL,INDEX_ADDED,index_added,NORMAL,OK,Stable execution profile.,Smooth booking workflow.,"{""rule_triggered"": ""NORMAL_STABLE_OR_IMPROVED"", ""delta_pct"": -13.33, ""delta_ms"": -1.84, ""plan_diff"": ""NONE"", ""index_impact"": ""ADDED"", ""recommendation"": ""Release is safe for deployment.""}"
SYNTH-Q-004,Verify whether an appointment slot is already booked,verify_slot_booked,REL-103,v1.2.0,2026-07-31 18:35:00,10.19,13.8,17,1,6.97,1.42,058aae5559b304ea,b1ad58e1033f203f,1,idx_appt_doctor_date_time_status,ADDED,7,CURRENT,NORMAL,INDEX_ADDED,index_added,NORMAL,OK,Stable execution profile.,Smooth booking workflow.,"{""rule_triggered"": ""NORMAL_STABLE_OR_IMPROVED"", ""delta_pct"": -26.16, ""delta_ms"": -3.61, ""plan_diff"": ""NONE"", ""index_impact"": ""ADDED"", ""recommendation"": ""Release is safe for deployment.""}"
SYNTH-Q-004,Verify whether an appointment slot is already booked,verify_slot_booked,REL-103,v1.2.0,2026-07-31 20:08:00,11.79,13.8,17,1,7.4,1.23,058aae5559b304ea,b1ad58e1033f203f,1,idx_appt_doctor_date_time_status,ADDED,5,CURRENT,LOW,INDEX_ADDED,index_added,NORMAL,OK,Stable execution profile.,Smooth booking workflow.,"{""rule_triggered"": ""NORMAL_STABLE_OR_IMPROVED"", ""delta_pct"": -14.57, ""delta_ms"": -2.01, ""plan_diff"": ""NONE"", ""index_impact"": ""ADDED"", ""recommendation"": ""Release is safe for deployment.""}"
SYNTH-Q-004,Verify whether an appointment slot is already booked,verify_slot_booked,REL-103,v1.2.0,2026-07-31 22:50:00,9.67,13.8,17,1,7.18,1.46,058aae5559b304ea,b1ad58e1033f203f,1,idx_appt_doctor_date_time_status,ADDED,14,CURRENT,NORMAL,INDEX_ADDED,index_added,NORMAL,OK,Stable execution profile.,Smooth booking workflow.,"{""rule_triggered"": ""NORMAL_STABLE_OR_IMPROVED"", ""delta_pct"": -29.93, ""delta_ms"": -4.13, ""plan_diff"": ""NONE"", ""index_impact"": ""ADDED"", ""recommendation"": ""Release is safe for deployment.""}"
SYNTH-Q-004,Verify whether an appointment slot is already booked,verify_slot_booked,REL-103,v1.2.0,2026-08-01 00:37:00,10.07,13.8,17,1,6.87,1.24,058aae5559b304ea,b1ad58e1033f203f,1,idx_appt_doctor_date_time_status,ADDED,14,CURRENT,HIGH,INDEX_ADDED,index_added,NORMAL,OK,Stable execution profile.,Smooth booking workflow.,"{""rule_triggered"": ""NORMAL_STABLE_OR_IMPROVED"", ""delta_pct"": -27.03, ""delta_ms"": -3.73, ""plan_diff"": ""NONE"", ""index_impact"": ""ADDED"", ""recommendation"": ""Release is safe for deployment.""}"
SYNTH-Q-004,Verify whether an appointment slot is already booked,verify_slot_booked,REL-103,v1.2.0,2026-08-01 02:35:00,12.23,13.8,17,1,7.43,1.52,058aae5559b304ea,b1ad58e1033f203f,1,idx_appt_doctor_date_time_status,ADDED,8,CURRENT,HIGH,INDEX_ADDED,index_added,NORMAL,OK,Stable execution profile.,Smooth booking workflow.,"{""rule_triggered"": ""NORMAL_STABLE_OR_IMPROVED"", ""delta_pct"": -11.38, ""delta_ms"": -1.57, ""plan_diff"": ""NONE"", ""index_impact"": ""ADDED"", ""recommendation"": ""Release is safe for deployment.""}"
SYNTH-Q-005,Search appointments,search_appointments,REL-103,v1.2.0,2026-07-31 08:15:00,24.83,28.5,244,24,14.86,3.94,57658343b2b1c93d,e76181d244fee67c,1,idx_appt_patient_date,ADDED,4,CURRENT,HIGH,INDEX_ADDED,index_added,NORMAL,OK,Stable execution profile.,Smooth booking workflow.,"{""rule_triggered"": ""NORMAL_STABLE_OR_IMPROVED"", ""delta_pct"": -12.88, ""delta_ms"": -3.67, ""plan_diff"": ""NONE"", ""index_impact"": ""ADDED"", ""recommendation"": ""Release is safe for deployment.""}"
SYNTH-Q-005,Search appointments,search_appointments,REL-103,v1.2.0,2026-07-31 10:30:00,25.58,28.5,244,24,16.31,4.43,57658343b2b1c93d,e76181d244fee67c,1,idx_appt_patient_date,ADDED,7,CURRENT,HIGH,INDEX_ADDED,index_added,NORMAL,OK,Stable execution profile.,Smooth booking workflow.,"{""rule_triggered"": ""NORMAL_STABLE_OR_IMPROVED"", ""delta_pct"": -10.25, ""delta_ms"": -2.92, ""plan_diff"": ""NONE"", ""index_impact"": ""ADDED"", ""recommendation"": ""Release is safe for deployment.""}"
SYNTH-Q-005,Search appointments,search_appointments,REL-103,v1.2.0,2026-07-31 12:09:00,20.67,28.5,244,24,16.97,3.96,57658343b2b1c93d,e76181d244fee67c,1,idx_appt_patient_date,ADDED,1,CURRENT,HIGH,INDEX_ADDED,index_added,NORMAL,OK,Stable execution profile.,Smooth booking workflow.,"{""rule_triggered"": ""NORMAL_STABLE_OR_IMPROVED"", ""delta_pct"": -27.47, ""delta_ms"": -7.83, ""plan_diff"": ""NONE"", ""index_impact"": ""ADDED"", ""recommendation"": ""Release is safe for deployment.""}"
SYNTH-Q-005,Search appointments,search_appointments,REL-103,v1.2.0,2026-07-31 14:06:00,22.95,28.5,244,24,15.04,4.53,57658343b2b1c93d,e76181d244fee67c,1,idx_appt_patient_date,ADDED,2,CURRENT,HIGH,INDEX_ADDED,index_added,NORMAL,OK,Stable execution profile.,Smooth booking workflow.,"{""rule_triggered"": ""NORMAL_STABLE_OR_IMPROVED"", ""delta_pct"": -19.47, ""delta_ms"": -5.55, ""plan_diff"": ""NONE"", ""index_impact"": ""ADDED"", ""recommendation"": ""Release is safe for deployment.""}"
SYNTH-Q-005,Search appointments,search_appointments,REL-103,v1.2.0,2026-07-31 16:26:00,22.63,28.5,244,24,16.98,3.97,57658343b2b1c93d,e76181d244fee67c,1,idx_appt_patient_date,ADDED,2,CURRENT,NORMAL,INDEX_ADDED,index_added,NORMAL,OK,Stable execution profile.,Smooth booking workflow.,"{""rule_triggered"": ""NORMAL_STABLE_OR_IMPROVED"", ""delta_pct"": -20.6, ""delta_ms"": -5.87, ""plan_diff"": ""NONE"", ""index_impact"": ""ADDED"", ""recommendation"": ""Release is safe for deployment.""}"
SYNTH-Q-005,Search appointments,search_appointments,REL-103,v1.2.0,2026-07-31 18:44:00,20.41,28.5,244,24,14.55,4.46,57658343b2b1c93d,e76181d244fee67c,1,idx_appt_patient_date,ADDED,11,CURRENT,HIGH,INDEX_ADDED,index_added,NORMAL,OK,Stable execution profile.,Smooth booking workflow.,"{""rule_triggered"": ""NORMAL_STABLE_OR_IMPROVED"", ""delta_pct"": -28.39, ""delta_ms"": -8.09, ""plan_diff"": ""NONE"", ""index_impact"": ""ADDED"", ""recommendation"": ""Release is safe for deployment.""}"
SYNTH-Q-005,Search appointments,search_appointments,REL-103,v1.2.0,2026-07-31 20:34:00,23.52,28.5,244,24,16.67,4.19,57658343b2b1c93d,e76181d244fee67c,1,idx_appt_patient_date,ADDED,6,CURRENT,HIGH,INDEX_ADDED,index_added,NORMAL,OK,Stable execution profile.,Smooth booking workflow.,"{""rule_triggered"": ""NORMAL_STABLE_OR_IMPROVED"", ""delta_pct"": -17.47, ""delta_ms"": -4.98, ""plan_diff"": ""NONE"", ""index_impact"": ""ADDED"", ""recommendation"": ""Release is safe for deployment.""}"
SYNTH-Q-005,Search appointments,search_appointments,REL-103,v1.2.0,2026-07-31 22:34:00,20.34,28.5,244,24,15.7,4.82,57658343b2b1c93d,e76181d244fee67c,1,idx_appt_patient_date,ADDED,10,CURRENT,LOW,INDEX_ADDED,index_added,NORMAL,OK,Stable execution profile.,Smooth booking workflow.,"{""rule_triggered"": ""NORMAL_STABLE_OR_IMPROVED"", ""delta_pct"": -28.63, ""delta_ms"": -8.16, ""plan_diff"": ""NONE"", ""index_impact"": ""ADDED"", ""recommendation"": ""Release is safe for deployment.""}"
SYNTH-Q-005,Search appointments,search_appointments,REL-103,v1.2.0,2026-08-01 00:14:00,25.53,28.5,244,24,16.19,4.5,57658343b2b1c93d,e76181d244fee67c,1,idx_appt_patient_date,ADDED,7,CURRENT,LOW,INDEX_ADDED,index_added,NORMAL,OK,Stable execution profile.,Smooth booking workflow.,"{""rule_triggered"": ""NORMAL_STABLE_OR_IMPROVED"", ""delta_pct"": -10.42, ""delta_ms"": -2.97, ""plan_diff"": ""NONE"", ""index_impact"": ""ADDED"", ""recommendation"": ""Release is safe for deployment.""}"
SYNTH-Q-005,Search appointments,search_appointments,REL-103,v1.2.0,2026-08-01 02:06:00,23.91,28.5,244,24,16.73,3.55,57658343b2b1c93d,e76181d244fee67c,1,idx_appt_patient_date,ADDED,3,CURRENT,HIGH,INDEX_ADDED,index_added,NORMAL,OK,Stable execution profile.,Smooth booking workflow.,"{""rule_triggered"": ""NORMAL_STABLE_OR_IMPROVED"", ""delta_pct"": -16.11, ""delta_ms"": -4.59, ""plan_diff"": ""NONE"", ""index_impact"": ""ADDED"", ""recommendation"": ""Release is safe for deployment.""}"
SYNTH-Q-006,Update appointment status,update_appointment_status,REL-103,v1.2.0,2026-07-31 08:50:00,12.66,16.4,1,1,8.02,2.05,226cf58936796cc4,d54f2bccb838a972,1,idx_appt_pk,ADDED,5,CURRENT,LOW,INDEX_ADDED,index_added,NORMAL,OK,Stable execution profile.,Smooth booking workflow.,"{""rule_triggered"": ""NORMAL_STABLE_OR_IMPROVED"", ""delta_pct"": -22.8, ""delta_ms"": -3.74, ""plan_diff"": ""NONE"", ""index_impact"": ""ADDED"", ""recommendation"": ""Release is safe for deployment.""}"
SYNTH-Q-006,Update appointment status,update_appointment_status,REL-103,v1.2.0,2026-07-31 10:26:00,12.05,16.4,1,1,8.38,2.16,226cf58936796cc4,d54f2bccb838a972,1,idx_appt_pk,ADDED,3,CURRENT,NORMAL,INDEX_ADDED,index_added,NORMAL,OK,Stable execution profile.,Smooth booking workflow.,"{""rule_triggered"": ""NORMAL_STABLE_OR_IMPROVED"", ""delta_pct"": -26.52, ""delta_ms"": -4.35, ""plan_diff"": ""NONE"", ""index_impact"": ""ADDED"", ""recommendation"": ""Release is safe for deployment.""}"
SYNTH-Q-006,Update appointment status,update_appointment_status,REL-103,v1.2.0,2026-07-31 12:43:00,14.47,16.4,1,1,7.43,2.22,226cf58936796cc4,d54f2bccb838a972,1,idx_appt_pk,ADDED,8,CURRENT,NORMAL,INDEX_ADDED,index_added,NORMAL,OK,Stable execution profile.,Smooth booking workflow.,"{""rule_triggered"": ""NORMAL_STABLE_OR_IMPROVED"", ""delta_pct"": -11.77, ""delta_ms"": -1.93, ""plan_diff"": ""NONE"", ""index_impact"": ""ADDED"", ""recommendation"": ""Release is safe for deployment.""}"
SYNTH-Q-006,Update appointment status,update_appointment_status,REL-103,v1.2.0,2026-07-31 14:16:00,13.67,16.4,1,1,8.97,2.22,226cf58936796cc4,d54f2bccb838a972,1,idx_appt_pk,ADDED,5,CURRENT,HIGH,INDEX_ADDED,index_added,NORMAL,OK,Stable execution profile.,Smooth booking workflow.,"{""rule_triggered"": ""NORMAL_STABLE_OR_IMPROVED"", ""delta_pct"": -16.65, ""delta_ms"": -2.73, ""plan_diff"": ""NONE"", ""index_impact"": ""ADDED"", ""recommendation"": ""Release is safe for deployment.""}"
SYNTH-Q-006,Update appointment status,update_appointment_status,REL-103,v1.2.0,2026-07-31 16:18:00,12.93,16.4,1,1,7.84,2.32,226cf58936796cc4,d54f2bccb838a972,1,idx_appt_pk,ADDED,2,CURRENT,NORMAL,INDEX_ADDED,index_added,NORMAL,OK,Stable execution profile.,Smooth booking workflow.,"{""rule_triggered"": ""NORMAL_STABLE_OR_IMPROVED"", ""delta_pct"": -21.16, ""delta_ms"": -3.47, ""plan_diff"": ""NONE"", ""index_impact"": ""ADDED"", ""recommendation"": ""Release is safe for deployment.""}"
SYNTH-Q-006,Update appointment status,update_appointment_status,REL-103,v1.2.0,2026-07-31 18:40:00,12.3,16.4,1,1,8.86,2.01,226cf58936796cc4,d54f2bccb838a972,1,idx_appt_pk,ADDED,12,CURRENT,HIGH,INDEX_ADDED,index_added,NORMAL,OK,Stable execution profile.,Smooth booking workflow.,"{""rule_triggered"": ""NORMAL_STABLE_OR_IMPROVED"", ""delta_pct"": -25.0, ""delta_ms"": -4.1, ""plan_diff"": ""NONE"", ""index_impact"": ""ADDED"", ""recommendation"": ""Release is safe for deployment.""}"
SYNTH-Q-006,Update appointment status,update_appointment_status,REL-103,v1.2.0,2026-07-31 20:24:00,12.26,16.4,1,1,8.31,2.31,226cf58936796cc4,d54f2bccb838a972,1,idx_appt_pk,ADDED,2,CURRENT,HIGH,INDEX_ADDED,index_added,NORMAL,OK,Stable execution profile.,Smooth booking workflow.,"{""rule_triggered"": ""NORMAL_STABLE_OR_IMPROVED"", ""delta_pct"": -25.24, ""delta_ms"": -4.14, ""plan_diff"": ""NONE"", ""index_impact"": ""ADDED"", ""recommendation"": ""Release is safe for deployment.""}"
SYNTH-Q-006,Update appointment status,update_appointment_status,REL-103,v1.2.0,2026-07-31 22:44:00,14.69,16.4,1,1,8.48,2.07,226cf58936796cc4,d54f2bccb838a972,1,idx_appt_pk,ADDED,1,CURRENT,NORMAL,INDEX_ADDED,index_added,NORMAL,OK,Stable execution profile.,Smooth booking workflow.,"{""rule_triggered"": ""NORMAL_STABLE_OR_IMPROVED"", ""delta_pct"": -10.43, ""delta_ms"": -1.71, ""plan_diff"": ""NONE"", ""index_impact"": ""ADDED"", ""recommendation"": ""Release is safe for deployment.""}"
SYNTH-Q-006,Update appointment status,update_appointment_status,REL-103,v1.2.0,2026-08-01 00:36:00,13.92,16.4,1,1,8.84,2.56,226cf58936796cc4,d54f2bccb838a972,1,idx_appt_pk,ADDED,10,CURRENT,LOW,INDEX_ADDED,index_added,NORMAL,OK,Stable execution profile.,Smooth booking workflow.,"{""rule_triggered"": ""NORMAL_STABLE_OR_IMPROVED"", ""delta_pct"": -15.12, ""delta_ms"": -2.48, ""plan_diff"": ""NONE"", ""index_impact"": ""ADDED"", ""recommendation"": ""Release is safe for deployment.""}"
SYNTH-Q-006,Update appointment status,update_appointment_status,REL-103,v1.2.0,2026-08-01 02:49:00,14.11,16.4,1,1,7.59,2.01,226cf58936796cc4,d54f2bccb838a972,1,idx_appt_pk,ADDED,10,CURRENT,NORMAL,INDEX_ADDED,index_added,NORMAL,OK,Stable execution profile.,Smooth booking workflow.,"{""rule_triggered"": ""NORMAL_STABLE_OR_IMPROVED"", ""delta_pct"": -13.96, ""delta_ms"": -2.29, ""plan_diff"": ""NONE"", ""index_impact"": ""ADDED"", ""recommendation"": ""Release is safe for deployment.""}"
SYNTH-Q-007,Cancel appointment,cancel_appointment,REL-103,v1.2.0,2026-07-31 08:16:00,10.86,15.1,1,1,7.84,1.77,226cf58936796cc4,d54f2bccb838a972,1,idx_appt_pk,ADDED,11,CURRENT,NORMAL,INDEX_ADDED,index_added,NORMAL,OK,Stable execution profile.,Smooth booking workflow.,"{""rule_triggered"": ""NORMAL_STABLE_OR_IMPROVED"", ""delta_pct"": -28.08, ""delta_ms"": -4.24, ""plan_diff"": ""NONE"", ""index_impact"": ""ADDED"", ""recommendation"": ""Release is safe for deployment.""}"
SYNTH-Q-007,Cancel appointment,cancel_appointment,REL-103,v1.2.0,2026-07-31 10:50:00,12.32,15.1,1,1,8.04,1.81,226cf58936796cc4,d54f2bccb838a972,1,idx_appt_pk,ADDED,1,CURRENT,HIGH,INDEX_ADDED,index_added,NORMAL,OK,Stable execution profile.,Smooth booking workflow.,"{""rule_triggered"": ""NORMAL_STABLE_OR_IMPROVED"", ""delta_pct"": -18.41, ""delta_ms"": -2.78, ""plan_diff"": ""NONE"", ""index_impact"": ""ADDED"", ""recommendation"": ""Release is safe for deployment.""}"
SYNTH-Q-007,Cancel appointment,cancel_appointment,REL-103,v1.2.0,2026-07-31 12:18:00,11.82,15.1,1,1,7.03,2.31,226cf58936796cc4,d54f2bccb838a972,1,idx_appt_pk,ADDED,12,CURRENT,NORMAL,INDEX_ADDED,index_added,NORMAL,OK,Stable execution profile.,Smooth booking workflow.,"{""rule_triggered"": ""NORMAL_STABLE_OR_IMPROVED"", ""delta_pct"": -21.72, ""delta_ms"": -3.28, ""plan_diff"": ""NONE"", ""index_impact"": ""ADDED"", ""recommendation"": ""Release is safe for deployment.""}"
SYNTH-Q-007,Cancel appointment,cancel_appointment,REL-103,v1.2.0,2026-07-31 14:23:00,11.07,15.1,1,1,8.39,2.42,226cf58936796cc4,d54f2bccb838a972,1,idx_appt_pk,ADDED,14,CURRENT,NORMAL,INDEX_ADDED,index_added,NORMAL,OK,Stable execution profile.,Smooth booking workflow.,"{""rule_triggered"": ""NORMAL_STABLE_OR_IMPROVED"", ""delta_pct"": -26.69, ""delta_ms"": -4.03, ""plan_diff"": ""NONE"", ""index_impact"": ""ADDED"", ""recommendation"": ""Release is safe for deployment.""}"
SYNTH-Q-007,Cancel appointment,cancel_appointment,REL-103,v1.2.0,2026-07-31 16:18:00,10.92,15.1,1,1,8.48,1.84,226cf58936796cc4,d54f2bccb838a972,1,idx_appt_pk,ADDED,13,CURRENT,NORMAL,INDEX_ADDED,index_added,NORMAL,OK,Stable execution profile.,Smooth booking workflow.,"{""rule_triggered"": ""NORMAL_STABLE_OR_IMPROVED"", ""delta_pct"": -27.68, ""delta_ms"": -4.18, ""plan_diff"": ""NONE"", ""index_impact"": ""ADDED"", ""recommendation"": ""Release is safe for deployment.""}"
SYNTH-Q-007,Cancel appointment,cancel_appointment,REL-103,v1.2.0,2026-07-31 18:14:00,13.0,15.1,1,1,7.34,2.31,226cf58936796cc4,d54f2bccb838a972,1,idx_appt_pk,ADDED,14,CURRENT,HIGH,INDEX_ADDED,index_added,NORMAL,OK,Stable execution profile.,Smooth booking workflow.,"{""rule_triggered"": ""NORMAL_STABLE_OR_IMPROVED"", ""delta_pct"": -13.91, ""delta_ms"": -2.1, ""plan_diff"": ""NONE"", ""index_impact"": ""ADDED"", ""recommendation"": ""Release is safe for deployment.""}"
SYNTH-Q-007,Cancel appointment,cancel_appointment,REL-103,v1.2.0,2026-07-31 20:00:00,10.94,15.1,1,1,7.35,2.28,226cf58936796cc4,d54f2bccb838a972,1,idx_appt_pk,ADDED,9,CURRENT,NORMAL,INDEX_ADDED,index_added,NORMAL,OK,Stable execution profile.,Smooth booking workflow.,"{""rule_triggered"": ""NORMAL_STABLE_OR_IMPROVED"", ""delta_pct"": -27.55, ""delta_ms"": -4.16, ""plan_diff"": ""NONE"", ""index_impact"": ""ADDED"", ""recommendation"": ""Release is safe for deployment.""}"
SYNTH-Q-007,Cancel appointment,cancel_appointment,REL-103,v1.2.0,2026-07-31 22:16:00,12.5,15.1,1,1,7.36,2.23,226cf58936796cc4,d54f2bccb838a972,1,idx_appt_pk,ADDED,14,CURRENT,HIGH,INDEX_ADDED,index_added,NORMAL,OK,Stable execution profile.,Smooth booking workflow.,"{""rule_triggered"": ""NORMAL_STABLE_OR_IMPROVED"", ""delta_pct"": -17.22, ""delta_ms"": -2.6, ""plan_diff"": ""NONE"", ""index_impact"": ""ADDED"", ""recommendation"": ""Release is safe for deployment.""}"
SYNTH-Q-007,Cancel appointment,cancel_appointment,REL-103,v1.2.0,2026-08-01 00:30:00,13.24,15.1,1,1,7.72,2.4,226cf58936796cc4,d54f2bccb838a972,1,idx_appt_pk,ADDED,10,CURRENT,LOW,INDEX_ADDED,index_added,NORMAL,OK,Stable execution profile.,Smooth booking workflow.,"{""rule_triggered"": ""NORMAL_STABLE_OR_IMPROVED"", ""delta_pct"": -12.32, ""delta_ms"": -1.86, ""plan_diff"": ""NONE"", ""index_impact"": ""ADDED"", ""recommendation"": ""Release is safe for deployment.""}"
SYNTH-Q-007,Cancel appointment,cancel_appointment,REL-103,v1.2.0,2026-08-01 02:14:00,13.06,15.1,1,1,8.38,1.96,226cf58936796cc4,d54f2bccb838a972,1,idx_appt_pk,ADDED,11,CURRENT,LOW,INDEX_ADDED,index_added,NORMAL,OK,Stable execution profile.,Smooth booking workflow.,"{""rule_triggered"": ""NORMAL_STABLE_OR_IMPROVED"", ""delta_pct"": -13.51, ""delta_ms"": -2.04, ""plan_diff"": ""NONE"", ""index_impact"": ""ADDED"", ""recommendation"": ""Release is safe for deployment.""}"
SYNTH-Q-008,Retrieve doctor schedule,retrieve_doctor_schedule,REL-103,v1.2.0,2026-07-31 08:26:00,12.91,18.2,62,16,8.06,2.21,d556dcb0fb9dd190,d92063c67a1d5b2c,1,idx_appt_doctor_date,ADDED,3,CURRENT,LOW,INDEX_ADDED,index_added,NORMAL,OK,Stable execution profile.,Smooth booking workflow.,"{""rule_triggered"": ""NORMAL_STABLE_OR_IMPROVED"", ""delta_pct"": -29.07, ""delta_ms"": -5.29, ""plan_diff"": ""NONE"", ""index_impact"": ""ADDED"", ""recommendation"": ""Release is safe for deployment.""}"
SYNTH-Q-008,Retrieve doctor schedule,retrieve_doctor_schedule,REL-103,v1.2.0,2026-07-31 10:07:00,15.97,18.2,62,16,8.29,1.85,d556dcb0fb9dd190,d92063c67a1d5b2c,1,idx_appt_doctor_date,ADDED,4,CURRENT,LOW,INDEX_ADDED,index_added,NORMAL,OK,Stable execution profile.,Smooth booking workflow.,"{""rule_triggered"": ""NORMAL_STABLE_OR_IMPROVED"", ""delta_pct"": -12.25, ""delta_ms"": -2.23, ""plan_diff"": ""NONE"", ""index_impact"": ""ADDED"", ""recommendation"": ""Release is safe for deployment.""}"
SYNTH-Q-008,Retrieve doctor schedule,retrieve_doctor_schedule,REL-103,v1.2.0,2026-07-31 12:42:00,15.44,18.2,62,16,8.33,1.83,d556dcb0fb9dd190,d92063c67a1d5b2c,1,idx_appt_doctor_date,ADDED,10,CURRENT,HIGH,INDEX_ADDED,index_added,NORMAL,OK,Stable execution profile.,Smooth booking workflow.,"{""rule_triggered"": ""NORMAL_STABLE_OR_IMPROVED"", ""delta_pct"": -15.16, ""delta_ms"": -2.76, ""plan_diff"": ""NONE"", ""index_impact"": ""ADDED"", ""recommendation"": ""Release is safe for deployment.""}"
SYNTH-Q-008,Retrieve doctor schedule,retrieve_doctor_schedule,REL-103,v1.2.0,2026-07-31 14:06:00,14.23,18.2,62,16,10.15,1.58,d556dcb0fb9dd190,d92063c67a1d5b2c,1,idx_appt_doctor_date,ADDED,10,CURRENT,HIGH,INDEX_ADDED,index_added,NORMAL,OK,Stable execution profile.,Smooth booking workflow.,"{""rule_triggered"": ""NORMAL_STABLE_OR_IMPROVED"", ""delta_pct"": -21.81, ""delta_ms"": -3.97, ""plan_diff"": ""NONE"", ""index_impact"": ""ADDED"", ""recommendation"": ""Release is safe for deployment.""}"
SYNTH-Q-008,Retrieve doctor schedule,retrieve_doctor_schedule,REL-103,v1.2.0,2026-07-31 16:23:00,14.36,18.2,62,16,8.52,1.8,d556dcb0fb9dd190,d92063c67a1d5b2c,1,idx_appt_doctor_date,ADDED,8,CURRENT,NORMAL,INDEX_ADDED,index_added,NORMAL,OK,Stable execution profile.,Smooth booking workflow.,"{""rule_triggered"": ""NORMAL_STABLE_OR_IMPROVED"", ""delta_pct"": -21.1, ""delta_ms"": -3.84, ""plan_diff"": ""NONE"", ""index_impact"": ""ADDED"", ""recommendation"": ""Release is safe for deployment.""}"
SYNTH-Q-008,Retrieve doctor schedule,retrieve_doctor_schedule,REL-103,v1.2.0,2026-07-31 18:43:00,16.02,18.2,62,16,9.45,1.6,d556dcb0fb9dd190,d92063c67a1d5b2c,1,idx_appt_doctor_date,ADDED,9,CURRENT,NORMAL,INDEX_ADDED,index_added,NORMAL,OK,Stable execution profile.,Smooth booking workflow.,"{""rule_triggered"": ""NORMAL_STABLE_OR_IMPROVED"", ""delta_pct"": -11.98, ""delta_ms"": -2.18, ""plan_diff"": ""NONE"", ""index_impact"": ""ADDED"", ""recommendation"": ""Release is safe for deployment.""}"
SYNTH-Q-008,Retrieve doctor schedule,retrieve_doctor_schedule,REL-103,v1.2.0,2026-07-31 20:17:00,16.19,18.2,62,16,9.86,1.62,d556dcb0fb9dd190,d92063c67a1d5b2c,1,idx_appt_doctor_date,ADDED,2,CURRENT,NORMAL,INDEX_ADDED,index_added,NORMAL,OK,Stable execution profile.,Smooth booking workflow.,"{""rule_triggered"": ""NORMAL_STABLE_OR_IMPROVED"", ""delta_pct"": -11.04, ""delta_ms"": -2.01, ""plan_diff"": ""NONE"", ""index_impact"": ""ADDED"", ""recommendation"": ""Release is safe for deployment.""}"
SYNTH-Q-008,Retrieve doctor schedule,retrieve_doctor_schedule,REL-103,v1.2.0,2026-07-31 22:13:00,15.6,18.2,62,16,8.54,1.64,d556dcb0fb9dd190,d92063c67a1d5b2c,1,idx_appt_doctor_date,ADDED,1,CURRENT,LOW,INDEX_ADDED,index_added,NORMAL,OK,Stable execution profile.,Smooth booking workflow.,"{""rule_triggered"": ""NORMAL_STABLE_OR_IMPROVED"", ""delta_pct"": -14.29, ""delta_ms"": -2.6, ""plan_diff"": ""NONE"", ""index_impact"": ""ADDED"", ""recommendation"": ""Release is safe for deployment.""}"
SYNTH-Q-008,Retrieve doctor schedule,retrieve_doctor_schedule,REL-103,v1.2.0,2026-08-01 00:36:00,15.76,18.2,62,16,9.24,1.94,d556dcb0fb9dd190,d92063c67a1d5b2c,1,idx_appt_doctor_date,ADDED,2,CURRENT,NORMAL,INDEX_ADDED,index_added,NORMAL,OK,Stable execution profile.,Smooth booking workflow.,"{""rule_triggered"": ""NORMAL_STABLE_OR_IMPROVED"", ""delta_pct"": -13.41, ""delta_ms"": -2.44, ""plan_diff"": ""NONE"", ""index_impact"": ""ADDED"", ""recommendation"": ""Release is safe for deployment.""}"
SYNTH-Q-008,Retrieve doctor schedule,retrieve_doctor_schedule,REL-103,v1.2.0,2026-08-01 02:14:00,13.28,18.2,62,16,10.03,1.56,d556dcb0fb9dd190,d92063c67a1d5b2c,1,idx_appt_doctor_date,ADDED,13,CURRENT,NORMAL,INDEX_ADDED,index_added,NORMAL,OK,Stable execution profile.,Smooth booking workflow.,"{""rule_triggered"": ""NORMAL_STABLE_OR_IMPROVED"", ""delta_pct"": -27.03, ""delta_ms"": -4.92, ""plan_diff"": ""NONE"", ""index_impact"": ""ADDED"", ""recommendation"": ""Release is safe for deployment.""}"
SYNTH-Q-009,Retrieve department schedule,retrieve_department_schedule,REL-103,v1.2.0,2026-07-31 08:09:00,26.25,35.0,336,65,17.27,5.2,2983647e4ddd04f2,364020380f4bd7af,1,idx_appt_dept_date,ADDED,9,CURRENT,NORMAL,INDEX_ADDED,index_added,NORMAL,OK,Stable execution profile.,Smooth booking workflow.,"{""rule_triggered"": ""NORMAL_STABLE_OR_IMPROVED"", ""delta_pct"": -25.0, ""delta_ms"": -8.75, ""plan_diff"": ""NONE"", ""index_impact"": ""ADDED"", ""recommendation"": ""Release is safe for deployment.""}"
SYNTH-Q-009,Retrieve department schedule,retrieve_department_schedule,REL-103,v1.2.0,2026-07-31 10:01:00,27.01,35.0,336,65,20.16,5.08,2983647e4ddd04f2,364020380f4bd7af,1,idx_appt_dept_date,ADDED,1,CURRENT,NORMAL,INDEX_ADDED,index_added,NORMAL,OK,Stable execution profile.,Smooth booking workflow.,"{""rule_triggered"": ""NORMAL_STABLE_OR_IMPROVED"", ""delta_pct"": -22.83, ""delta_ms"": -7.99, ""plan_diff"": ""NONE"", ""index_impact"": ""ADDED"", ""recommendation"": ""Release is safe for deployment.""}"
SYNTH-Q-009,Retrieve department schedule,retrieve_department_schedule,REL-103,v1.2.0,2026-07-31 12:01:00,24.87,35.0,336,65,19.94,4.97,2983647e4ddd04f2,364020380f4bd7af,1,idx_appt_dept_date,ADDED,5,CURRENT,NORMAL,INDEX_ADDED,index_added,NORMAL,OK,Stable execution profile.,Smooth booking workflow.,"{""rule_triggered"": ""NORMAL_STABLE_OR_IMPROVED"", ""delta_pct"": -28.94, ""delta_ms"": -10.13, ""plan_diff"": ""NONE"", ""index_impact"": ""ADDED"", ""recommendation"": ""Release is safe for deployment.""}"
SYNTH-Q-009,Retrieve department schedule,retrieve_department_schedule,REL-103,v1.2.0,2026-07-31 14:47:00,27.64,35.0,336,65,18.15,5.09,2983647e4ddd04f2,364020380f4bd7af,1,idx_appt_dept_date,ADDED,8,CURRENT,LOW,INDEX_ADDED,index_added,NORMAL,OK,Stable execution profile.,Smooth booking workflow.,"{""rule_triggered"": ""NORMAL_STABLE_OR_IMPROVED"", ""delta_pct"": -21.03, ""delta_ms"": -7.36, ""plan_diff"": ""NONE"", ""index_impact"": ""ADDED"", ""recommendation"": ""Release is safe for deployment.""}"
SYNTH-Q-009,Retrieve department schedule,retrieve_department_schedule,REL-103,v1.2.0,2026-07-31 16:28:00,24.8,35.0,336,65,20.13,5.55,2983647e4ddd04f2,364020380f4bd7af,1,idx_appt_dept_date,ADDED,10,CURRENT,NORMAL,INDEX_ADDED,index_added,NORMAL,OK,Stable execution profile.,Smooth booking workflow.,"{""rule_triggered"": ""NORMAL_STABLE_OR_IMPROVED"", ""delta_pct"": -29.14, ""delta_ms"": -10.2, ""plan_diff"": ""NONE"", ""index_impact"": ""ADDED"", ""recommendation"": ""Release is safe for deployment.""}"
SYNTH-Q-009,Retrieve department schedule,retrieve_department_schedule,REL-103,v1.2.0,2026-07-31 18:33:00,29.0,35.0,336,65,16.6,5.78,2983647e4ddd04f2,364020380f4bd7af,1,idx_appt_dept_date,ADDED,8,CURRENT,NORMAL,INDEX_ADDED,index_added,NORMAL,OK,Stable execution profile.,Smooth booking workflow.,"{""rule_triggered"": ""NORMAL_STABLE_OR_IMPROVED"", ""delta_pct"": -17.14, ""delta_ms"": -6.0, ""plan_diff"": ""NONE"", ""index_impact"": ""ADDED"", ""recommendation"": ""Release is safe for deployment.""}"
SYNTH-Q-009,Retrieve department schedule,retrieve_department_schedule,REL-103,v1.2.0,2026-07-31 20:25:00,25.26,35.0,336,65,19.8,4.83,2983647e4ddd04f2,364020380f4bd7af,1,idx_appt_dept_date,ADDED,11,CURRENT,HIGH,INDEX_ADDED,index_added,NORMAL,OK,Stable execution profile.,Smooth booking workflow.,"{""rule_triggered"": ""NORMAL_STABLE_OR_IMPROVED"", ""delta_pct"": -27.83, ""delta_ms"": -9.74, ""plan_diff"": ""NONE"", ""index_impact"": ""ADDED"", ""recommendation"": ""Release is safe for deployment.""}"
SYNTH-Q-009,Retrieve department schedule,retrieve_department_schedule,REL-103,v1.2.0,2026-07-31 22:05:00,25.54,35.0,336,65,17.04,5.14,2983647e4ddd04f2,364020380f4bd7af,1,idx_appt_dept_date,ADDED,10,CURRENT,NORMAL,INDEX_ADDED,index_added,NORMAL,OK,Stable execution profile.,Smooth booking workflow.,"{""rule_triggered"": ""NORMAL_STABLE_OR_IMPROVED"", ""delta_pct"": -27.03, ""delta_ms"": -9.46, ""plan_diff"": ""NONE"", ""index_impact"": ""ADDED"", ""recommendation"": ""Release is safe for deployment.""}"
SYNTH-Q-009,Retrieve department schedule,retrieve_department_schedule,REL-103,v1.2.0,2026-08-01 00:37:00,31.46,35.0,336,65,18.94,4.85,2983647e4ddd04f2,364020380f4bd7af,1,idx_appt_dept_date,ADDED,7,CURRENT,NORMAL,INDEX_ADDED,index_added,NORMAL,OK,Stable execution profile.,Smooth booking workflow.,"{""rule_triggered"": ""NORMAL_STABLE_OR_IMPROVED"", ""delta_pct"": -10.11, ""delta_ms"": -3.54, ""plan_diff"": ""NONE"", ""index_impact"": ""ADDED"", ""recommendation"": ""Release is safe for deployment.""}"
SYNTH-Q-009,Retrieve department schedule,retrieve_department_schedule,REL-103,v1.2.0,2026-08-01 02:38:00,30.05,35.0,336,65,16.99,5.19,2983647e4ddd04f2,364020380f4bd7af,1,idx_appt_dept_date,ADDED,2,CURRENT,HIGH,INDEX_ADDED,index_added,NORMAL,OK,Stable execution profile.,Smooth booking workflow.,"{""rule_triggered"": ""NORMAL_STABLE_OR_IMPROVED"", ""delta_pct"": -14.14, ""delta_ms"": -4.95, ""plan_diff"": ""NONE"", ""index_impact"": ""ADDED"", ""recommendation"": ""Release is safe for deployment.""}"
SYNTH-Q-001,Find available appointment slots,find_available_slots,REL-104,v1.3.0,2026-08-08 08:49:00,25.37,14.5,419,18,16.1,4.41,b6c2661e02fd92e0,62c759822b393c31,1,idx_appt_dept_date_status,OPTIMAL,49,STALE,NORMAL,NONE,statistics_stale,REGRESSION,HIGH,Significant latency degradation across booking transactions.,Noticeable scheduling UI lag; increased booking abandonment rate.,"{""rule_triggered"": ""TIME_HIGH_PCT_REGRESSION"", ""delta_pct"": 74.97, ""delta_ms"": 10.87, ""plan_diff"": ""Sub-optimal plan selection or extra temporary B-Tree sorting"", ""index_impact"": ""Index status: OPTIMAL"", ""recommendation"": ""Analyze index selectivity and query predicates before deployment.""}"
SYNTH-Q-001,Find available appointment slots,find_available_slots,REL-104,v1.3.0,2026-08-08 10:26:00,22.18,14.5,367,18,14.07,3.85,b6c2661e02fd92e0,62c759822b393c31,1,idx_appt_dept_date_status,OPTIMAL,49,STALE,NORMAL,NONE,statistics_stale,REGRESSION,HIGH,Significant latency degradation across booking transactions.,Noticeable scheduling UI lag; increased booking abandonment rate.,"{""rule_triggered"": ""TIME_HIGH_PCT_REGRESSION"", ""delta_pct"": 52.97, ""delta_ms"": 7.68, ""plan_diff"": ""Sub-optimal plan selection or extra temporary B-Tree sorting"", ""index_impact"": ""Index status: OPTIMAL"", ""recommendation"": ""Analyze index selectivity and query predicates before deployment.""}"
SYNTH-Q-001,Find available appointment slots,find_available_slots,REL-104,v1.3.0,2026-08-08 12:46:00,21.61,14.5,357,18,13.71,3.76,b6c2661e02fd92e0,62c759822b393c31,1,idx_appt_dept_date_status,OPTIMAL,48,STALE,LOW,NONE,statistics_stale,REGRESSION,HIGH,Significant latency degradation across booking transactions.,Noticeable scheduling UI lag; increased booking abandonment rate.,"{""rule_triggered"": ""TIME_HIGH_PCT_REGRESSION"", ""delta_pct"": 49.03, ""delta_ms"": 7.11, ""plan_diff"": ""Sub-optimal plan selection or extra temporary B-Tree sorting"", ""index_impact"": ""Index status: OPTIMAL"", ""recommendation"": ""Analyze index selectivity and query predicates before deployment.""}"
SYNTH-Q-001,Find available appointment slots,find_available_slots,REL-104,v1.3.0,2026-08-08 14:16:00,25.6,14.5,423,18,16.24,4.45,b6c2661e02fd92e0,62c759822b393c31,1,idx_appt_dept_date_status,OPTIMAL,56,STALE,NORMAL,NONE,statistics_stale,REGRESSION,HIGH,Significant latency degradation across booking transactions.,Noticeable scheduling UI lag; increased booking abandonment rate.,"{""rule_triggered"": ""TIME_HIGH_PCT_REGRESSION"", ""delta_pct"": 76.55, ""delta_ms"": 11.1, ""plan_diff"": ""Sub-optimal plan selection or extra temporary B-Tree sorting"", ""index_impact"": ""Index status: OPTIMAL"", ""recommendation"": ""Analyze index selectivity and query predicates before deployment.""}"
SYNTH-Q-001,Find available appointment slots,find_available_slots,REL-104,v1.3.0,2026-08-08 16:04:00,20.18,14.5,334,18,12.81,3.51,b6c2661e02fd92e0,62c759822b393c31,1,idx_appt_dept_date_status,OPTIMAL,37,STALE,LOW,NONE,statistics_stale,REGRESSION,HIGH,Significant latency degradation across booking transactions.,Noticeable scheduling UI lag; increased booking abandonment rate.,"{""rule_triggered"": ""TIME_HIGH_PCT_REGRESSION"", ""delta_pct"": 39.17, ""delta_ms"": 5.68, ""plan_diff"": ""Sub-optimal plan selection or extra temporary B-Tree sorting"", ""index_impact"": ""Index status: OPTIMAL"", ""recommendation"": ""Analyze index selectivity and query predicates before deployment.""}"
SYNTH-Q-001,Find available appointment slots,find_available_slots,REL-104,v1.3.0,2026-08-08 18:06:00,23.21,14.5,384,18,14.72,4.03,b6c2661e02fd92e0,62c759822b393c31,1,idx_appt_dept_date_status,OPTIMAL,39,STALE,NORMAL,NONE,statistics_stale,REGRESSION,HIGH,Significant latency degradation across booking transactions.,Noticeable scheduling UI lag; increased booking abandonment rate.,"{""rule_triggered"": ""TIME_HIGH_PCT_REGRESSION"", ""delta_pct"": 60.07, ""delta_ms"": 8.71, ""plan_diff"": ""Sub-optimal plan selection or extra temporary B-Tree sorting"", ""index_impact"": ""Index status: OPTIMAL"", ""recommendation"": ""Analyze index selectivity and query predicates before deployment.""}"
SYNTH-Q-001,Find available appointment slots,find_available_slots,REL-104,v1.3.0,2026-08-08 20:37:00,22.26,14.5,368,18,14.12,3.87,b6c2661e02fd92e0,62c759822b393c31,1,idx_appt_dept_date_status,OPTIMAL,38,STALE,NORMAL,NONE,statistics_stale,REGRESSION,HIGH,Significant latency degradation across booking transactions.,Noticeable scheduling UI lag; increased booking abandonment rate.,"{""rule_triggered"": ""TIME_HIGH_PCT_REGRESSION"", ""delta_pct"": 53.52, ""delta_ms"": 7.76, ""plan_diff"": ""Sub-optimal plan selection or extra temporary B-Tree sorting"", ""index_impact"": ""Index status: OPTIMAL"", ""recommendation"": ""Analyze index selectivity and query predicates before deployment.""}"
SYNTH-Q-001,Find available appointment slots,find_available_slots,REL-104,v1.3.0,2026-08-08 22:42:00,19.91,14.5,329,18,12.63,3.46,b6c2661e02fd92e0,62c759822b393c31,1,idx_appt_dept_date_status,OPTIMAL,58,STALE,HIGH,NONE,statistics_stale,REGRESSION,HIGH,Significant latency degradation across booking transactions.,Noticeable scheduling UI lag; increased booking abandonment rate.,"{""rule_triggered"": ""TIME_HIGH_PCT_REGRESSION"", ""delta_pct"": 37.31, ""delta_ms"": 5.41, ""plan_diff"": ""Sub-optimal plan selection or extra temporary B-Tree sorting"", ""index_impact"": ""Index status: OPTIMAL"", ""recommendation"": ""Analyze index selectivity and query predicates before deployment.""}"
SYNTH-Q-001,Find available appointment slots,find_available_slots,REL-104,v1.3.0,2026-08-09 00:18:00,23.35,14.5,386,18,14.81,4.06,b6c2661e02fd92e0,62c759822b393c31,1,idx_appt_dept_date_status,OPTIMAL,38,STALE,NORMAL,NONE,statistics_stale,REGRESSION,HIGH,Significant latency degradation across booking transactions.,Noticeable scheduling UI lag; increased booking abandonment rate.,"{""rule_triggered"": ""TIME_HIGH_PCT_REGRESSION"", ""delta_pct"": 61.03, ""delta_ms"": 8.85, ""plan_diff"": ""Sub-optimal plan selection or extra temporary B-Tree sorting"", ""index_impact"": ""Index status: OPTIMAL"", ""recommendation"": ""Analyze index selectivity and query predicates before deployment.""}"
SYNTH-Q-001,Find available appointment slots,find_available_slots,REL-104,v1.3.0,2026-08-09 02:13:00,21.04,14.5,348,18,13.35,3.66,b6c2661e02fd92e0,62c759822b393c31,1,idx_appt_dept_date_status,OPTIMAL,50,STALE,NORMAL,NONE,statistics_stale,REGRESSION,HIGH,Significant latency degradation across booking transactions.,Noticeable scheduling UI lag; increased booking abandonment rate.,"{""rule_triggered"": ""TIME_HIGH_PCT_REGRESSION"", ""delta_pct"": 45.1, ""delta_ms"": 6.54, ""plan_diff"": ""Sub-optimal plan selection or extra temporary B-Tree sorting"", ""index_impact"": ""Index status: OPTIMAL"", ""recommendation"": ""Analyze index selectivity and query predicates before deployment.""}"
SYNTH-Q-002,Check doctor availability,check_doctor_availability,REL-104,v1.3.0,2026-08-08 08:06:00,12.17,11.2,45,8,7.61,1.52,d92063c67a1d5b2c,d92063c67a1d5b2c,0,idx_appt_doctor_date,OPTIMAL,52,STALE,NORMAL,NONE,statistics_stale,NORMAL,OK,System performance within acceptable noise band.,Normal patient scheduling experience with zero delay.,"{""rule_triggered"": ""WITHIN_NOISE_BAND"", ""delta_pct"": 8.66, ""delta_ms"": 0.97, ""plan_diff"": ""NONE"", ""index_impact"": ""OPTIMAL"", ""recommendation"": ""Performance within normal operational variance.""}"
SYNTH-Q-002,Check doctor availability,check_doctor_availability,REL-104,v1.3.0,2026-08-08 10:48:00,12.66,11.2,45,8,7.92,1.58,d92063c67a1d5b2c,d92063c67a1d5b2c,0,idx_appt_doctor_date,OPTIMAL,42,STALE,NORMAL,NONE,statistics_stale,WARNING,MEDIUM,Moderate query slowdown; planner row estimates drifting.,Minor booking delay under load; warning flag raised for DBA review.,"{""rule_triggered"": ""STATS_STALE_OR_MILD_TIME_INCREASE"", ""delta_pct"": 13.04, ""delta_ms"": 1.46, ""plan_diff"": ""Planner estimate mismatch due to stale stats"", ""index_impact"": ""Index status: OPTIMAL"", ""statistics_status"": ""STALE"", ""recommendation"": ""Execute ANALYZE on appointments table to refresh statistics.""}"
SYNTH-Q-002,Check doctor availability,check_doctor_availability,REL-104,v1.3.0,2026-08-08 12:35:00,12.69,11.2,45,8,7.93,1.59,d92063c67a1d5b2c,d92063c67a1d5b2c,0,idx_appt_doctor_date,OPTIMAL,56,STALE,LOW,NONE,statistics_stale,WARNING,MEDIUM,Moderate query slowdown; planner row estimates drifting.,Minor booking delay under load; warning flag raised for DBA review.,"{""rule_triggered"": ""STATS_STALE_OR_MILD_TIME_INCREASE"", ""delta_pct"": 13.3, ""delta_ms"": 1.49, ""plan_diff"": ""Planner estimate mismatch due to stale stats"", ""index_impact"": ""Index status: OPTIMAL"", ""statistics_status"": ""STALE"", ""recommendation"": ""Execute ANALYZE on appointments table to refresh statistics.""}"
SYNTH-Q-002,Check doctor availability,check_doctor_availability,REL-104,v1.3.0,2026-08-08 14:17:00,12.55,11.2,45,8,7.84,1.57,d92063c67a1d5b2c,d92063c67a1d5b2c,0,idx_appt_doctor_date,OPTIMAL,43,STALE,LOW,NONE,statistics_stale,WARNING,MEDIUM,Moderate query slowdown; planner row estimates drifting.,Minor booking delay under load; warning flag raised for DBA review.,"{""rule_triggered"": ""STATS_STALE_OR_MILD_TIME_INCREASE"", ""delta_pct"": 12.05, ""delta_ms"": 1.35, ""plan_diff"": ""Planner estimate mismatch due to stale stats"", ""index_impact"": ""Index status: OPTIMAL"", ""statistics_status"": ""STALE"", ""recommendation"": ""Execute ANALYZE on appointments table to refresh statistics.""}"
SYNTH-Q-002,Check doctor availability,check_doctor_availability,REL-104,v1.3.0,2026-08-08 16:19:00,11.96,11.2,45,8,7.48,1.5,d92063c67a1d5b2c,d92063c67a1d5b2c,0,idx_appt_doctor_date,OPTIMAL,35,STALE,NORMAL,NONE,statistics_stale,NORMAL,OK,System performance within acceptable noise band.,Normal patient scheduling experience with zero delay.,"{""rule_triggered"": ""WITHIN_NOISE_BAND"", ""delta_pct"": 6.79, ""delta_ms"": 0.76, ""plan_diff"": ""NONE"", ""index_impact"": ""OPTIMAL"", ""recommendation"": ""Performance within normal operational variance.""}"
SYNTH-Q-002,Check doctor availability,check_doctor_availability,REL-104,v1.3.0,2026-08-08 18:09:00,12.59,11.2,45,8,7.87,1.57,d92063c67a1d5b2c,d92063c67a1d5b2c,0,idx_appt_doctor_date,OPTIMAL,39,STALE,HIGH,NONE,statistics_stale,WARNING,MEDIUM,Moderate query slowdown; planner row estimates drifting.,Minor booking delay under load; warning flag raised for DBA review.,"{""rule_triggered"": ""STATS_STALE_OR_MILD_TIME_INCREASE"", ""delta_pct"": 12.41, ""delta_ms"": 1.39, ""plan_diff"": ""Planner estimate mismatch due to stale stats"", ""index_impact"": ""Index status: OPTIMAL"", ""statistics_status"": ""STALE"", ""recommendation"": ""Execute ANALYZE on appointments table to refresh statistics.""}"
SYNTH-Q-002,Check doctor availability,check_doctor_availability,REL-104,v1.3.0,2026-08-08 20:01:00,12.0,11.2,45,8,7.5,1.5,d92063c67a1d5b2c,d92063c67a1d5b2c,0,idx_appt_doctor_date,OPTIMAL,51,STALE,LOW,NONE,statistics_stale,NORMAL,OK,System performance within acceptable noise band.,Normal patient scheduling experience with zero delay.,"{""rule_triggered"": ""WITHIN_NOISE_BAND"", ""delta_pct"": 7.14, ""delta_ms"": 0.8, ""plan_diff"": ""NONE"", ""index_impact"": ""OPTIMAL"", ""recommendation"": ""Performance within normal operational variance.""}"
SYNTH-Q-002,Check doctor availability,check_doctor_availability,REL-104,v1.3.0,2026-08-08 22:26:00,12.17,11.2,45,8,7.61,1.52,d92063c67a1d5b2c,d92063c67a1d5b2c,0,idx_appt_doctor_date,OPTIMAL,40,STALE,HIGH,NONE,statistics_stale,NORMAL,OK,System performance within acceptable noise band.,Normal patient scheduling experience with zero delay.,"{""rule_triggered"": ""WITHIN_NOISE_BAND"", ""delta_pct"": 8.66, ""delta_ms"": 0.97, ""plan_diff"": ""NONE"", ""index_impact"": ""OPTIMAL"", ""recommendation"": ""Performance within normal operational variance.""}"
SYNTH-Q-002,Check doctor availability,check_doctor_availability,REL-104,v1.3.0,2026-08-09 00:46:00,12.43,11.2,45,8,7.77,1.55,d92063c67a1d5b2c,d92063c67a1d5b2c,0,idx_appt_doctor_date,OPTIMAL,53,STALE,NORMAL,NONE,statistics_stale,WARNING,MEDIUM,Moderate query slowdown; planner row estimates drifting.,Minor booking delay under load; warning flag raised for DBA review.,"{""rule_triggered"": ""STATS_STALE_OR_MILD_TIME_INCREASE"", ""delta_pct"": 10.98, ""delta_ms"": 1.23, ""plan_diff"": ""Planner estimate mismatch due to stale stats"", ""index_impact"": ""Index status: OPTIMAL"", ""statistics_status"": ""STALE"", ""recommendation"": ""Execute ANALYZE on appointments table to refresh statistics.""}"
SYNTH-Q-002,Check doctor availability,check_doctor_availability,REL-104,v1.3.0,2026-08-09 02:03:00,12.45,11.2,45,8,7.78,1.56,d92063c67a1d5b2c,d92063c67a1d5b2c,0,idx_appt_doctor_date,OPTIMAL,59,STALE,NORMAL,NONE,statistics_stale,WARNING,MEDIUM,Moderate query slowdown; planner row estimates drifting.,Minor booking delay under load; warning flag raised for DBA review.,"{""rule_triggered"": ""STATS_STALE_OR_MILD_TIME_INCREASE"", ""delta_pct"": 11.16, ""delta_ms"": 1.25, ""plan_diff"": ""Planner estimate mismatch due to stale stats"", ""index_impact"": ""Index status: OPTIMAL"", ""statistics_status"": ""STALE"", ""recommendation"": ""Execute ANALYZE on appointments table to refresh statistics.""}"
SYNTH-Q-003,Create appointment,create_appointment,REL-104,v1.3.0,2026-08-08 08:43:00,24.56,22.0,15,1,16.18,4.69,6334b72f6d2d33d6,6334b72f6d2d33d6,0,idx_appt_doctor_date_time,OPTIMAL,49,STALE,LOW,NONE,statistics_stale,WARNING,MEDIUM,Moderate query slowdown; planner row estimates drifting.,Minor booking delay under load; warning flag raised for DBA review.,"{""rule_triggered"": ""STATS_STALE_OR_MILD_TIME_INCREASE"", ""delta_pct"": 11.64, ""delta_ms"": 2.56, ""plan_diff"": ""Planner estimate mismatch due to stale stats"", ""index_impact"": ""Index status: OPTIMAL"", ""statistics_status"": ""STALE"", ""recommendation"": ""Execute ANALYZE on appointments table to refresh statistics.""}"
SYNTH-Q-003,Create appointment,create_appointment,REL-104,v1.3.0,2026-08-08 10:31:00,23.57,22.0,15,1,15.54,4.5,6334b72f6d2d33d6,6334b72f6d2d33d6,0,idx_appt_doctor_date_time,OPTIMAL,43,STALE,HIGH,NONE,statistics_stale,NORMAL,OK,System performance within acceptable noise band.,Normal patient scheduling experience with zero delay.,"{""rule_triggered"": ""WITHIN_NOISE_BAND"", ""delta_pct"": 7.14, ""delta_ms"": 1.57, ""plan_diff"": ""NONE"", ""index_impact"": ""OPTIMAL"", ""recommendation"": ""Performance within normal operational variance.""}"
SYNTH-Q-003,Create appointment,create_appointment,REL-104,v1.3.0,2026-08-08 12:32:00,23.34,22.0,15,1,15.39,4.46,6334b72f6d2d33d6,6334b72f6d2d33d6,0,idx_appt_doctor_date_time,OPTIMAL,48,STALE,LOW,NONE,statistics_stale,NORMAL,OK,System performance within acceptable noise band.,Normal patient scheduling experience with zero delay.,"{""rule_triggered"": ""WITHIN_NOISE_BAND"", ""delta_pct"": 6.09, ""delta_ms"": 1.34, ""plan_diff"": ""NONE"", ""index_impact"": ""OPTIMAL"", ""recommendation"": ""Performance within normal operational variance.""}"
SYNTH-Q-003,Create appointment,create_appointment,REL-104,v1.3.0,2026-08-08 14:43:00,23.78,22.0,15,1,15.67,4.54,6334b72f6d2d33d6,6334b72f6d2d33d6,0,idx_appt_doctor_date_time,OPTIMAL,56,STALE,HIGH,NONE,statistics_stale,NORMAL,OK,System performance within acceptable noise band.,Normal patient scheduling experience with zero delay.,"{""rule_triggered"": ""WITHIN_NOISE_BAND"", ""delta_pct"": 8.09, ""delta_ms"": 1.78, ""plan_diff"": ""NONE"", ""index_impact"": ""OPTIMAL"", ""recommendation"": ""Performance within normal operational variance.""}"
SYNTH-Q-003,Create appointment,create_appointment,REL-104,v1.3.0,2026-08-08 16:14:00,23.12,22.0,15,1,15.24,4.41,6334b72f6d2d33d6,6334b72f6d2d33d6,0,idx_appt_doctor_date_time,OPTIMAL,36,STALE,HIGH,NONE,statistics_stale,NORMAL,OK,System performance within acceptable noise band.,Normal patient scheduling experience with zero delay.,"{""rule_triggered"": ""WITHIN_NOISE_BAND"", ""delta_pct"": 5.09, ""delta_ms"": 1.12, ""plan_diff"": ""NONE"", ""index_impact"": ""OPTIMAL"", ""recommendation"": ""Performance within normal operational variance.""}"
SYNTH-Q-003,Create appointment,create_appointment,REL-104,v1.3.0,2026-08-08 18:19:00,24.78,22.0,15,1,16.33,4.73,6334b72f6d2d33d6,6334b72f6d2d33d6,0,idx_appt_doctor_date_time,OPTIMAL,39,STALE,NORMAL,NONE,statistics_stale,WARNING,MEDIUM,Moderate query slowdown; planner row estimates drifting.,Minor booking delay under load; warning flag raised for DBA review.,"{""rule_triggered"": ""STATS_STALE_OR_MILD_TIME_INCREASE"", ""delta_pct"": 12.64, ""delta_ms"": 2.78, ""plan_diff"": ""Planner estimate mismatch due to stale stats"", ""index_impact"": ""Index status: OPTIMAL"", ""statistics_status"": ""STALE"", ""recommendation"": ""Execute ANALYZE on appointments table to refresh statistics.""}"
SYNTH-Q-003,Create appointment,create_appointment,REL-104,v1.3.0,2026-08-08 20:18:00,24.19,22.0,15,1,15.95,4.62,6334b72f6d2d33d6,6334b72f6d2d33d6,0,idx_appt_doctor_date_time,OPTIMAL,35,STALE,NORMAL,NONE,statistics_stale,NORMAL,OK,System performance within acceptable noise band.,Normal patient scheduling experience with zero delay.,"{""rule_triggered"": ""WITHIN_NOISE_BAND"", ""delta_pct"": 9.95, ""delta_ms"": 2.19, ""plan_diff"": ""NONE"", ""index_impact"": ""OPTIMAL"", ""recommendation"": ""Performance within normal operational variance.""}"
SYNTH-Q-003,Create appointment,create_appointment,REL-104,v1.3.0,2026-08-08 22:27:00,24.27,22.0,15,1,16.0,4.63,6334b72f6d2d33d6,6334b72f6d2d33d6,0,idx_appt_doctor_date_time,OPTIMAL,47,STALE,NORMAL,NONE,statistics_stale,WARNING,MEDIUM,Moderate query slowdown; planner row estimates drifting.,Minor booking delay under load; warning flag raised for DBA review.,"{""rule_triggered"": ""STATS_STALE_OR_MILD_TIME_INCREASE"", ""delta_pct"": 10.32, ""delta_ms"": 2.27, ""plan_diff"": ""Planner estimate mismatch due to stale stats"", ""index_impact"": ""Index status: OPTIMAL"", ""statistics_status"": ""STALE"", ""recommendation"": ""Execute ANALYZE on appointments table to refresh statistics.""}"
SYNTH-Q-003,Create appointment,create_appointment,REL-104,v1.3.0,2026-08-09 00:14:00,25.0,22.0,15,1,16.47,4.77,6334b72f6d2d33d6,6334b72f6d2d33d6,0,idx_appt_doctor_date_time,OPTIMAL,47,STALE,NORMAL,NONE,statistics_stale,WARNING,MEDIUM,Moderate query slowdown; planner row estimates drifting.,Minor booking delay under load; warning flag raised for DBA review.,"{""rule_triggered"": ""STATS_STALE_OR_MILD_TIME_INCREASE"", ""delta_pct"": 13.64, ""delta_ms"": 3.0, ""plan_diff"": ""Planner estimate mismatch due to stale stats"", ""index_impact"": ""Index status: OPTIMAL"", ""statistics_status"": ""STALE"", ""recommendation"": ""Execute ANALYZE on appointments table to refresh statistics.""}"
SYNTH-Q-003,Create appointment,create_appointment,REL-104,v1.3.0,2026-08-09 02:02:00,25.13,22.0,15,1,16.56,4.8,6334b72f6d2d33d6,6334b72f6d2d33d6,0,idx_appt_doctor_date_time,OPTIMAL,49,STALE,HIGH,NONE,statistics_stale,WARNING,MEDIUM,Moderate query slowdown; planner row estimates drifting.,Minor booking delay under load; warning flag raised for DBA review.,"{""rule_triggered"": ""STATS_STALE_OR_MILD_TIME_INCREASE"", ""delta_pct"": 14.23, ""delta_ms"": 3.13, ""plan_diff"": ""Planner estimate mismatch due to stale stats"", ""index_impact"": ""Index status: OPTIMAL"", ""statistics_status"": ""STALE"", ""recommendation"": ""Execute ANALYZE on appointments table to refresh statistics.""}"
SYNTH-Q-004,Verify whether an appointment slot is already booked,verify_slot_booked,REL-104,v1.3.0,2026-08-08 08:20:00,15.47,13.8,25,1,9.53,2.02,b1ad58e1033f203f,b1ad58e1033f203f,0,idx_appt_doctor_date_time_status,OPTIMAL,47,STALE,HIGH,NONE,statistics_stale,WARNING,MEDIUM,Moderate query slowdown; planner row estimates drifting.,Minor booking delay under load; warning flag raised for DBA review.,"{""rule_triggered"": ""STATS_STALE_OR_MILD_TIME_INCREASE"", ""delta_pct"": 12.1, ""delta_ms"": 1.67, ""plan_diff"": ""Planner estimate mismatch due to stale stats"", ""index_impact"": ""Index status: OPTIMAL"", ""statistics_status"": ""STALE"", ""recommendation"": ""Execute ANALYZE on appointments table to refresh statistics.""}"
SYNTH-Q-004,Verify whether an appointment slot is already booked,verify_slot_booked,REL-104,v1.3.0,2026-08-08 10:26:00,14.52,13.8,25,1,8.94,1.89,b1ad58e1033f203f,b1ad58e1033f203f,0,idx_appt_doctor_date_time_status,OPTIMAL,47,STALE,NORMAL,NONE,statistics_stale,NORMAL,OK,System performance within acceptable noise band.,Normal patient scheduling experience with zero delay.,"{""rule_triggered"": ""WITHIN_NOISE_BAND"", ""delta_pct"": 5.22, ""delta_ms"": 0.72, ""plan_diff"": ""NONE"", ""index_impact"": ""OPTIMAL"", ""recommendation"": ""Performance within normal operational variance.""}"
SYNTH-Q-004,Verify whether an appointment slot is already booked,verify_slot_booked,REL-104,v1.3.0,2026-08-08 12:20:00,15.12,13.8,25,1,9.32,1.97,b1ad58e1033f203f,b1ad58e1033f203f,0,idx_appt_doctor_date_time_status,OPTIMAL,54,STALE,NORMAL,NONE,statistics_stale,NORMAL,OK,System performance within acceptable noise band.,Normal patient scheduling experience with zero delay.,"{""rule_triggered"": ""WITHIN_NOISE_BAND"", ""delta_pct"": 9.57, ""delta_ms"": 1.32, ""plan_diff"": ""NONE"", ""index_impact"": ""OPTIMAL"", ""recommendation"": ""Performance within normal operational variance.""}"
SYNTH-Q-004,Verify whether an appointment slot is already booked,verify_slot_booked,REL-104,v1.3.0,2026-08-08 14:44:00,15.66,13.8,25,1,9.64,2.04,b1ad58e1033f203f,b1ad58e1033f203f,0,idx_appt_doctor_date_time_status,OPTIMAL,48,STALE,NORMAL,NONE,statistics_stale,WARNING,MEDIUM,Moderate query slowdown; planner row estimates drifting.,Minor booking delay under load; warning flag raised for DBA review.,"{""rule_triggered"": ""STATS_STALE_OR_MILD_TIME_INCREASE"", ""delta_pct"": 13.48, ""delta_ms"": 1.86, ""plan_diff"": ""Planner estimate mismatch due to stale stats"", ""index_impact"": ""Index status: OPTIMAL"", ""statistics_status"": ""STALE"", ""recommendation"": ""Execute ANALYZE on appointments table to refresh statistics.""}"
SYNTH-Q-004,Verify whether an appointment slot is already booked,verify_slot_booked,REL-104,v1.3.0,2026-08-08 16:15:00,15.21,13.8,25,1,9.37,1.98,b1ad58e1033f203f,b1ad58e1033f203f,0,idx_appt_doctor_date_time_status,OPTIMAL,47,STALE,HIGH,NONE,statistics_stale,WARNING,MEDIUM,Moderate query slowdown; planner row estimates drifting.,Minor booking delay under load; warning flag raised for DBA review.,"{""rule_triggered"": ""STATS_STALE_OR_MILD_TIME_INCREASE"", ""delta_pct"": 10.22, ""delta_ms"": 1.41, ""plan_diff"": ""Planner estimate mismatch due to stale stats"", ""index_impact"": ""Index status: OPTIMAL"", ""statistics_status"": ""STALE"", ""recommendation"": ""Execute ANALYZE on appointments table to refresh statistics.""}"
SYNTH-Q-004,Verify whether an appointment slot is already booked,verify_slot_booked,REL-104,v1.3.0,2026-08-08 18:25:00,14.8,13.8,25,1,9.11,1.93,b1ad58e1033f203f,b1ad58e1033f203f,0,idx_appt_doctor_date_time_status,OPTIMAL,45,STALE,NORMAL,NONE,statistics_stale,NORMAL,OK,System performance within acceptable noise band.,Normal patient scheduling experience with zero delay.,"{""rule_triggered"": ""WITHIN_NOISE_BAND"", ""delta_pct"": 7.25, ""delta_ms"": 1.0, ""plan_diff"": ""NONE"", ""index_impact"": ""OPTIMAL"", ""recommendation"": ""Performance within normal operational variance.""}"
SYNTH-Q-004,Verify whether an appointment slot is already booked,verify_slot_booked,REL-104,v1.3.0,2026-08-08 20:49:00,15.36,13.8,25,1,9.46,2.0,b1ad58e1033f203f,b1ad58e1033f203f,0,idx_appt_doctor_date_time_status,OPTIMAL,51,STALE,NORMAL,NONE,statistics_stale,WARNING,MEDIUM,Moderate query slowdown; planner row estimates drifting.,Minor booking delay under load; warning flag raised for DBA review.,"{""rule_triggered"": ""STATS_STALE_OR_MILD_TIME_INCREASE"", ""delta_pct"": 11.3, ""delta_ms"": 1.56, ""plan_diff"": ""Planner estimate mismatch due to stale stats"", ""index_impact"": ""Index status: OPTIMAL"", ""statistics_status"": ""STALE"", ""recommendation"": ""Execute ANALYZE on appointments table to refresh statistics.""}"
SYNTH-Q-004,Verify whether an appointment slot is already booked,verify_slot_booked,REL-104,v1.3.0,2026-08-08 22:33:00,14.97,13.8,25,1,9.22,1.95,b1ad58e1033f203f,b1ad58e1033f203f,0,idx_appt_doctor_date_time_status,OPTIMAL,46,STALE,NORMAL,NONE,statistics_stale,NORMAL,OK,System performance within acceptable noise band.,Normal patient scheduling experience with zero delay.,"{""rule_triggered"": ""WITHIN_NOISE_BAND"", ""delta_pct"": 8.48, ""delta_ms"": 1.17, ""plan_diff"": ""NONE"", ""index_impact"": ""OPTIMAL"", ""recommendation"": ""Performance within normal operational variance.""}"
SYNTH-Q-004,Verify whether an appointment slot is already booked,verify_slot_booked,REL-104,v1.3.0,2026-08-09 00:41:00,14.69,13.8,25,1,9.05,1.92,b1ad58e1033f203f,b1ad58e1033f203f,0,idx_appt_doctor_date_time_status,OPTIMAL,38,STALE,NORMAL,NONE,statistics_stale,NORMAL,OK,System performance within acceptable noise band.,Normal patient scheduling experience with zero delay.,"{""rule_triggered"": ""WITHIN_NOISE_BAND"", ""delta_pct"": 6.45, ""delta_ms"": 0.89, ""plan_diff"": ""NONE"", ""index_impact"": ""OPTIMAL"", ""recommendation"": ""Performance within normal operational variance.""}"
SYNTH-Q-004,Verify whether an appointment slot is already booked,verify_slot_booked,REL-104,v1.3.0,2026-08-09 02:12:00,15.54,13.8,25,1,9.57,2.03,b1ad58e1033f203f,b1ad58e1033f203f,0,idx_appt_doctor_date_time_status,OPTIMAL,39,STALE,NORMAL,NONE,statistics_stale,WARNING,MEDIUM,Moderate query slowdown; planner row estimates drifting.,Minor booking delay under load; warning flag raised for DBA review.,"{""rule_triggered"": ""STATS_STALE_OR_MILD_TIME_INCREASE"", ""delta_pct"": 12.61, ""delta_ms"": 1.74, ""plan_diff"": ""Planner estimate mismatch due to stale stats"", ""index_impact"": ""Index status: OPTIMAL"", ""statistics_status"": ""STALE"", ""recommendation"": ""Execute ANALYZE on appointments table to refresh statistics.""}"
SYNTH-Q-005,Search appointments,search_appointments,REL-104,v1.3.0,2026-08-08 08:41:00,46.53,28.5,1142,24,31.02,11.36,81a5a3d7697587c2,e76181d244fee67c,1,idx_appt_patient_date,OPTIMAL,59,STALE,LOW,NONE,statistics_stale,REGRESSION,HIGH,Significant latency degradation across booking transactions.,Noticeable scheduling UI lag; increased booking abandonment rate.,"{""rule_triggered"": ""TIME_HIGH_PCT_REGRESSION"", ""delta_pct"": 63.26, ""delta_ms"": 18.03, ""plan_diff"": ""Sub-optimal plan selection or extra temporary B-Tree sorting"", ""index_impact"": ""Index status: OPTIMAL"", ""recommendation"": ""Analyze index selectivity and query predicates before deployment.""}"
SYNTH-Q-005,Search appointments,search_appointments,REL-104,v1.3.0,2026-08-08 10:29:00,46.72,28.5,1147,24,31.15,11.41,81a5a3d7697587c2,e76181d244fee67c,1,idx_appt_patient_date,OPTIMAL,53,STALE,HIGH,NONE,statistics_stale,REGRESSION,HIGH,Significant latency degradation across booking transactions.,Noticeable scheduling UI lag; increased booking abandonment rate.,"{""rule_triggered"": ""TIME_HIGH_PCT_REGRESSION"", ""delta_pct"": 63.93, ""delta_ms"": 18.22, ""plan_diff"": ""Sub-optimal plan selection or extra temporary B-Tree sorting"", ""index_impact"": ""Index status: OPTIMAL"", ""recommendation"": ""Analyze index selectivity and query predicates before deployment.""}"
SYNTH-Q-005,Search appointments,search_appointments,REL-104,v1.3.0,2026-08-08 12:39:00,42.53,28.5,1044,24,28.35,10.39,81a5a3d7697587c2,e76181d244fee67c,1,idx_appt_patient_date,OPTIMAL,55,STALE,NORMAL,NONE,statistics_stale,REGRESSION,HIGH,Significant latency degradation across booking transactions.,Noticeable scheduling UI lag; increased booking abandonment rate.,"{""rule_triggered"": ""TIME_HIGH_PCT_REGRESSION"", ""delta_pct"": 49.23, ""delta_ms"": 14.03, ""plan_diff"": ""Sub-optimal plan selection or extra temporary B-Tree sorting"", ""index_impact"": ""Index status: OPTIMAL"", ""recommendation"": ""Analyze index selectivity and query predicates before deployment.""}"
SYNTH-Q-005,Search appointments,search_appointments,REL-104,v1.3.0,2026-08-08 14:28:00,46.57,28.5,1143,24,31.05,11.37,81a5a3d7697587c2,e76181d244fee67c,1,idx_appt_patient_date,OPTIMAL,49,STALE,LOW,NONE,statistics_stale,REGRESSION,HIGH,Significant latency degradation across booking transactions.,Noticeable scheduling UI lag; increased booking abandonment rate.,"{""rule_triggered"": ""TIME_HIGH_PCT_REGRESSION"", ""delta_pct"": 63.4, ""delta_ms"": 18.07, ""plan_diff"": ""Sub-optimal plan selection or extra temporary B-Tree sorting"", ""index_impact"": ""Index status: OPTIMAL"", ""recommendation"": ""Analyze index selectivity and query predicates before deployment.""}"
SYNTH-Q-005,Search appointments,search_appointments,REL-104,v1.3.0,2026-08-08 16:50:00,42.99,28.5,1055,24,28.66,10.5,81a5a3d7697587c2,e76181d244fee67c,1,idx_appt_patient_date,OPTIMAL,36,STALE,NORMAL,NONE,statistics_stale,REGRESSION,HIGH,Significant latency degradation across booking transactions.,Noticeable scheduling UI lag; increased booking abandonment rate.,"{""rule_triggered"": ""TIME_HIGH_PCT_REGRESSION"", ""delta_pct"": 50.84, ""delta_ms"": 14.49, ""plan_diff"": ""Sub-optimal plan selection or extra temporary B-Tree sorting"", ""index_impact"": ""Index status: OPTIMAL"", ""recommendation"": ""Analyze index selectivity and query predicates before deployment.""}"
SYNTH-Q-005,Search appointments,search_appointments,REL-104,v1.3.0,2026-08-08 18:04:00,38.96,28.5,956,24,25.97,9.51,81a5a3d7697587c2,e76181d244fee67c,1,idx_appt_patient_date,OPTIMAL,49,STALE,NORMAL,NONE,statistics_stale,REGRESSION,HIGH,Significant latency degradation across booking transactions.,Noticeable scheduling UI lag; increased booking abandonment rate.,"{""rule_triggered"": ""TIME_HIGH_PCT_REGRESSION"", ""delta_pct"": 36.7, ""delta_ms"": 10.46, ""plan_diff"": ""Sub-optimal plan selection or extra temporary B-Tree sorting"", ""index_impact"": ""Index status: OPTIMAL"", ""recommendation"": ""Analyze index selectivity and query predicates before deployment.""}"
SYNTH-Q-005,Search appointments,search_appointments,REL-104,v1.3.0,2026-08-08 20:23:00,49.56,28.5,1217,24,33.04,12.1,81a5a3d7697587c2,e76181d244fee67c,1,idx_appt_patient_date,OPTIMAL,55,STALE,NORMAL,NONE,statistics_stale,REGRESSION,HIGH,Significant latency degradation across booking transactions.,Noticeable scheduling UI lag; increased booking abandonment rate.,"{""rule_triggered"": ""TIME_HIGH_PCT_REGRESSION"", ""delta_pct"": 73.89, ""delta_ms"": 21.06, ""plan_diff"": ""Sub-optimal plan selection or extra temporary B-Tree sorting"", ""index_impact"": ""Index status: OPTIMAL"", ""recommendation"": ""Analyze index selectivity and query predicates before deployment.""}"
SYNTH-Q-005,Search appointments,search_appointments,REL-104,v1.3.0,2026-08-08 22:05:00,45.58,28.5,1119,24,30.39,11.13,81a5a3d7697587c2,e76181d244fee67c,1,idx_appt_patient_date,OPTIMAL,53,STALE,HIGH,NONE,statistics_stale,REGRESSION,HIGH,Significant latency degradation across booking transactions.,Noticeable scheduling UI lag; increased booking abandonment rate.,"{""rule_triggered"": ""TIME_HIGH_PCT_REGRESSION"", ""delta_pct"": 59.93, ""delta_ms"": 17.08, ""plan_diff"": ""Sub-optimal plan selection or extra temporary B-Tree sorting"", ""index_impact"": ""Index status: OPTIMAL"", ""recommendation"": ""Analyze index selectivity and query predicates before deployment.""}"
SYNTH-Q-005,Search appointments,search_appointments,REL-104,v1.3.0,2026-08-09 00:50:00,45.81,28.5,1125,24,30.54,11.19,81a5a3d7697587c2,e76181d244fee67c,1,idx_appt_patient_date,OPTIMAL,60,STALE,LOW,NONE,statistics_stale,REGRESSION,HIGH,Significant latency degradation across booking transactions.,Noticeable scheduling UI lag; increased booking abandonment rate.,"{""rule_triggered"": ""TIME_HIGH_PCT_REGRESSION"", ""delta_pct"": 60.74, ""delta_ms"": 17.31, ""plan_diff"": ""Sub-optimal plan selection or extra temporary B-Tree sorting"", ""index_impact"": ""Index status: OPTIMAL"", ""recommendation"": ""Analyze index selectivity and query predicates before deployment.""}"
SYNTH-Q-005,Search appointments,search_appointments,REL-104,v1.3.0,2026-08-09 02:12:00,44.91,28.5,1102,24,29.94,10.97,81a5a3d7697587c2,e76181d244fee67c,1,idx_appt_patient_date,OPTIMAL,50,STALE,NORMAL,NONE,statistics_stale,REGRESSION,HIGH,Significant latency degradation across booking transactions.,Noticeable scheduling UI lag; increased booking abandonment rate.,"{""rule_triggered"": ""TIME_HIGH_PCT_REGRESSION"", ""delta_pct"": 57.58, ""delta_ms"": 16.41, ""plan_diff"": ""Sub-optimal plan selection or extra temporary B-Tree sorting"", ""index_impact"": ""Index status: OPTIMAL"", ""recommendation"": ""Analyze index selectivity and query predicates before deployment.""}"
SYNTH-Q-006,Update appointment status,update_appointment_status,REL-104,v1.3.0,2026-08-08 08:03:00,18.69,16.4,1,1,11.63,3.53,d54f2bccb838a972,d54f2bccb838a972,0,idx_appt_pk,OPTIMAL,60,STALE,HIGH,NONE,statistics_stale,WARNING,MEDIUM,Moderate query slowdown; planner row estimates drifting.,Minor booking delay under load; warning flag raised for DBA review.,"{""rule_triggered"": ""STATS_STALE_OR_MILD_TIME_INCREASE"", ""delta_pct"": 13.96, ""delta_ms"": 2.29, ""plan_diff"": ""Planner estimate mismatch due to stale stats"", ""index_impact"": ""Index status: OPTIMAL"", ""statistics_status"": ""STALE"", ""recommendation"": ""Execute ANALYZE on appointments table to refresh statistics.""}"
SYNTH-Q-006,Update appointment status,update_appointment_status,REL-104,v1.3.0,2026-08-08 10:21:00,17.5,16.4,1,1,10.89,3.31,d54f2bccb838a972,d54f2bccb838a972,0,idx_appt_pk,OPTIMAL,55,STALE,LOW,NONE,statistics_stale,NORMAL,OK,System performance within acceptable noise band.,Normal patient scheduling experience with zero delay.,"{""rule_triggered"": ""WITHIN_NOISE_BAND"", ""delta_pct"": 6.71, ""delta_ms"": 1.1, ""plan_diff"": ""NONE"", ""index_impact"": ""OPTIMAL"", ""recommendation"": ""Performance within normal operational variance.""}"
SYNTH-Q-006,Update appointment status,update_appointment_status,REL-104,v1.3.0,2026-08-08 12:15:00,18.08,16.4,1,1,11.24,3.42,d54f2bccb838a972,d54f2bccb838a972,0,idx_appt_pk,OPTIMAL,51,STALE,HIGH,NONE,statistics_stale,WARNING,MEDIUM,Moderate query slowdown; planner row estimates drifting.,Minor booking delay under load; warning flag raised for DBA review.,"{""rule_triggered"": ""STATS_STALE_OR_MILD_TIME_INCREASE"", ""delta_pct"": 10.24, ""delta_ms"": 1.68, ""plan_diff"": ""Planner estimate mismatch due to stale stats"", ""index_impact"": ""Index status: OPTIMAL"", ""statistics_status"": ""STALE"", ""recommendation"": ""Execute ANALYZE on appointments table to refresh statistics.""}"
SYNTH-Q-006,Update appointment status,update_appointment_status,REL-104,v1.3.0,2026-08-08 14:10:00,17.86,16.4,1,1,11.11,3.38,d54f2bccb838a972,d54f2bccb838a972,0,idx_appt_pk,OPTIMAL,44,STALE,NORMAL,NONE,statistics_stale,NORMAL,OK,System performance within acceptable noise band.,Normal patient scheduling experience with zero delay.,"{""rule_triggered"": ""WITHIN_NOISE_BAND"", ""delta_pct"": 8.9, ""delta_ms"": 1.46, ""plan_diff"": ""NONE"", ""index_impact"": ""OPTIMAL"", ""recommendation"": ""Performance within normal operational variance.""}"
SYNTH-Q-006,Update appointment status,update_appointment_status,REL-104,v1.3.0,2026-08-08 16:49:00,17.31,16.4,1,1,10.76,3.27,d54f2bccb838a972,d54f2bccb838a972,0,idx_appt_pk,OPTIMAL,54,STALE,NORMAL,NONE,statistics_stale,NORMAL,OK,System performance within acceptable noise band.,Normal patient scheduling experience with zero delay.,"{""rule_triggered"": ""WITHIN_NOISE_BAND"", ""delta_pct"": 5.55, ""delta_ms"": 0.91, ""plan_diff"": ""NONE"", ""index_impact"": ""OPTIMAL"", ""recommendation"": ""Performance within normal operational variance.""}"
SYNTH-Q-006,Update appointment status,update_appointment_status,REL-104,v1.3.0,2026-08-08 18:40:00,17.37,16.4,1,1,10.81,3.28,d54f2bccb838a972,d54f2bccb838a972,0,idx_appt_pk,OPTIMAL,45,STALE,NORMAL,NONE,statistics_stale,NORMAL,OK,System performance within acceptable noise band.,Normal patient scheduling experience with zero delay.,"{""rule_triggered"": ""WITHIN_NOISE_BAND"", ""delta_pct"": 5.91, ""delta_ms"": 0.97, ""plan_diff"": ""NONE"", ""index_impact"": ""OPTIMAL"", ""recommendation"": ""Performance within normal operational variance.""}"
SYNTH-Q-006,Update appointment status,update_appointment_status,REL-104,v1.3.0,2026-08-08 20:43:00,18.41,16.4,1,1,11.45,3.48,d54f2bccb838a972,d54f2bccb838a972,0,idx_appt_pk,OPTIMAL,43,STALE,HIGH,NONE,statistics_stale,WARNING,MEDIUM,Moderate query slowdown; planner row estimates drifting.,Minor booking delay under load; warning flag raised for DBA review.,"{""rule_triggered"": ""STATS_STALE_OR_MILD_TIME_INCREASE"", ""delta_pct"": 12.26, ""delta_ms"": 2.01, ""plan_diff"": ""Planner estimate mismatch due to stale stats"", ""index_impact"": ""Index status: OPTIMAL"", ""statistics_status"": ""STALE"", ""recommendation"": ""Execute ANALYZE on appointments table to refresh statistics.""}"
SYNTH-Q-006,Update appointment status,update_appointment_status,REL-104,v1.3.0,2026-08-08 22:42:00,18.18,16.4,1,1,11.3,3.44,d54f2bccb838a972,d54f2bccb838a972,0,idx_appt_pk,OPTIMAL,37,STALE,NORMAL,NONE,statistics_stale,WARNING,MEDIUM,Moderate query slowdown; planner row estimates drifting.,Minor booking delay under load; warning flag raised for DBA review.,"{""rule_triggered"": ""STATS_STALE_OR_MILD_TIME_INCREASE"", ""delta_pct"": 10.85, ""delta_ms"": 1.78, ""plan_diff"": ""Planner estimate mismatch due to stale stats"", ""index_impact"": ""Index status: OPTIMAL"", ""statistics_status"": ""STALE"", ""recommendation"": ""Execute ANALYZE on appointments table to refresh statistics.""}"
SYNTH-Q-006,Update appointment status,update_appointment_status,REL-104,v1.3.0,2026-08-09 00:09:00,18.37,16.4,1,1,11.42,3.47,d54f2bccb838a972,d54f2bccb838a972,0,idx_appt_pk,OPTIMAL,55,STALE,NORMAL,NONE,statistics_stale,WARNING,MEDIUM,Moderate query slowdown; planner row estimates drifting.,Minor booking delay under load; warning flag raised for DBA review.,"{""rule_triggered"": ""STATS_STALE_OR_MILD_TIME_INCREASE"", ""delta_pct"": 12.01, ""delta_ms"": 1.97, ""plan_diff"": ""Planner estimate mismatch due to stale stats"", ""index_impact"": ""Index status: OPTIMAL"", ""statistics_status"": ""STALE"", ""recommendation"": ""Execute ANALYZE on appointments table to refresh statistics.""}"
SYNTH-Q-006,Update appointment status,update_appointment_status,REL-104,v1.3.0,2026-08-09 02:25:00,18.76,16.4,1,1,11.67,3.55,d54f2bccb838a972,d54f2bccb838a972,0,idx_appt_pk,OPTIMAL,57,STALE,NORMAL,NONE,statistics_stale,WARNING,MEDIUM,Moderate query slowdown; planner row estimates drifting.,Minor booking delay under load; warning flag raised for DBA review.,"{""rule_triggered"": ""STATS_STALE_OR_MILD_TIME_INCREASE"", ""delta_pct"": 14.39, ""delta_ms"": 2.36, ""plan_diff"": ""Planner estimate mismatch due to stale stats"", ""index_impact"": ""Index status: OPTIMAL"", ""statistics_status"": ""STALE"", ""recommendation"": ""Execute ANALYZE on appointments table to refresh statistics.""}"
SYNTH-Q-007,Cancel appointment,cancel_appointment,REL-104,v1.3.0,2026-08-08 08:19:00,16.35,15.1,1,1,10.29,3.14,d54f2bccb838a972,d54f2bccb838a972,0,idx_appt_pk,OPTIMAL,60,STALE,HIGH,NONE,statistics_stale,NORMAL,OK,System performance within acceptable noise band.,Normal patient scheduling experience with zero delay.,"{""rule_triggered"": ""WITHIN_NOISE_BAND"", ""delta_pct"": 8.28, ""delta_ms"": 1.25, ""plan_diff"": ""NONE"", ""index_impact"": ""OPTIMAL"", ""recommendation"": ""Performance within normal operational variance.""}"
SYNTH-Q-007,Cancel appointment,cancel_appointment,REL-104,v1.3.0,2026-08-08 10:08:00,16.49,15.1,1,1,10.38,3.17,d54f2bccb838a972,d54f2bccb838a972,0,idx_appt_pk,OPTIMAL,56,STALE,LOW,NONE,statistics_stale,NORMAL,OK,System performance within acceptable noise band.,Normal patient scheduling experience with zero delay.,"{""rule_triggered"": ""WITHIN_NOISE_BAND"", ""delta_pct"": 9.21, ""delta_ms"": 1.39, ""plan_diff"": ""NONE"", ""index_impact"": ""OPTIMAL"", ""recommendation"": ""Performance within normal operational variance.""}"
SYNTH-Q-007,Cancel appointment,cancel_appointment,REL-104,v1.3.0,2026-08-08 12:23:00,16.13,15.1,1,1,10.15,3.1,d54f2bccb838a972,d54f2bccb838a972,0,idx_appt_pk,OPTIMAL,44,STALE,LOW,NONE,statistics_stale,NORMAL,OK,System performance within acceptable noise band.,Normal patient scheduling experience with zero delay.,"{""rule_triggered"": ""WITHIN_NOISE_BAND"", ""delta_pct"": 6.82, ""delta_ms"": 1.03, ""plan_diff"": ""NONE"", ""index_impact"": ""OPTIMAL"", ""recommendation"": ""Performance within normal operational variance.""}"
SYNTH-Q-007,Cancel appointment,cancel_appointment,REL-104,v1.3.0,2026-08-08 14:13:00,16.14,15.1,1,1,10.16,3.1,d54f2bccb838a972,d54f2bccb838a972,0,idx_appt_pk,OPTIMAL,50,STALE,NORMAL,NONE,statistics_stale,NORMAL,OK,System performance within acceptable noise band.,Normal patient scheduling experience with zero delay.,"{""rule_triggered"": ""WITHIN_NOISE_BAND"", ""delta_pct"": 6.89, ""delta_ms"": 1.04, ""plan_diff"": ""NONE"", ""index_impact"": ""OPTIMAL"", ""recommendation"": ""Performance within normal operational variance.""}"
SYNTH-Q-007,Cancel appointment,cancel_appointment,REL-104,v1.3.0,2026-08-08 16:08:00,17.13,15.1,1,1,10.78,3.29,d54f2bccb838a972,d54f2bccb838a972,0,idx_appt_pk,OPTIMAL,44,STALE,NORMAL,NONE,statistics_stale,WARNING,MEDIUM,Moderate query slowdown; planner row estimates drifting.,Minor booking delay under load; warning flag raised for DBA review.,"{""rule_triggered"": ""STATS_STALE_OR_MILD_TIME_INCREASE"", ""delta_pct"": 13.44, ""delta_ms"": 2.03, ""plan_diff"": ""Planner estimate mismatch due to stale stats"", ""index_impact"": ""Index status: OPTIMAL"", ""statistics_status"": ""STALE"", ""recommendation"": ""Execute ANALYZE on appointments table to refresh statistics.""}"
SYNTH-Q-007,Cancel appointment,cancel_appointment,REL-104,v1.3.0,2026-08-08 18:06:00,17.18,15.1,1,1,10.81,3.3,d54f2bccb838a972,d54f2bccb838a972,0,idx_appt_pk,OPTIMAL,45,STALE,LOW,NONE,statistics_stale,WARNING,MEDIUM,Moderate query slowdown; planner row estimates drifting.,Minor booking delay under load; warning flag raised for DBA review.,"{""rule_triggered"": ""STATS_STALE_OR_MILD_TIME_INCREASE"", ""delta_pct"": 13.77, ""delta_ms"": 2.08, ""plan_diff"": ""Planner estimate mismatch due to stale stats"", ""index_impact"": ""Index status: OPTIMAL"", ""statistics_status"": ""STALE"", ""recommendation"": ""Execute ANALYZE on appointments table to refresh statistics.""}"
SYNTH-Q-007,Cancel appointment,cancel_appointment,REL-104,v1.3.0,2026-08-08 20:39:00,16.09,15.1,1,1,10.12,3.09,d54f2bccb838a972,d54f2bccb838a972,0,idx_appt_pk,OPTIMAL,47,STALE,NORMAL,NONE,statistics_stale,NORMAL,OK,System performance within acceptable noise band.,Normal patient scheduling experience with zero delay.,"{""rule_triggered"": ""WITHIN_NOISE_BAND"", ""delta_pct"": 6.56, ""delta_ms"": 0.99, ""plan_diff"": ""NONE"", ""index_impact"": ""OPTIMAL"", ""recommendation"": ""Performance within normal operational variance.""}"
SYNTH-Q-007,Cancel appointment,cancel_appointment,REL-104,v1.3.0,2026-08-08 22:11:00,15.92,15.1,1,1,10.02,3.06,d54f2bccb838a972,d54f2bccb838a972,0,idx_appt_pk,OPTIMAL,49,STALE,NORMAL,NONE,statistics_stale,NORMAL,OK,System performance within acceptable noise band.,Normal patient scheduling experience with zero delay.,"{""rule_triggered"": ""WITHIN_NOISE_BAND"", ""delta_pct"": 5.43, ""delta_ms"": 0.82, ""plan_diff"": ""NONE"", ""index_impact"": ""OPTIMAL"", ""recommendation"": ""Performance within normal operational variance.""}"
SYNTH-Q-007,Cancel appointment,cancel_appointment,REL-104,v1.3.0,2026-08-09 00:23:00,16.29,15.1,1,1,10.25,3.13,d54f2bccb838a972,d54f2bccb838a972,0,idx_appt_pk,OPTIMAL,54,STALE,NORMAL,NONE,statistics_stale,NORMAL,OK,System performance within acceptable noise band.,Normal patient scheduling experience with zero delay.,"{""rule_triggered"": ""WITHIN_NOISE_BAND"", ""delta_pct"": 7.88, ""delta_ms"": 1.19, ""plan_diff"": ""NONE"", ""index_impact"": ""OPTIMAL"", ""recommendation"": ""Performance within normal operational variance.""}"
SYNTH-Q-007,Cancel appointment,cancel_appointment,REL-104,v1.3.0,2026-08-09 02:47:00,16.22,15.1,1,1,10.2,3.11,d54f2bccb838a972,d54f2bccb838a972,0,idx_appt_pk,OPTIMAL,52,STALE,HIGH,NONE,statistics_stale,NORMAL,OK,System performance within acceptable noise band.,Normal patient scheduling experience with zero delay.,"{""rule_triggered"": ""WITHIN_NOISE_BAND"", ""delta_pct"": 7.42, ""delta_ms"": 1.12, ""plan_diff"": ""NONE"", ""index_impact"": ""OPTIMAL"", ""recommendation"": ""Performance within normal operational variance.""}"
SYNTH-Q-008,Retrieve doctor schedule,retrieve_doctor_schedule,REL-104,v1.3.0,2026-08-08 08:50:00,19.78,18.2,90,16,12.39,2.83,d92063c67a1d5b2c,d92063c67a1d5b2c,0,idx_appt_doctor_date,OPTIMAL,41,STALE,HIGH,NONE,statistics_stale,NORMAL,OK,System performance within acceptable noise band.,Normal patient scheduling experience with zero delay.,"{""rule_triggered"": ""WITHIN_NOISE_BAND"", ""delta_pct"": 8.68, ""delta_ms"": 1.58, ""plan_diff"": ""NONE"", ""index_impact"": ""OPTIMAL"", ""recommendation"": ""Performance within normal operational variance.""}"
SYNTH-Q-008,Retrieve doctor schedule,retrieve_doctor_schedule,REL-104,v1.3.0,2026-08-08 10:36:00,19.62,18.2,90,16,12.29,2.8,d92063c67a1d5b2c,d92063c67a1d5b2c,0,idx_appt_doctor_date,OPTIMAL,59,STALE,HIGH,NONE,statistics_stale,NORMAL,OK,System performance within acceptable noise band.,Normal patient scheduling experience with zero delay.,"{""rule_triggered"": ""WITHIN_NOISE_BAND"", ""delta_pct"": 7.8, ""delta_ms"": 1.42, ""plan_diff"": ""NONE"", ""index_impact"": ""OPTIMAL"", ""recommendation"": ""Performance within normal operational variance.""}"
SYNTH-Q-008,Retrieve doctor schedule,retrieve_doctor_schedule,REL-104,v1.3.0,2026-08-08 12:24:00,20.57,18.2,90,16,12.88,2.94,d92063c67a1d5b2c,d92063c67a1d5b2c,0,idx_appt_doctor_date,OPTIMAL,41,STALE,HIGH,NONE,statistics_stale,WARNING,MEDIUM,Moderate query slowdown; planner row estimates drifting.,Minor booking delay under load; warning flag raised for DBA review.,"{""rule_triggered"": ""STATS_STALE_OR_MILD_TIME_INCREASE"", ""delta_pct"": 13.02, ""delta_ms"": 2.37, ""plan_diff"": ""Planner estimate mismatch due to stale stats"", ""index_impact"": ""Index status: OPTIMAL"", ""statistics_status"": ""STALE"", ""recommendation"": ""Execute ANALYZE on appointments table to refresh statistics.""}"
SYNTH-Q-008,Retrieve doctor schedule,retrieve_doctor_schedule,REL-104,v1.3.0,2026-08-08 14:08:00,19.98,18.2,90,16,12.52,2.85,d92063c67a1d5b2c,d92063c67a1d5b2c,0,idx_appt_doctor_date,OPTIMAL,55,STALE,NORMAL,NONE,statistics_stale,NORMAL,OK,System performance within acceptable noise band.,Normal patient scheduling experience with zero delay.,"{""rule_triggered"": ""WITHIN_NOISE_BAND"", ""delta_pct"": 9.78, ""delta_ms"": 1.78, ""plan_diff"": ""NONE"", ""index_impact"": ""OPTIMAL"", ""recommendation"": ""Performance within normal operational variance.""}"
SYNTH-Q-008,Retrieve doctor schedule,retrieve_doctor_schedule,REL-104,v1.3.0,2026-08-08 16:23:00,20.66,18.2,90,16,12.94,2.95,d92063c67a1d5b2c,d92063c67a1d5b2c,0,idx_appt_doctor_date,OPTIMAL,51,STALE,LOW,NONE,statistics_stale,WARNING,MEDIUM,Moderate query slowdown; planner row estimates drifting.,Minor booking delay under load; warning flag raised for DBA review.,"{""rule_triggered"": ""STATS_STALE_OR_MILD_TIME_INCREASE"", ""delta_pct"": 13.52, ""delta_ms"": 2.46, ""plan_diff"": ""Planner estimate mismatch due to stale stats"", ""index_impact"": ""Index status: OPTIMAL"", ""statistics_status"": ""STALE"", ""recommendation"": ""Execute ANALYZE on appointments table to refresh statistics.""}"
SYNTH-Q-008,Retrieve doctor schedule,retrieve_doctor_schedule,REL-104,v1.3.0,2026-08-08 18:18:00,19.61,18.2,90,16,12.28,2.8,d92063c67a1d5b2c,d92063c67a1d5b2c,0,idx_appt_doctor_date,OPTIMAL,40,STALE,LOW,NONE,statistics_stale,NORMAL,OK,System performance within acceptable noise band.,Normal patient scheduling experience with zero delay.,"{""rule_triggered"": ""WITHIN_NOISE_BAND"", ""delta_pct"": 7.75, ""delta_ms"": 1.41, ""plan_diff"": ""NONE"", ""index_impact"": ""OPTIMAL"", ""recommendation"": ""Performance within normal operational variance.""}"
SYNTH-Q-008,Retrieve doctor schedule,retrieve_doctor_schedule,REL-104,v1.3.0,2026-08-08 20:32:00,19.28,18.2,90,16,12.07,2.75,d92063c67a1d5b2c,d92063c67a1d5b2c,0,idx_appt_doctor_date,OPTIMAL,48,STALE,NORMAL,NONE,statistics_stale,NORMAL,OK,System performance within acceptable noise band.,Normal patient scheduling experience with zero delay.,"{""rule_triggered"": ""WITHIN_NOISE_BAND"", ""delta_pct"": 5.93, ""delta_ms"": 1.08, ""plan_diff"": ""NONE"", ""index_impact"": ""OPTIMAL"", ""recommendation"": ""Performance within normal operational variance.""}"
SYNTH-Q-008,Retrieve doctor schedule,retrieve_doctor_schedule,REL-104,v1.3.0,2026-08-08 22:14:00,19.87,18.2,90,16,12.44,2.84,d92063c67a1d5b2c,d92063c67a1d5b2c,0,idx_appt_doctor_date,OPTIMAL,35,STALE,HIGH,NONE,statistics_stale,NORMAL,OK,System performance within acceptable noise band.,Normal patient scheduling experience with zero delay.,"{""rule_triggered"": ""WITHIN_NOISE_BAND"", ""delta_pct"": 9.18, ""delta_ms"": 1.67, ""plan_diff"": ""NONE"", ""index_impact"": ""OPTIMAL"", ""recommendation"": ""Performance within normal operational variance.""}"
SYNTH-Q-008,Retrieve doctor schedule,retrieve_doctor_schedule,REL-104,v1.3.0,2026-08-09 00:25:00,20.92,18.2,90,16,13.1,2.99,d92063c67a1d5b2c,d92063c67a1d5b2c,0,idx_appt_doctor_date,OPTIMAL,47,STALE,NORMAL,NONE,statistics_stale,WARNING,MEDIUM,Moderate query slowdown; planner row estimates drifting.,Minor booking delay under load; warning flag raised for DBA review.,"{""rule_triggered"": ""STATS_STALE_OR_MILD_TIME_INCREASE"", ""delta_pct"": 14.95, ""delta_ms"": 2.72, ""plan_diff"": ""Planner estimate mismatch due to stale stats"", ""index_impact"": ""Index status: OPTIMAL"", ""statistics_status"": ""STALE"", ""recommendation"": ""Execute ANALYZE on appointments table to refresh statistics.""}"
SYNTH-Q-008,Retrieve doctor schedule,retrieve_doctor_schedule,REL-104,v1.3.0,2026-08-09 02:23:00,20.8,18.2,90,16,13.03,2.97,d92063c67a1d5b2c,d92063c67a1d5b2c,0,idx_appt_doctor_date,OPTIMAL,45,STALE,NORMAL,NONE,statistics_stale,WARNING,MEDIUM,Moderate query slowdown; planner row estimates drifting.,Minor booking delay under load; warning flag raised for DBA review.,"{""rule_triggered"": ""STATS_STALE_OR_MILD_TIME_INCREASE"", ""delta_pct"": 14.29, ""delta_ms"": 2.6, ""plan_diff"": ""Planner estimate mismatch due to stale stats"", ""index_impact"": ""Index status: OPTIMAL"", ""statistics_status"": ""STALE"", ""recommendation"": ""Execute ANALYZE on appointments table to refresh statistics.""}"
SYNTH-Q-009,Retrieve department schedule,retrieve_department_schedule,REL-104,v1.3.0,2026-08-08 08:45:00,49.42,35.0,1355,65,33.18,11.52,1da1036d272f2d6e,364020380f4bd7af,1,idx_appt_dept_date,OPTIMAL,39,STALE,NORMAL,NONE,statistics_stale,REGRESSION,HIGH,Significant latency degradation across booking transactions.,Noticeable scheduling UI lag; increased booking abandonment rate.,"{""rule_triggered"": ""TIME_HIGH_PCT_REGRESSION"", ""delta_pct"": 41.2, ""delta_ms"": 14.42, ""plan_diff"": ""Sub-optimal plan selection or extra temporary B-Tree sorting"", ""index_impact"": ""Index status: OPTIMAL"", ""recommendation"": ""Analyze index selectivity and query predicates before deployment.""}"
SYNTH-Q-009,Retrieve department schedule,retrieve_department_schedule,REL-104,v1.3.0,2026-08-08 10:18:00,59.2,35.0,1623,65,39.75,13.8,1da1036d272f2d6e,364020380f4bd7af,1,idx_appt_dept_date,OPTIMAL,39,STALE,HIGH,NONE,statistics_stale,REGRESSION,HIGH,Significant latency degradation across booking transactions.,Noticeable scheduling UI lag; increased booking abandonment rate.,"{""rule_triggered"": ""TIME_HIGH_PCT_REGRESSION"", ""delta_pct"": 69.14, ""delta_ms"": 24.2, ""plan_diff"": ""Sub-optimal plan selection or extra temporary B-Tree sorting"", ""index_impact"": ""Index status: OPTIMAL"", ""recommendation"": ""Analyze index selectivity and query predicates before deployment.""}"
SYNTH-Q-009,Retrieve department schedule,retrieve_department_schedule,REL-104,v1.3.0,2026-08-08 12:30:00,61.52,35.0,1687,65,41.3,14.34,1da1036d272f2d6e,364020380f4bd7af,1,idx_appt_dept_date,OPTIMAL,35,STALE,HIGH,NONE,statistics_stale,REGRESSION,HIGH,Significant latency degradation across booking transactions.,Noticeable scheduling UI lag; increased booking abandonment rate.,"{""rule_triggered"": ""TIME_HIGH_PCT_REGRESSION"", ""delta_pct"": 75.77, ""delta_ms"": 26.52, ""plan_diff"": ""Sub-optimal plan selection or extra temporary B-Tree sorting"", ""index_impact"": ""Index status: OPTIMAL"", ""recommendation"": ""Analyze index selectivity and query predicates before deployment.""}"
SYNTH-Q-009,Retrieve department schedule,retrieve_department_schedule,REL-104,v1.3.0,2026-08-08 14:01:00,55.89,35.0,1533,65,37.53,13.03,1da1036d272f2d6e,364020380f4bd7af,1,idx_appt_dept_date,OPTIMAL,39,STALE,NORMAL,NONE,statistics_stale,REGRESSION,HIGH,Significant latency degradation across booking transactions.,Noticeable scheduling UI lag; increased booking abandonment rate.,"{""rule_triggered"": ""TIME_HIGH_PCT_REGRESSION"", ""delta_pct"": 59.69, ""delta_ms"": 20.89, ""plan_diff"": ""Sub-optimal plan selection or extra temporary B-Tree sorting"", ""index_impact"": ""Index status: OPTIMAL"", ""recommendation"": ""Analyze index selectivity and query predicates before deployment.""}"
SYNTH-Q-009,Retrieve department schedule,retrieve_department_schedule,REL-104,v1.3.0,2026-08-08 16:46:00,51.79,35.0,1420,65,34.77,12.07,1da1036d272f2d6e,364020380f4bd7af,1,idx_appt_dept_date,OPTIMAL,59,STALE,HIGH,NONE,statistics_stale,REGRESSION,HIGH,Significant latency degradation across booking transactions.,Noticeable scheduling UI lag; increased booking abandonment rate.,"{""rule_triggered"": ""TIME_HIGH_PCT_REGRESSION"", ""delta_pct"": 47.97, ""delta_ms"": 16.79, ""plan_diff"": ""Sub-optimal plan selection or extra temporary B-Tree sorting"", ""index_impact"": ""Index status: OPTIMAL"", ""recommendation"": ""Analyze index selectivity and query predicates before deployment.""}"
SYNTH-Q-009,Retrieve department schedule,retrieve_department_schedule,REL-104,v1.3.0,2026-08-08 18:19:00,53.86,35.0,1477,65,36.16,12.56,1da1036d272f2d6e,364020380f4bd7af,1,idx_appt_dept_date,OPTIMAL,42,STALE,LOW,NONE,statistics_stale,REGRESSION,HIGH,Significant latency degradation across booking transactions.,Noticeable scheduling UI lag; increased booking abandonment rate.,"{""rule_triggered"": ""TIME_HIGH_PCT_REGRESSION"", ""delta_pct"": 53.89, ""delta_ms"": 18.86, ""plan_diff"": ""Sub-optimal plan selection or extra temporary B-Tree sorting"", ""index_impact"": ""Index status: OPTIMAL"", ""recommendation"": ""Analyze index selectivity and query predicates before deployment.""}"
SYNTH-Q-009,Retrieve department schedule,retrieve_department_schedule,REL-104,v1.3.0,2026-08-08 20:50:00,60.43,35.0,1657,65,40.57,14.09,1da1036d272f2d6e,364020380f4bd7af,1,idx_appt_dept_date,OPTIMAL,38,STALE,HIGH,NONE,statistics_stale,REGRESSION,HIGH,Significant latency degradation across booking transactions.,Noticeable scheduling UI lag; increased booking abandonment rate.,"{""rule_triggered"": ""TIME_HIGH_PCT_REGRESSION"", ""delta_pct"": 72.66, ""delta_ms"": 25.43, ""plan_diff"": ""Sub-optimal plan selection or extra temporary B-Tree sorting"", ""index_impact"": ""Index status: OPTIMAL"", ""recommendation"": ""Analyze index selectivity and query predicates before deployment.""}"
SYNTH-Q-009,Retrieve department schedule,retrieve_department_schedule,REL-104,v1.3.0,2026-08-08 22:31:00,56.31,35.0,1544,65,37.81,13.13,1da1036d272f2d6e,364020380f4bd7af,1,idx_appt_dept_date,OPTIMAL,51,STALE,LOW,NONE,statistics_stale,REGRESSION,HIGH,Significant latency degradation across booking transactions.,Noticeable scheduling UI lag; increased booking abandonment rate.,"{""rule_triggered"": ""TIME_HIGH_PCT_REGRESSION"", ""delta_pct"": 60.89, ""delta_ms"": 21.31, ""plan_diff"": ""Sub-optimal plan selection or extra temporary B-Tree sorting"", ""index_impact"": ""Index status: OPTIMAL"", ""recommendation"": ""Analyze index selectivity and query predicates before deployment.""}"
SYNTH-Q-009,Retrieve department schedule,retrieve_department_schedule,REL-104,v1.3.0,2026-08-09 00:45:00,47.27,35.0,1296,65,31.74,11.02,1da1036d272f2d6e,364020380f4bd7af,1,idx_appt_dept_date,OPTIMAL,48,STALE,NORMAL,NONE,statistics_stale,REGRESSION,HIGH,Significant latency degradation across booking transactions.,Noticeable scheduling UI lag; increased booking abandonment rate.,"{""rule_triggered"": ""TIME_HIGH_PCT_REGRESSION"", ""delta_pct"": 35.06, ""delta_ms"": 12.27, ""plan_diff"": ""Sub-optimal plan selection or extra temporary B-Tree sorting"", ""index_impact"": ""Index status: OPTIMAL"", ""recommendation"": ""Analyze index selectivity and query predicates before deployment.""}"
SYNTH-Q-009,Retrieve department schedule,retrieve_department_schedule,REL-104,v1.3.0,2026-08-09 02:22:00,50.2,35.0,1376,65,33.71,11.7,1da1036d272f2d6e,364020380f4bd7af,1,idx_appt_dept_date,OPTIMAL,48,STALE,NORMAL,NONE,statistics_stale,REGRESSION,HIGH,Significant latency degradation across booking transactions.,Noticeable scheduling UI lag; increased booking abandonment rate.,"{""rule_triggered"": ""TIME_HIGH_PCT_REGRESSION"", ""delta_pct"": 43.43, ""delta_ms"": 15.2, ""plan_diff"": ""Sub-optimal plan selection or extra temporary B-Tree sorting"", ""index_impact"": ""Index status: OPTIMAL"", ""recommendation"": ""Analyze index selectivity and query predicates before deployment.""}"
SYNTH-Q-001,Find available appointment slots,find_available_slots,REL-105,v1.4.0,2026-08-15 08:42:00,45.89,14.5,569,28,29.11,8.64,62c759822b393c31,62c759822b393c31,0,idx_appt_dept_date_status,OPTIMAL,9,CURRENT,LOW,NONE,table_growth,REGRESSION,HIGH,Significant latency degradation across booking transactions.,Noticeable scheduling UI lag; increased booking abandonment rate.,"{""rule_triggered"": ""TIME_HIGH_PCT_REGRESSION"", ""delta_pct"": 216.48, ""delta_ms"": 31.39, ""plan_diff"": ""Sub-optimal plan selection or extra temporary B-Tree sorting"", ""index_impact"": ""Index status: OPTIMAL"", ""recommendation"": ""Analyze index selectivity and query predicates before deployment.""}"
SYNTH-Q-001,Find available appointment slots,find_available_slots,REL-105,v1.4.0,2026-08-15 10:33:00,43.83,14.5,544,27,27.81,8.25,62c759822b393c31,62c759822b393c31,0,idx_appt_dept_date_status,OPTIMAL,7,CURRENT,LOW,NONE,table_growth,REGRESSION,HIGH,Significant latency degradation across booking transactions.,Noticeable scheduling UI lag; increased booking abandonment rate.,"{""rule_triggered"": ""TIME_HIGH_PCT_REGRESSION"", ""delta_pct"": 202.28, ""delta_ms"": 29.33, ""plan_diff"": ""Sub-optimal plan selection or extra temporary B-Tree sorting"", ""index_impact"": ""Index status: OPTIMAL"", ""recommendation"": ""Analyze index selectivity and query predicates before deployment.""}"
SYNTH-Q-001,Find available appointment slots,find_available_slots,REL-105,v1.4.0,2026-08-15 12:24:00,41.27,14.5,512,33,26.19,7.77,62c759822b393c31,62c759822b393c31,0,idx_appt_dept_date_status,OPTIMAL,5,CURRENT,NORMAL,NONE,table_growth,REGRESSION,HIGH,Significant latency degradation across booking transactions.,Noticeable scheduling UI lag; increased booking abandonment rate.,"{""rule_triggered"": ""TIME_HIGH_PCT_REGRESSION"", ""delta_pct"": 184.62, ""delta_ms"": 26.77, ""plan_diff"": ""Sub-optimal plan selection or extra temporary B-Tree sorting"", ""index_impact"": ""Index status: OPTIMAL"", ""recommendation"": ""Analyze index selectivity and query predicates before deployment.""}"
SYNTH-Q-001,Find available appointment slots,find_available_slots,REL-105,v1.4.0,2026-08-15 14:04:00,40.98,14.5,508,38,26.0,7.72,62c759822b393c31,62c759822b393c31,0,idx_appt_dept_date_status,OPTIMAL,4,CURRENT,NORMAL,NONE,table_growth,REGRESSION,HIGH,Significant latency degradation across booking transactions.,Noticeable scheduling UI lag; increased booking abandonment rate.,"{""rule_triggered"": ""TIME_HIGH_PCT_REGRESSION"", ""delta_pct"": 182.62, ""delta_ms"": 26.48, ""plan_diff"": ""Sub-optimal plan selection or extra temporary B-Tree sorting"", ""index_impact"": ""Index status: OPTIMAL"", ""recommendation"": ""Analyze index selectivity and query predicates before deployment.""}"
SYNTH-Q-001,Find available appointment slots,find_available_slots,REL-105,v1.4.0,2026-08-15 16:49:00,27.0,14.5,335,36,17.13,5.08,62c759822b393c31,62c759822b393c31,0,idx_appt_dept_date_status,OPTIMAL,3,CURRENT,NORMAL,NONE,table_growth,REGRESSION,HIGH,Significant latency degradation across booking transactions.,Noticeable scheduling UI lag; increased booking abandonment rate.,"{""rule_triggered"": ""TIME_HIGH_PCT_REGRESSION"", ""delta_pct"": 86.21, ""delta_ms"": 12.5, ""plan_diff"": ""Sub-optimal plan selection or extra temporary B-Tree sorting"", ""index_impact"": ""Index status: OPTIMAL"", ""recommendation"": ""Analyze index selectivity and query predicates before deployment.""}"
SYNTH-Q-001,Find available appointment slots,find_available_slots,REL-105,v1.4.0,2026-08-15 18:41:00,41.92,14.5,520,35,26.6,7.89,62c759822b393c31,62c759822b393c31,0,idx_appt_dept_date_status,OPTIMAL,14,CURRENT,NORMAL,NONE,table_growth,REGRESSION,HIGH,Significant latency degradation across booking transactions.,Noticeable scheduling UI lag; increased booking abandonment rate.,"{""rule_triggered"": ""TIME_HIGH_PCT_REGRESSION"", ""delta_pct"": 189.1, ""delta_ms"": 27.42, ""plan_diff"": ""Sub-optimal plan selection or extra temporary B-Tree sorting"", ""index_impact"": ""Index status: OPTIMAL"", ""recommendation"": ""Analyze index selectivity and query predicates before deployment.""}"
SYNTH-Q-001,Find available appointment slots,find_available_slots,REL-105,v1.4.0,2026-08-15 20:44:00,29.8,14.5,369,29,18.91,5.61,62c759822b393c31,62c759822b393c31,0,idx_appt_dept_date_status,OPTIMAL,11,CURRENT,HIGH,NONE,table_growth,REGRESSION,HIGH,Significant latency degradation across booking transactions.,Noticeable scheduling UI lag; increased booking abandonment rate.,"{""rule_triggered"": ""TIME_HIGH_PCT_REGRESSION"", ""delta_pct"": 105.52, ""delta_ms"": 15.3, ""plan_diff"": ""Sub-optimal plan selection or extra temporary B-Tree sorting"", ""index_impact"": ""Index status: OPTIMAL"", ""recommendation"": ""Analyze index selectivity and query predicates before deployment.""}"
SYNTH-Q-001,Find available appointment slots,find_available_slots,REL-105,v1.4.0,2026-08-15 22:45:00,32.06,14.5,397,27,20.34,6.04,62c759822b393c31,62c759822b393c31,0,idx_appt_dept_date_status,OPTIMAL,1,CURRENT,HIGH,NONE,table_growth,REGRESSION,HIGH,Significant latency degradation across booking transactions.,Noticeable scheduling UI lag; increased booking abandonment rate.,"{""rule_triggered"": ""TIME_HIGH_PCT_REGRESSION"", ""delta_pct"": 121.1, ""delta_ms"": 17.56, ""plan_diff"": ""Sub-optimal plan selection or extra temporary B-Tree sorting"", ""index_impact"": ""Index status: OPTIMAL"", ""recommendation"": ""Analyze index selectivity and query predicates before deployment.""}"
SYNTH-Q-001,Find available appointment slots,find_available_slots,REL-105,v1.4.0,2026-08-16 00:12:00,45.05,14.5,559,36,28.58,8.48,62c759822b393c31,62c759822b393c31,0,idx_appt_dept_date_status,OPTIMAL,6,CURRENT,LOW,NONE,table_growth,REGRESSION,HIGH,Significant latency degradation across booking transactions.,Noticeable scheduling UI lag; increased booking abandonment rate.,"{""rule_triggered"": ""TIME_HIGH_PCT_REGRESSION"", ""delta_pct"": 210.69, ""delta_ms"": 30.55, ""plan_diff"": ""Sub-optimal plan selection or extra temporary B-Tree sorting"", ""index_impact"": ""Index status: OPTIMAL"", ""recommendation"": ""Analyze index selectivity and query predicates before deployment.""}"
SYNTH-Q-001,Find available appointment slots,find_available_slots,REL-105,v1.4.0,2026-08-16 02:34:00,26.84,14.5,333,38,17.03,5.05,62c759822b393c31,62c759822b393c31,0,idx_appt_dept_date_status,OPTIMAL,5,CURRENT,HIGH,NONE,table_growth,REGRESSION,HIGH,Significant latency degradation across booking transactions.,Noticeable scheduling UI lag; increased booking abandonment rate.,"{""rule_triggered"": ""TIME_HIGH_PCT_REGRESSION"", ""delta_pct"": 85.1, ""delta_ms"": 12.34, ""plan_diff"": ""Sub-optimal plan selection or extra temporary B-Tree sorting"", ""index_impact"": ""Index status: OPTIMAL"", ""recommendation"": ""Analyze index selectivity and query predicates before deployment.""}"
SYNTH-Q-002,Check doctor availability,check_doctor_availability,REL-105,v1.4.0,2026-08-15 08:18:00,32.4,11.2,195,18,20.25,5.27,d92063c67a1d5b2c,d92063c67a1d5b2c,0,idx_appt_doctor_date,OPTIMAL,14,CURRENT,NORMAL,NONE,table_growth,REGRESSION,HIGH,Significant latency degradation across booking transactions.,Noticeable scheduling UI lag; increased booking abandonment rate.,"{""rule_triggered"": ""TIME_HIGH_PCT_REGRESSION"", ""delta_pct"": 189.29, ""delta_ms"": 21.2, ""plan_diff"": ""Sub-optimal plan selection or extra temporary B-Tree sorting"", ""index_impact"": ""Index status: OPTIMAL"", ""recommendation"": ""Analyze index selectivity and query predicates before deployment.""}"
SYNTH-Q-002,Check doctor availability,check_doctor_availability,REL-105,v1.4.0,2026-08-15 10:21:00,32.69,11.2,197,15,20.43,5.31,d92063c67a1d5b2c,d92063c67a1d5b2c,0,idx_appt_doctor_date,OPTIMAL,2,CURRENT,NORMAL,NONE,table_growth,REGRESSION,HIGH,Significant latency degradation across booking transactions.,Noticeable scheduling UI lag; increased booking abandonment rate.,"{""rule_triggered"": ""TIME_HIGH_PCT_REGRESSION"", ""delta_pct"": 191.88, ""delta_ms"": 21.49, ""plan_diff"": ""Sub-optimal plan selection or extra temporary B-Tree sorting"", ""index_impact"": ""Index status: OPTIMAL"", ""recommendation"": ""Analyze index selectivity and query predicates before deployment.""}"
SYNTH-Q-002,Check doctor availability,check_doctor_availability,REL-105,v1.4.0,2026-08-15 12:25:00,25.48,11.2,153,13,15.92,4.14,d92063c67a1d5b2c,d92063c67a1d5b2c,0,idx_appt_doctor_date,OPTIMAL,7,CURRENT,HIGH,NONE,table_growth,REGRESSION,HIGH,Significant latency degradation across booking transactions.,Noticeable scheduling UI lag; increased booking abandonment rate.,"{""rule_triggered"": ""TIME_HIGH_PCT_REGRESSION"", ""delta_pct"": 127.5, ""delta_ms"": 14.28, ""plan_diff"": ""Sub-optimal plan selection or extra temporary B-Tree sorting"", ""index_impact"": ""Index status: OPTIMAL"", ""recommendation"": ""Analyze index selectivity and query predicates before deployment.""}"
SYNTH-Q-002,Check doctor availability,check_doctor_availability,REL-105,v1.4.0,2026-08-15 14:44:00,34.65,11.2,208,16,21.66,5.63,d92063c67a1d5b2c,d92063c67a1d5b2c,0,idx_appt_doctor_date,OPTIMAL,6,CURRENT,HIGH,NONE,table_growth,REGRESSION,HIGH,Significant latency degradation across booking transactions.,Noticeable scheduling UI lag; increased booking abandonment rate.,"{""rule_triggered"": ""TIME_HIGH_PCT_REGRESSION"", ""delta_pct"": 209.38, ""delta_ms"": 23.45, ""plan_diff"": ""Sub-optimal plan selection or extra temporary B-Tree sorting"", ""index_impact"": ""Index status: OPTIMAL"", ""recommendation"": ""Analyze index selectivity and query predicates before deployment.""}"
SYNTH-Q-002,Check doctor availability,check_doctor_availability,REL-105,v1.4.0,2026-08-15 16:05:00,26.91,11.2,162,19,16.82,4.37,d92063c67a1d5b2c,d92063c67a1d5b2c,0,idx_appt_doctor_date,OPTIMAL,2,CURRENT,HIGH,NONE,table_growth,REGRESSION,HIGH,Significant latency degradation across booking transactions.,Noticeable scheduling UI lag; increased booking abandonment rate.,"{""rule_triggered"": ""TIME_HIGH_PCT_REGRESSION"", ""delta_pct"": 140.27, ""delta_ms"": 15.71, ""plan_diff"": ""Sub-optimal plan selection or extra temporary B-Tree sorting"", ""index_impact"": ""Index status: OPTIMAL"", ""recommendation"": ""Analyze index selectivity and query predicates before deployment.""}"
SYNTH-Q-002,Check doctor availability,check_doctor_availability,REL-105,v1.4.0,2026-08-15 18:11:00,21.77,11.2,131,14,13.61,3.54,d92063c67a1d5b2c,d92063c67a1d5b2c,0,idx_appt_doctor_date,OPTIMAL,6,CURRENT,NORMAL,NONE,table_growth,REGRESSION,HIGH,Significant latency degradation across booking transactions.,Noticeable scheduling UI lag; increased booking abandonment rate.,"{""rule_triggered"": ""TIME_HIGH_PCT_REGRESSION"", ""delta_pct"": 94.38, ""delta_ms"": 10.57, ""plan_diff"": ""Sub-optimal plan selection or extra temporary B-Tree sorting"", ""index_impact"": ""Index status: OPTIMAL"", ""recommendation"": ""Analyze index selectivity and query predicates before deployment.""}"
SYNTH-Q-002,Check doctor availability,check_doctor_availability,REL-105,v1.4.0,2026-08-15 20:18:00,29.61,11.2,178,15,18.51,4.81,d92063c67a1d5b2c,d92063c67a1d5b2c,0,idx_appt_doctor_date,OPTIMAL,8,CURRENT,NORMAL,NONE,table_growth,REGRESSION,HIGH,Significant latency degradation across booking transactions.,Noticeable scheduling UI lag; increased booking abandonment rate.,"{""rule_triggered"": ""TIME_HIGH_PCT_REGRESSION"", ""delta_pct"": 164.38, ""delta_ms"": 18.41, ""plan_diff"": ""Sub-optimal plan selection or extra temporary B-Tree sorting"", ""index_impact"": ""Index status: OPTIMAL"", ""recommendation"": ""Analyze index selectivity and query predicates before deployment.""}"
SYNTH-Q-002,Check doctor availability,check_doctor_availability,REL-105,v1.4.0,2026-08-15 22:44:00,27.17,11.2,163,17,16.98,4.42,d92063c67a1d5b2c,d92063c67a1d5b2c,0,idx_appt_doctor_date,OPTIMAL,6,CURRENT,HIGH,NONE,table_growth,REGRESSION,HIGH,Significant latency degradation across booking transactions.,Noticeable scheduling UI lag; increased booking abandonment rate.,"{""rule_triggered"": ""TIME_HIGH_PCT_REGRESSION"", ""delta_pct"": 142.59, ""delta_ms"": 15.97, ""plan_diff"": ""Sub-optimal plan selection or extra temporary B-Tree sorting"", ""index_impact"": ""Index status: OPTIMAL"", ""recommendation"": ""Analyze index selectivity and query predicates before deployment.""}"
SYNTH-Q-002,Check doctor availability,check_doctor_availability,REL-105,v1.4.0,2026-08-16 00:22:00,30.19,11.2,181,18,18.87,4.91,d92063c67a1d5b2c,d92063c67a1d5b2c,0,idx_appt_doctor_date,OPTIMAL,5,CURRENT,HIGH,NONE,table_growth,REGRESSION,HIGH,Significant latency degradation across booking transactions.,Noticeable scheduling UI lag; increased booking abandonment rate.,"{""rule_triggered"": ""TIME_HIGH_PCT_REGRESSION"", ""delta_pct"": 169.55, ""delta_ms"": 18.99, ""plan_diff"": ""Sub-optimal plan selection or extra temporary B-Tree sorting"", ""index_impact"": ""Index status: OPTIMAL"", ""recommendation"": ""Analyze index selectivity and query predicates before deployment.""}"
SYNTH-Q-002,Check doctor availability,check_doctor_availability,REL-105,v1.4.0,2026-08-16 02:03:00,30.16,11.2,181,14,18.85,4.9,d92063c67a1d5b2c,d92063c67a1d5b2c,0,idx_appt_doctor_date,OPTIMAL,11,CURRENT,LOW,NONE,table_growth,REGRESSION,HIGH,Significant latency degradation across booking transactions.,Noticeable scheduling UI lag; increased booking abandonment rate.,"{""rule_triggered"": ""TIME_HIGH_PCT_REGRESSION"", ""delta_pct"": 169.29, ""delta_ms"": 18.96, ""plan_diff"": ""Sub-optimal plan selection or extra temporary B-Tree sorting"", ""index_impact"": ""Index status: OPTIMAL"", ""recommendation"": ""Analyze index selectivity and query predicates before deployment.""}"
SYNTH-Q-003,Create appointment,create_appointment,REL-105,v1.4.0,2026-08-15 08:47:00,44.0,22.0,44,2,29.0,10.92,6334b72f6d2d33d6,6334b72f6d2d33d6,0,idx_appt_doctor_date_time,OPTIMAL,1,CURRENT,NORMAL,NONE,table_growth,REGRESSION,HIGH,Significant latency degradation across booking transactions.,Noticeable scheduling UI lag; increased booking abandonment rate.,"{""rule_triggered"": ""TIME_HIGH_PCT_REGRESSION"", ""delta_pct"": 100.0, ""delta_ms"": 22.0, ""plan_diff"": ""Sub-optimal plan selection or extra temporary B-Tree sorting"", ""index_impact"": ""Index status: OPTIMAL"", ""recommendation"": ""Analyze index selectivity and query predicates before deployment.""}"
SYNTH-Q-003,Create appointment,create_appointment,REL-105,v1.4.0,2026-08-15 10:50:00,43.49,22.0,44,1,28.66,10.79,6334b72f6d2d33d6,6334b72f6d2d33d6,0,idx_appt_doctor_date_time,OPTIMAL,1,CURRENT,HIGH,NONE,table_growth,REGRESSION,HIGH,Significant latency degradation across booking transactions.,Noticeable scheduling UI lag; increased booking abandonment rate.,"{""rule_triggered"": ""TIME_HIGH_PCT_REGRESSION"", ""delta_pct"": 97.68, ""delta_ms"": 21.49, ""plan_diff"": ""Sub-optimal plan selection or extra temporary B-Tree sorting"", ""index_impact"": ""Index status: OPTIMAL"", ""recommendation"": ""Analyze index selectivity and query predicates before deployment.""}"
SYNTH-Q-003,Create appointment,create_appointment,REL-105,v1.4.0,2026-08-15 12:41:00,51.39,22.0,52,2,33.87,12.75,6334b72f6d2d33d6,6334b72f6d2d33d6,0,idx_appt_doctor_date_time,OPTIMAL,6,CURRENT,NORMAL,NONE,table_growth,REGRESSION,HIGH,Significant latency degradation across booking transactions.,Noticeable scheduling UI lag; increased booking abandonment rate.,"{""rule_triggered"": ""TIME_HIGH_PCT_REGRESSION"", ""delta_pct"": 133.59, ""delta_ms"": 29.39, ""plan_diff"": ""Sub-optimal plan selection or extra temporary B-Tree sorting"", ""index_impact"": ""Index status: OPTIMAL"", ""recommendation"": ""Analyze index selectivity and query predicates before deployment.""}"
SYNTH-Q-003,Create appointment,create_appointment,REL-105,v1.4.0,2026-08-15 14:38:00,53.46,22.0,54,1,35.23,13.27,6334b72f6d2d33d6,6334b72f6d2d33d6,0,idx_appt_doctor_date_time,OPTIMAL,11,CURRENT,NORMAL,NONE,table_growth,REGRESSION,HIGH,Significant latency degradation across booking transactions.,Noticeable scheduling UI lag; increased booking abandonment rate.,"{""rule_triggered"": ""TIME_HIGH_PCT_REGRESSION"", ""delta_pct"": 143.0, ""delta_ms"": 31.46, ""plan_diff"": ""Sub-optimal plan selection or extra temporary B-Tree sorting"", ""index_impact"": ""Index status: OPTIMAL"", ""recommendation"": ""Analyze index selectivity and query predicates before deployment.""}"
SYNTH-Q-003,Create appointment,create_appointment,REL-105,v1.4.0,2026-08-15 16:28:00,43.84,22.0,44,1,28.9,10.88,6334b72f6d2d33d6,6334b72f6d2d33d6,0,idx_appt_doctor_date_time,OPTIMAL,10,CURRENT,LOW,NONE,table_growth,REGRESSION,HIGH,Significant latency degradation across booking transactions.,Noticeable scheduling UI lag; increased booking abandonment rate.,"{""rule_triggered"": ""TIME_HIGH_PCT_REGRESSION"", ""delta_pct"": 99.27, ""delta_ms"": 21.84, ""plan_diff"": ""Sub-optimal plan selection or extra temporary B-Tree sorting"", ""index_impact"": ""Index status: OPTIMAL"", ""recommendation"": ""Analyze index selectivity and query predicates before deployment.""}"
SYNTH-Q-003,Create appointment,create_appointment,REL-105,v1.4.0,2026-08-15 18:20:00,69.18,22.0,70,1,45.6,17.17,6334b72f6d2d33d6,6334b72f6d2d33d6,0,idx_appt_doctor_date_time,OPTIMAL,4,CURRENT,NORMAL,NONE,table_growth,REGRESSION,HIGH,Significant latency degradation across booking transactions.,Noticeable scheduling UI lag; increased booking abandonment rate.,"{""rule_triggered"": ""TIME_HIGH_PCT_REGRESSION"", ""delta_pct"": 214.45, ""delta_ms"": 47.18, ""plan_diff"": ""Sub-optimal plan selection or extra temporary B-Tree sorting"", ""index_impact"": ""Index status: OPTIMAL"", ""recommendation"": ""Analyze index selectivity and query predicates before deployment.""}"
SYNTH-Q-003,Create appointment,create_appointment,REL-105,v1.4.0,2026-08-15 20:11:00,51.52,22.0,52,2,33.96,12.79,6334b72f6d2d33d6,6334b72f6d2d33d6,0,idx_appt_doctor_date_time,OPTIMAL,9,CURRENT,HIGH,NONE,table_growth,REGRESSION,HIGH,Significant latency degradation across booking transactions.,Noticeable scheduling UI lag; increased booking abandonment rate.,"{""rule_triggered"": ""TIME_HIGH_PCT_REGRESSION"", ""delta_pct"": 134.18, ""delta_ms"": 29.52, ""plan_diff"": ""Sub-optimal plan selection or extra temporary B-Tree sorting"", ""index_impact"": ""Index status: OPTIMAL"", ""recommendation"": ""Analyze index selectivity and query predicates before deployment.""}"
SYNTH-Q-003,Create appointment,create_appointment,REL-105,v1.4.0,2026-08-15 22:16:00,53.35,22.0,54,2,35.16,13.24,6334b72f6d2d33d6,6334b72f6d2d33d6,0,idx_appt_doctor_date_time,OPTIMAL,12,CURRENT,NORMAL,NONE,table_growth,REGRESSION,HIGH,Significant latency degradation across booking transactions.,Noticeable scheduling UI lag; increased booking abandonment rate.,"{""rule_triggered"": ""TIME_HIGH_PCT_REGRESSION"", ""delta_pct"": 142.5, ""delta_ms"": 31.35, ""plan_diff"": ""Sub-optimal plan selection or extra temporary B-Tree sorting"", ""index_impact"": ""Index status: OPTIMAL"", ""recommendation"": ""Analyze index selectivity and query predicates before deployment.""}"
SYNTH-Q-003,Create appointment,create_appointment,REL-105,v1.4.0,2026-08-16 00:18:00,43.38,22.0,44,2,28.59,10.77,6334b72f6d2d33d6,6334b72f6d2d33d6,0,idx_appt_doctor_date_time,OPTIMAL,4,CURRENT,HIGH,NONE,table_growth,REGRESSION,HIGH,Significant latency degradation across booking transactions.,Noticeable scheduling UI lag; increased booking abandonment rate.,"{""rule_triggered"": ""TIME_HIGH_PCT_REGRESSION"", ""delta_pct"": 97.18, ""delta_ms"": 21.38, ""plan_diff"": ""Sub-optimal plan selection or extra temporary B-Tree sorting"", ""index_impact"": ""Index status: OPTIMAL"", ""recommendation"": ""Analyze index selectivity and query predicates before deployment.""}"
SYNTH-Q-003,Create appointment,create_appointment,REL-105,v1.4.0,2026-08-16 02:28:00,53.31,22.0,54,1,35.14,13.23,6334b72f6d2d33d6,6334b72f6d2d33d6,0,idx_appt_doctor_date_time,OPTIMAL,12,CURRENT,NORMAL,NONE,table_growth,REGRESSION,HIGH,Significant latency degradation across booking transactions.,Noticeable scheduling UI lag; increased booking abandonment rate.,"{""rule_triggered"": ""TIME_HIGH_PCT_REGRESSION"", ""delta_pct"": 142.32, ""delta_ms"": 31.31, ""plan_diff"": ""Sub-optimal plan selection or extra temporary B-Tree sorting"", ""index_impact"": ""Index status: OPTIMAL"", ""recommendation"": ""Analyze index selectivity and query predicates before deployment.""}"
SYNTH-Q-004,Verify whether an appointment slot is already booked,verify_slot_booked,REL-105,v1.4.0,2026-08-15 08:43:00,31.55,13.8,85,1,19.43,5.35,b1ad58e1033f203f,b1ad58e1033f203f,0,idx_appt_doctor_date_time_status,OPTIMAL,11,CURRENT,NORMAL,NONE,table_growth,REGRESSION,HIGH,Significant latency degradation across booking transactions.,Noticeable scheduling UI lag; increased booking abandonment rate.,"{""rule_triggered"": ""TIME_HIGH_PCT_REGRESSION"", ""delta_pct"": 128.62, ""delta_ms"": 17.75, ""plan_diff"": ""Sub-optimal plan selection or extra temporary B-Tree sorting"", ""index_impact"": ""Index status: OPTIMAL"", ""recommendation"": ""Analyze index selectivity and query predicates before deployment.""}"
SYNTH-Q-004,Verify whether an appointment slot is already booked,verify_slot_booked,REL-105,v1.4.0,2026-08-15 10:34:00,41.29,13.8,112,2,25.43,7.0,b1ad58e1033f203f,b1ad58e1033f203f,0,idx_appt_doctor_date_time_status,OPTIMAL,5,CURRENT,NORMAL,NONE,table_growth,REGRESSION,HIGH,Significant latency degradation across booking transactions.,Noticeable scheduling UI lag; increased booking abandonment rate.,"{""rule_triggered"": ""TIME_HIGH_PCT_REGRESSION"", ""delta_pct"": 199.2, ""delta_ms"": 27.49, ""plan_diff"": ""Sub-optimal plan selection or extra temporary B-Tree sorting"", ""index_impact"": ""Index status: OPTIMAL"", ""recommendation"": ""Analyze index selectivity and query predicates before deployment.""}"
SYNTH-Q-004,Verify whether an appointment slot is already booked,verify_slot_booked,REL-105,v1.4.0,2026-08-15 12:44:00,31.82,13.8,86,1,19.6,5.4,b1ad58e1033f203f,b1ad58e1033f203f,0,idx_appt_doctor_date_time_status,OPTIMAL,13,CURRENT,NORMAL,NONE,table_growth,REGRESSION,HIGH,Significant latency degradation across booking transactions.,Noticeable scheduling UI lag; increased booking abandonment rate.,"{""rule_triggered"": ""TIME_HIGH_PCT_REGRESSION"", ""delta_pct"": 130.58, ""delta_ms"": 18.02, ""plan_diff"": ""Sub-optimal plan selection or extra temporary B-Tree sorting"", ""index_impact"": ""Index status: OPTIMAL"", ""recommendation"": ""Analyze index selectivity and query predicates before deployment.""}"
SYNTH-Q-004,Verify whether an appointment slot is already booked,verify_slot_booked,REL-105,v1.4.0,2026-08-15 14:12:00,40.11,13.8,108,1,24.71,6.8,b1ad58e1033f203f,b1ad58e1033f203f,0,idx_appt_doctor_date_time_status,OPTIMAL,4,CURRENT,NORMAL,NONE,table_growth,REGRESSION,HIGH,Significant latency degradation across booking transactions.,Noticeable scheduling UI lag; increased booking abandonment rate.,"{""rule_triggered"": ""TIME_HIGH_PCT_REGRESSION"", ""delta_pct"": 190.65, ""delta_ms"": 26.31, ""plan_diff"": ""Sub-optimal plan selection or extra temporary B-Tree sorting"", ""index_impact"": ""Index status: OPTIMAL"", ""recommendation"": ""Analyze index selectivity and query predicates before deployment.""}"
SYNTH-Q-004,Verify whether an appointment slot is already booked,verify_slot_booked,REL-105,v1.4.0,2026-08-15 16:35:00,40.37,13.8,109,2,24.86,6.84,b1ad58e1033f203f,b1ad58e1033f203f,0,idx_appt_doctor_date_time_status,OPTIMAL,8,CURRENT,NORMAL,NONE,table_growth,REGRESSION,HIGH,Significant latency degradation across booking transactions.,Noticeable scheduling UI lag; increased booking abandonment rate.,"{""rule_triggered"": ""TIME_HIGH_PCT_REGRESSION"", ""delta_pct"": 192.54, ""delta_ms"": 26.57, ""plan_diff"": ""Sub-optimal plan selection or extra temporary B-Tree sorting"", ""index_impact"": ""Index status: OPTIMAL"", ""recommendation"": ""Analyze index selectivity and query predicates before deployment.""}"
SYNTH-Q-004,Verify whether an appointment slot is already booked,verify_slot_booked,REL-105,v1.4.0,2026-08-15 18:39:00,30.82,13.8,83,2,18.98,5.23,b1ad58e1033f203f,b1ad58e1033f203f,0,idx_appt_doctor_date_time_status,OPTIMAL,2,CURRENT,LOW,NONE,table_growth,REGRESSION,HIGH,Significant latency degradation across booking transactions.,Noticeable scheduling UI lag; increased booking abandonment rate.,"{""rule_triggered"": ""TIME_HIGH_PCT_REGRESSION"", ""delta_pct"": 123.33, ""delta_ms"": 17.02, ""plan_diff"": ""Sub-optimal plan selection or extra temporary B-Tree sorting"", ""index_impact"": ""Index status: OPTIMAL"", ""recommendation"": ""Analyze index selectivity and query predicates before deployment.""}"
SYNTH-Q-004,Verify whether an appointment slot is already booked,verify_slot_booked,REL-105,v1.4.0,2026-08-15 20:46:00,32.78,13.8,89,1,20.19,5.56,b1ad58e1033f203f,b1ad58e1033f203f,0,idx_appt_doctor_date_time_status,OPTIMAL,9,CURRENT,HIGH,NONE,table_growth,REGRESSION,HIGH,Significant latency degradation across booking transactions.,Noticeable scheduling UI lag; increased booking abandonment rate.,"{""rule_triggered"": ""TIME_HIGH_PCT_REGRESSION"", ""delta_pct"": 137.54, ""delta_ms"": 18.98, ""plan_diff"": ""Sub-optimal plan selection or extra temporary B-Tree sorting"", ""index_impact"": ""Index status: OPTIMAL"", ""recommendation"": ""Analyze index selectivity and query predicates before deployment.""}"
SYNTH-Q-004,Verify whether an appointment slot is already booked,verify_slot_booked,REL-105,v1.4.0,2026-08-15 22:36:00,43.63,13.8,118,2,26.87,7.4,b1ad58e1033f203f,b1ad58e1033f203f,0,idx_appt_doctor_date_time_status,OPTIMAL,3,CURRENT,LOW,NONE,table_growth,REGRESSION,HIGH,Significant latency degradation across booking transactions.,Noticeable scheduling UI lag; increased booking abandonment rate.,"{""rule_triggered"": ""TIME_HIGH_PCT_REGRESSION"", ""delta_pct"": 216.16, ""delta_ms"": 29.83, ""plan_diff"": ""Sub-optimal plan selection or extra temporary B-Tree sorting"", ""index_impact"": ""Index status: OPTIMAL"", ""recommendation"": ""Analyze index selectivity and query predicates before deployment.""}"
SYNTH-Q-004,Verify whether an appointment slot is already booked,verify_slot_booked,REL-105,v1.4.0,2026-08-16 00:28:00,34.84,13.8,94,1,21.46,5.91,b1ad58e1033f203f,b1ad58e1033f203f,0,idx_appt_doctor_date_time_status,OPTIMAL,11,CURRENT,HIGH,NONE,table_growth,REGRESSION,HIGH,Significant latency degradation across booking transactions.,Noticeable scheduling UI lag; increased booking abandonment rate.,"{""rule_triggered"": ""TIME_HIGH_PCT_REGRESSION"", ""delta_pct"": 152.46, ""delta_ms"": 21.04, ""plan_diff"": ""Sub-optimal plan selection or extra temporary B-Tree sorting"", ""index_impact"": ""Index status: OPTIMAL"", ""recommendation"": ""Analyze index selectivity and query predicates before deployment.""}"
SYNTH-Q-004,Verify whether an appointment slot is already booked,verify_slot_booked,REL-105,v1.4.0,2026-08-16 02:49:00,43.51,13.8,118,1,26.8,7.38,b1ad58e1033f203f,b1ad58e1033f203f,0,idx_appt_doctor_date_time_status,OPTIMAL,13,CURRENT,NORMAL,NONE,table_growth,REGRESSION,HIGH,Significant latency degradation across booking transactions.,Noticeable scheduling UI lag; increased booking abandonment rate.,"{""rule_triggered"": ""TIME_HIGH_PCT_REGRESSION"", ""delta_pct"": 215.29, ""delta_ms"": 29.71, ""plan_diff"": ""Sub-optimal plan selection or extra temporary B-Tree sorting"", ""index_impact"": ""Index status: OPTIMAL"", ""recommendation"": ""Analyze index selectivity and query predicates before deployment.""}"
SYNTH-Q-005,Search appointments,search_appointments,REL-105,v1.4.0,2026-08-15 08:03:00,57.41,28.5,1057,39,38.27,15.19,e76181d244fee67c,e76181d244fee67c,0,idx_appt_patient_date,OPTIMAL,9,CURRENT,LOW,NONE,table_growth,REGRESSION,HIGH,Significant latency degradation across booking transactions.,Noticeable scheduling UI lag; increased booking abandonment rate.,"{""rule_triggered"": ""TIME_HIGH_PCT_REGRESSION"", ""delta_pct"": 101.44, ""delta_ms"": 28.91, ""plan_diff"": ""Sub-optimal plan selection or extra temporary B-Tree sorting"", ""index_impact"": ""Index status: OPTIMAL"", ""recommendation"": ""Analyze index selectivity and query predicates before deployment.""}"
SYNTH-Q-005,Search appointments,search_appointments,REL-105,v1.4.0,2026-08-15 10:20:00,89.1,28.5,1641,48,59.4,23.57,e76181d244fee67c,e76181d244fee67c,0,idx_appt_patient_date,OPTIMAL,6,CURRENT,NORMAL,NONE,table_growth,REGRESSION,HIGH,Significant latency degradation across booking transactions.,Noticeable scheduling UI lag; increased booking abandonment rate.,"{""rule_triggered"": ""TIME_HIGH_PCT_REGRESSION"", ""delta_pct"": 212.63, ""delta_ms"": 60.6, ""plan_diff"": ""Sub-optimal plan selection or extra temporary B-Tree sorting"", ""index_impact"": ""Index status: OPTIMAL"", ""recommendation"": ""Analyze index selectivity and query predicates before deployment.""}"
SYNTH-Q-005,Search appointments,search_appointments,REL-105,v1.4.0,2026-08-15 12:18:00,59.13,28.5,1089,58,39.42,15.64,e76181d244fee67c,e76181d244fee67c,0,idx_appt_patient_date,OPTIMAL,5,CURRENT,LOW,NONE,table_growth,REGRESSION,HIGH,Significant latency degradation across booking transactions.,Noticeable scheduling UI lag; increased booking abandonment rate.,"{""rule_triggered"": ""TIME_HIGH_PCT_REGRESSION"", ""delta_pct"": 107.47, ""delta_ms"": 30.63, ""plan_diff"": ""Sub-optimal plan selection or extra temporary B-Tree sorting"", ""index_impact"": ""Index status: OPTIMAL"", ""recommendation"": ""Analyze index selectivity and query predicates before deployment.""}"
SYNTH-Q-005,Search appointments,search_appointments,REL-105,v1.4.0,2026-08-15 14:17:00,63.38,28.5,1167,48,42.26,16.77,e76181d244fee67c,e76181d244fee67c,0,idx_appt_patient_date,OPTIMAL,11,CURRENT,NORMAL,NONE,table_growth,REGRESSION,HIGH,Significant latency degradation across booking transactions.,Noticeable scheduling UI lag; increased booking abandonment rate.,"{""rule_triggered"": ""TIME_HIGH_PCT_REGRESSION"", ""delta_pct"": 122.39, ""delta_ms"": 34.88, ""plan_diff"": ""Sub-optimal plan selection or extra temporary B-Tree sorting"", ""index_impact"": ""Index status: OPTIMAL"", ""recommendation"": ""Analyze index selectivity and query predicates before deployment.""}"
SYNTH-Q-005,Search appointments,search_appointments,REL-105,v1.4.0,2026-08-15 16:32:00,88.87,28.5,1637,39,59.25,23.51,e76181d244fee67c,e76181d244fee67c,0,idx_appt_patient_date,OPTIMAL,10,CURRENT,NORMAL,NONE,table_growth,REGRESSION,HIGH,Significant latency degradation across booking transactions.,Noticeable scheduling UI lag; increased booking abandonment rate.,"{""rule_triggered"": ""TIME_HIGH_PCT_REGRESSION"", ""delta_pct"": 211.82, ""delta_ms"": 60.37, ""plan_diff"": ""Sub-optimal plan selection or extra temporary B-Tree sorting"", ""index_impact"": ""Index status: OPTIMAL"", ""recommendation"": ""Analyze index selectivity and query predicates before deployment.""}"
SYNTH-Q-005,Search appointments,search_appointments,REL-105,v1.4.0,2026-08-15 18:42:00,88.16,28.5,1624,36,58.78,23.33,e76181d244fee67c,e76181d244fee67c,0,idx_appt_patient_date,OPTIMAL,14,CURRENT,NORMAL,NONE,table_growth,REGRESSION,HIGH,Significant latency degradation across booking transactions.,Noticeable scheduling UI lag; increased booking abandonment rate.,"{""rule_triggered"": ""TIME_HIGH_PCT_REGRESSION"", ""delta_pct"": 209.33, ""delta_ms"": 59.66, ""plan_diff"": ""Sub-optimal plan selection or extra temporary B-Tree sorting"", ""index_impact"": ""Index status: OPTIMAL"", ""recommendation"": ""Analyze index selectivity and query predicates before deployment.""}"
SYNTH-Q-005,Search appointments,search_appointments,REL-105,v1.4.0,2026-08-15 20:01:00,89.15,28.5,1642,54,59.43,23.58,e76181d244fee67c,e76181d244fee67c,0,idx_appt_patient_date,OPTIMAL,1,CURRENT,LOW,NONE,table_growth,REGRESSION,HIGH,Significant latency degradation across booking transactions.,Noticeable scheduling UI lag; increased booking abandonment rate.,"{""rule_triggered"": ""TIME_HIGH_PCT_REGRESSION"", ""delta_pct"": 212.81, ""delta_ms"": 60.65, ""plan_diff"": ""Sub-optimal plan selection or extra temporary B-Tree sorting"", ""index_impact"": ""Index status: OPTIMAL"", ""recommendation"": ""Analyze index selectivity and query predicates before deployment.""}"
SYNTH-Q-005,Search appointments,search_appointments,REL-105,v1.4.0,2026-08-15 22:16:00,74.13,28.5,1365,50,49.42,19.61,e76181d244fee67c,e76181d244fee67c,0,idx_appt_patient_date,OPTIMAL,13,CURRENT,NORMAL,NONE,table_growth,REGRESSION,HIGH,Significant latency degradation across booking transactions.,Noticeable scheduling UI lag; increased booking abandonment rate.,"{""rule_triggered"": ""TIME_HIGH_PCT_REGRESSION"", ""delta_pct"": 160.11, ""delta_ms"": 45.63, ""plan_diff"": ""Sub-optimal plan selection or extra temporary B-Tree sorting"", ""index_impact"": ""Index status: OPTIMAL"", ""recommendation"": ""Analyze index selectivity and query predicates before deployment.""}"
SYNTH-Q-005,Search appointments,search_appointments,REL-105,v1.4.0,2026-08-16 00:01:00,73.07,28.5,1345,51,48.71,19.33,e76181d244fee67c,e76181d244fee67c,0,idx_appt_patient_date,OPTIMAL,11,CURRENT,HIGH,NONE,table_growth,REGRESSION,HIGH,Significant latency degradation across booking transactions.,Noticeable scheduling UI lag; increased booking abandonment rate.,"{""rule_triggered"": ""TIME_HIGH_PCT_REGRESSION"", ""delta_pct"": 156.39, ""delta_ms"": 44.57, ""plan_diff"": ""Sub-optimal plan selection or extra temporary B-Tree sorting"", ""index_impact"": ""Index status: OPTIMAL"", ""recommendation"": ""Analyze index selectivity and query predicates before deployment.""}"
SYNTH-Q-005,Search appointments,search_appointments,REL-105,v1.4.0,2026-08-16 02:19:00,83.41,28.5,1536,52,55.6,22.07,e76181d244fee67c,e76181d244fee67c,0,idx_appt_patient_date,OPTIMAL,4,CURRENT,HIGH,NONE,table_growth,REGRESSION,HIGH,Significant latency degradation across booking transactions.,Noticeable scheduling UI lag; increased booking abandonment rate.,"{""rule_triggered"": ""TIME_HIGH_PCT_REGRESSION"", ""delta_pct"": 192.67, ""delta_ms"": 54.91, ""plan_diff"": ""Sub-optimal plan selection or extra temporary B-Tree sorting"", ""index_impact"": ""Index status: OPTIMAL"", ""recommendation"": ""Analyze index selectivity and query predicates before deployment.""}"
SYNTH-Q-006,Update appointment status,update_appointment_status,REL-105,v1.4.0,2026-08-15 08:19:00,45.33,16.4,4,1,28.19,11.14,d54f2bccb838a972,d54f2bccb838a972,0,idx_appt_pk,OPTIMAL,2,CURRENT,HIGH,NONE,table_growth,REGRESSION,HIGH,Significant latency degradation across booking transactions.,Noticeable scheduling UI lag; increased booking abandonment rate.,"{""rule_triggered"": ""TIME_HIGH_PCT_REGRESSION"", ""delta_pct"": 176.4, ""delta_ms"": 28.93, ""plan_diff"": ""Sub-optimal plan selection or extra temporary B-Tree sorting"", ""index_impact"": ""Index status: OPTIMAL"", ""recommendation"": ""Analyze index selectivity and query predicates before deployment.""}"
SYNTH-Q-006,Update appointment status,update_appointment_status,REL-105,v1.4.0,2026-08-15 10:26:00,34.2,16.4,3,2,21.27,8.41,d54f2bccb838a972,d54f2bccb838a972,0,idx_appt_pk,OPTIMAL,8,CURRENT,HIGH,NONE,table_growth,REGRESSION,HIGH,Significant latency degradation across booking transactions.,Noticeable scheduling UI lag; increased booking abandonment rate.,"{""rule_triggered"": ""TIME_HIGH_PCT_REGRESSION"", ""delta_pct"": 108.54, ""delta_ms"": 17.8, ""plan_diff"": ""Sub-optimal plan selection or extra temporary B-Tree sorting"", ""index_impact"": ""Index status: OPTIMAL"", ""recommendation"": ""Analyze index selectivity and query predicates before deployment.""}"
SYNTH-Q-006,Update appointment status,update_appointment_status,REL-105,v1.4.0,2026-08-15 12:20:00,52.21,16.4,4,1,32.47,12.83,d54f2bccb838a972,d54f2bccb838a972,0,idx_appt_pk,OPTIMAL,12,CURRENT,NORMAL,NONE,table_growth,REGRESSION,HIGH,Significant latency degradation across booking transactions.,Noticeable scheduling UI lag; increased booking abandonment rate.,"{""rule_triggered"": ""TIME_HIGH_PCT_REGRESSION"", ""delta_pct"": 218.35, ""delta_ms"": 35.81, ""plan_diff"": ""Sub-optimal plan selection or extra temporary B-Tree sorting"", ""index_impact"": ""Index status: OPTIMAL"", ""recommendation"": ""Analyze index selectivity and query predicates before deployment.""}"
SYNTH-Q-006,Update appointment status,update_appointment_status,REL-105,v1.4.0,2026-08-15 14:25:00,38.03,16.4,3,2,23.65,9.34,d54f2bccb838a972,d54f2bccb838a972,0,idx_appt_pk,OPTIMAL,13,CURRENT,NORMAL,NONE,table_growth,REGRESSION,HIGH,Significant latency degradation across booking transactions.,Noticeable scheduling UI lag; increased booking abandonment rate.,"{""rule_triggered"": ""TIME_HIGH_PCT_REGRESSION"", ""delta_pct"": 131.89, ""delta_ms"": 21.63, ""plan_diff"": ""Sub-optimal plan selection or extra temporary B-Tree sorting"", ""index_impact"": ""Index status: OPTIMAL"", ""recommendation"": ""Analyze index selectivity and query predicates before deployment.""}"
SYNTH-Q-006,Update appointment status,update_appointment_status,REL-105,v1.4.0,2026-08-15 16:20:00,32.33,16.4,2,1,20.11,7.95,d54f2bccb838a972,d54f2bccb838a972,0,idx_appt_pk,OPTIMAL,8,CURRENT,NORMAL,NONE,table_growth,REGRESSION,HIGH,Significant latency degradation across booking transactions.,Noticeable scheduling UI lag; increased booking abandonment rate.,"{""rule_triggered"": ""TIME_HIGH_PCT_REGRESSION"", ""delta_pct"": 97.13, ""delta_ms"": 15.93, ""plan_diff"": ""Sub-optimal plan selection or extra temporary B-Tree sorting"", ""index_impact"": ""Index status: OPTIMAL"", ""recommendation"": ""Analyze index selectivity and query predicates before deployment.""}"
SYNTH-Q-006,Update appointment status,update_appointment_status,REL-105,v1.4.0,2026-08-15 18:09:00,36.18,16.4,3,1,22.5,8.89,d54f2bccb838a972,d54f2bccb838a972,0,idx_appt_pk,OPTIMAL,1,CURRENT,LOW,NONE,table_growth,REGRESSION,HIGH,Significant latency degradation across booking transactions.,Noticeable scheduling UI lag; increased booking abandonment rate.,"{""rule_triggered"": ""TIME_HIGH_PCT_REGRESSION"", ""delta_pct"": 120.61, ""delta_ms"": 19.78, ""plan_diff"": ""Sub-optimal plan selection or extra temporary B-Tree sorting"", ""index_impact"": ""Index status: OPTIMAL"", ""recommendation"": ""Analyze index selectivity and query predicates before deployment.""}"
SYNTH-Q-006,Update appointment status,update_appointment_status,REL-105,v1.4.0,2026-08-15 20:39:00,51.62,16.4,4,2,32.11,12.69,d54f2bccb838a972,d54f2bccb838a972,0,idx_appt_pk,OPTIMAL,4,CURRENT,HIGH,NONE,table_growth,REGRESSION,HIGH,Significant latency degradation across booking transactions.,Noticeable scheduling UI lag; increased booking abandonment rate.,"{""rule_triggered"": ""TIME_HIGH_PCT_REGRESSION"", ""delta_pct"": 214.76, ""delta_ms"": 35.22, ""plan_diff"": ""Sub-optimal plan selection or extra temporary B-Tree sorting"", ""index_impact"": ""Index status: OPTIMAL"", ""recommendation"": ""Analyze index selectivity and query predicates before deployment.""}"
SYNTH-Q-006,Update appointment status,update_appointment_status,REL-105,v1.4.0,2026-08-15 22:20:00,47.04,16.4,4,1,29.26,11.56,d54f2bccb838a972,d54f2bccb838a972,0,idx_appt_pk,OPTIMAL,4,CURRENT,NORMAL,NONE,table_growth,REGRESSION,HIGH,Significant latency degradation across booking transactions.,Noticeable scheduling UI lag; increased booking abandonment rate.,"{""rule_triggered"": ""TIME_HIGH_PCT_REGRESSION"", ""delta_pct"": 186.83, ""delta_ms"": 30.64, ""plan_diff"": ""Sub-optimal plan selection or extra temporary B-Tree sorting"", ""index_impact"": ""Index status: OPTIMAL"", ""recommendation"": ""Analyze index selectivity and query predicates before deployment.""}"
SYNTH-Q-006,Update appointment status,update_appointment_status,REL-105,v1.4.0,2026-08-16 00:32:00,49.7,16.4,4,1,30.91,12.21,d54f2bccb838a972,d54f2bccb838a972,0,idx_appt_pk,OPTIMAL,8,CURRENT,HIGH,NONE,table_growth,REGRESSION,HIGH,Significant latency degradation across booking transactions.,Noticeable scheduling UI lag; increased booking abandonment rate.,"{""rule_triggered"": ""TIME_HIGH_PCT_REGRESSION"", ""delta_pct"": 203.05, ""delta_ms"": 33.3, ""plan_diff"": ""Sub-optimal plan selection or extra temporary B-Tree sorting"", ""index_impact"": ""Index status: OPTIMAL"", ""recommendation"": ""Analyze index selectivity and query predicates before deployment.""}"
SYNTH-Q-006,Update appointment status,update_appointment_status,REL-105,v1.4.0,2026-08-16 02:05:00,40.02,16.4,3,1,24.89,9.83,d54f2bccb838a972,d54f2bccb838a972,0,idx_appt_pk,OPTIMAL,9,CURRENT,HIGH,NONE,table_growth,REGRESSION,HIGH,Significant latency degradation across booking transactions.,Noticeable scheduling UI lag; increased booking abandonment rate.,"{""rule_triggered"": ""TIME_HIGH_PCT_REGRESSION"", ""delta_pct"": 144.02, ""delta_ms"": 23.62, ""plan_diff"": ""Sub-optimal plan selection or extra temporary B-Tree sorting"", ""index_impact"": ""Index status: OPTIMAL"", ""recommendation"": ""Analyze index selectivity and query predicates before deployment.""}"
SYNTH-Q-007,Cancel appointment,cancel_appointment,REL-105,v1.4.0,2026-08-15 08:37:00,28.25,15.1,2,1,17.77,7.05,d54f2bccb838a972,d54f2bccb838a972,0,idx_appt_pk,OPTIMAL,1,CURRENT,NORMAL,NONE,table_growth,REGRESSION,HIGH,Significant latency degradation across booking transactions.,Noticeable scheduling UI lag; increased booking abandonment rate.,"{""rule_triggered"": ""TIME_HIGH_PCT_REGRESSION"", ""delta_pct"": 87.09, ""delta_ms"": 13.15, ""plan_diff"": ""Sub-optimal plan selection or extra temporary B-Tree sorting"", ""index_impact"": ""Index status: OPTIMAL"", ""recommendation"": ""Analyze index selectivity and query predicates before deployment.""}"
SYNTH-Q-007,Cancel appointment,cancel_appointment,REL-105,v1.4.0,2026-08-15 10:41:00,38.53,15.1,3,2,24.24,9.62,d54f2bccb838a972,d54f2bccb838a972,0,idx_appt_pk,OPTIMAL,5,CURRENT,HIGH,NONE,table_growth,REGRESSION,HIGH,Significant latency degradation across booking transactions.,Noticeable scheduling UI lag; increased booking abandonment rate.,"{""rule_triggered"": ""TIME_HIGH_PCT_REGRESSION"", ""delta_pct"": 155.17, ""delta_ms"": 23.43, ""plan_diff"": ""Sub-optimal plan selection or extra temporary B-Tree sorting"", ""index_impact"": ""Index status: OPTIMAL"", ""recommendation"": ""Analyze index selectivity and query predicates before deployment.""}"
SYNTH-Q-007,Cancel appointment,cancel_appointment,REL-105,v1.4.0,2026-08-15 12:27:00,42.56,15.1,4,2,26.78,10.63,d54f2bccb838a972,d54f2bccb838a972,0,idx_appt_pk,OPTIMAL,5,CURRENT,NORMAL,NONE,table_growth,REGRESSION,HIGH,Significant latency degradation across booking transactions.,Noticeable scheduling UI lag; increased booking abandonment rate.,"{""rule_triggered"": ""TIME_HIGH_PCT_REGRESSION"", ""delta_pct"": 181.85, ""delta_ms"": 27.46, ""plan_diff"": ""Sub-optimal plan selection or extra temporary B-Tree sorting"", ""index_impact"": ""Index status: OPTIMAL"", ""recommendation"": ""Analyze index selectivity and query predicates before deployment.""}"
SYNTH-Q-007,Cancel appointment,cancel_appointment,REL-105,v1.4.0,2026-08-15 14:23:00,28.26,15.1,2,2,17.78,7.06,d54f2bccb838a972,d54f2bccb838a972,0,idx_appt_pk,OPTIMAL,7,CURRENT,LOW,NONE,table_growth,REGRESSION,HIGH,Significant latency degradation across booking transactions.,Noticeable scheduling UI lag; increased booking abandonment rate.,"{""rule_triggered"": ""TIME_HIGH_PCT_REGRESSION"", ""delta_pct"": 87.15, ""delta_ms"": 13.16, ""plan_diff"": ""Sub-optimal plan selection or extra temporary B-Tree sorting"", ""index_impact"": ""Index status: OPTIMAL"", ""recommendation"": ""Analyze index selectivity and query predicates before deployment.""}"
SYNTH-Q-007,Cancel appointment,cancel_appointment,REL-105,v1.4.0,2026-08-15 16:23:00,35.35,15.1,3,1,22.24,8.83,d54f2bccb838a972,d54f2bccb838a972,0,idx_appt_pk,OPTIMAL,2,CURRENT,NORMAL,NONE,table_growth,REGRESSION,HIGH,Significant latency degradation across booking transactions.,Noticeable scheduling UI lag; increased booking abandonment rate.,"{""rule_triggered"": ""TIME_HIGH_PCT_REGRESSION"", ""delta_pct"": 134.11, ""delta_ms"": 20.25, ""plan_diff"": ""Sub-optimal plan selection or extra temporary B-Tree sorting"", ""index_impact"": ""Index status: OPTIMAL"", ""recommendation"": ""Analyze index selectivity and query predicates before deployment.""}"
SYNTH-Q-007,Cancel appointment,cancel_appointment,REL-105,v1.4.0,2026-08-15 18:35:00,48.09,15.1,4,2,30.25,12.01,d54f2bccb838a972,d54f2bccb838a972,0,idx_appt_pk,OPTIMAL,14,CURRENT,NORMAL,NONE,table_growth,REGRESSION,HIGH,Significant latency degradation across booking transactions.,Noticeable scheduling UI lag; increased booking abandonment rate.,"{""rule_triggered"": ""TIME_HIGH_PCT_REGRESSION"", ""delta_pct"": 218.48, ""delta_ms"": 32.99, ""plan_diff"": ""Sub-optimal plan selection or extra temporary B-Tree sorting"", ""index_impact"": ""Index status: OPTIMAL"", ""recommendation"": ""Analyze index selectivity and query predicates before deployment.""}"
SYNTH-Q-007,Cancel appointment,cancel_appointment,REL-105,v1.4.0,2026-08-15 20:07:00,35.51,15.1,3,2,22.34,8.87,d54f2bccb838a972,d54f2bccb838a972,0,idx_appt_pk,OPTIMAL,2,CURRENT,NORMAL,NONE,table_growth,REGRESSION,HIGH,Significant latency degradation across booking transactions.,Noticeable scheduling UI lag; increased booking abandonment rate.,"{""rule_triggered"": ""TIME_HIGH_PCT_REGRESSION"", ""delta_pct"": 135.17, ""delta_ms"": 20.41, ""plan_diff"": ""Sub-optimal plan selection or extra temporary B-Tree sorting"", ""index_impact"": ""Index status: OPTIMAL"", ""recommendation"": ""Analyze index selectivity and query predicates before deployment.""}"
SYNTH-Q-007,Cancel appointment,cancel_appointment,REL-105,v1.4.0,2026-08-15 22:21:00,30.23,15.1,3,2,19.02,7.55,d54f2bccb838a972,d54f2bccb838a972,0,idx_appt_pk,OPTIMAL,13,CURRENT,NORMAL,NONE,table_growth,REGRESSION,HIGH,Significant latency degradation across booking transactions.,Noticeable scheduling UI lag; increased booking abandonment rate.,"{""rule_triggered"": ""TIME_HIGH_PCT_REGRESSION"", ""delta_pct"": 100.2, ""delta_ms"": 15.13, ""plan_diff"": ""Sub-optimal plan selection or extra temporary B-Tree sorting"", ""index_impact"": ""Index status: OPTIMAL"", ""recommendation"": ""Analyze index selectivity and query predicates before deployment.""}"
SYNTH-Q-007,Cancel appointment,cancel_appointment,REL-105,v1.4.0,2026-08-16 00:25:00,28.0,15.1,2,2,17.62,6.99,d54f2bccb838a972,d54f2bccb838a972,0,idx_appt_pk,OPTIMAL,1,CURRENT,LOW,NONE,table_growth,REGRESSION,HIGH,Significant latency degradation across booking transactions.,Noticeable scheduling UI lag; increased booking abandonment rate.,"{""rule_triggered"": ""TIME_HIGH_PCT_REGRESSION"", ""delta_pct"": 85.43, ""delta_ms"": 12.9, ""plan_diff"": ""Sub-optimal plan selection or extra temporary B-Tree sorting"", ""index_impact"": ""Index status: OPTIMAL"", ""recommendation"": ""Analyze index selectivity and query predicates before deployment.""}"
SYNTH-Q-007,Cancel appointment,cancel_appointment,REL-105,v1.4.0,2026-08-16 02:30:00,40.0,15.1,3,2,25.16,9.99,d54f2bccb838a972,d54f2bccb838a972,0,idx_appt_pk,OPTIMAL,3,CURRENT,HIGH,NONE,table_growth,REGRESSION,HIGH,Significant latency degradation across booking transactions.,Noticeable scheduling UI lag; increased booking abandonment rate.,"{""rule_triggered"": ""TIME_HIGH_PCT_REGRESSION"", ""delta_pct"": 164.9, ""delta_ms"": 24.9, ""plan_diff"": ""Sub-optimal plan selection or extra temporary B-Tree sorting"", ""index_impact"": ""Index status: OPTIMAL"", ""recommendation"": ""Analyze index selectivity and query predicates before deployment.""}"
SYNTH-Q-008,Retrieve doctor schedule,retrieve_doctor_schedule,REL-105,v1.4.0,2026-08-15 08:20:00,42.77,18.2,317,33,26.79,7.94,d92063c67a1d5b2c,d92063c67a1d5b2c,0,idx_appt_doctor_date,OPTIMAL,3,CURRENT,NORMAL,NONE,table_growth,REGRESSION,HIGH,Significant latency degradation across booking transactions.,Noticeable scheduling UI lag; increased booking abandonment rate.,"{""rule_triggered"": ""TIME_HIGH_PCT_REGRESSION"", ""delta_pct"": 135.0, ""delta_ms"": 24.57, ""plan_diff"": ""Sub-optimal plan selection or extra temporary B-Tree sorting"", ""index_impact"": ""Index status: OPTIMAL"", ""recommendation"": ""Analyze index selectivity and query predicates before deployment.""}"
SYNTH-Q-008,Retrieve doctor schedule,retrieve_doctor_schedule,REL-105,v1.4.0,2026-08-15 10:19:00,53.86,18.2,399,32,33.74,10.0,d92063c67a1d5b2c,d92063c67a1d5b2c,0,idx_appt_doctor_date,OPTIMAL,9,CURRENT,NORMAL,NONE,table_growth,REGRESSION,HIGH,Significant latency degradation across booking transactions.,Noticeable scheduling UI lag; increased booking abandonment rate.,"{""rule_triggered"": ""TIME_HIGH_PCT_REGRESSION"", ""delta_pct"": 195.93, ""delta_ms"": 35.66, ""plan_diff"": ""Sub-optimal plan selection or extra temporary B-Tree sorting"", ""index_impact"": ""Index status: OPTIMAL"", ""recommendation"": ""Analyze index selectivity and query predicates before deployment.""}"
SYNTH-Q-008,Retrieve doctor schedule,retrieve_doctor_schedule,REL-105,v1.4.0,2026-08-15 12:45:00,53.55,18.2,397,29,33.54,9.94,d92063c67a1d5b2c,d92063c67a1d5b2c,0,idx_appt_doctor_date,OPTIMAL,8,CURRENT,NORMAL,NONE,table_growth,REGRESSION,HIGH,Significant latency degradation across booking transactions.,Noticeable scheduling UI lag; increased booking abandonment rate.,"{""rule_triggered"": ""TIME_HIGH_PCT_REGRESSION"", ""delta_pct"": 194.23, ""delta_ms"": 35.35, ""plan_diff"": ""Sub-optimal plan selection or extra temporary B-Tree sorting"", ""index_impact"": ""Index status: OPTIMAL"", ""recommendation"": ""Analyze index selectivity and query predicates before deployment.""}"
SYNTH-Q-008,Retrieve doctor schedule,retrieve_doctor_schedule,REL-105,v1.4.0,2026-08-15 14:43:00,47.63,18.2,353,36,29.84,8.85,d92063c67a1d5b2c,d92063c67a1d5b2c,0,idx_appt_doctor_date,OPTIMAL,7,CURRENT,LOW,NONE,table_growth,REGRESSION,HIGH,Significant latency degradation across booking transactions.,Noticeable scheduling UI lag; increased booking abandonment rate.,"{""rule_triggered"": ""TIME_HIGH_PCT_REGRESSION"", ""delta_pct"": 161.7, ""delta_ms"": 29.43, ""plan_diff"": ""Sub-optimal plan selection or extra temporary B-Tree sorting"", ""index_impact"": ""Index status: OPTIMAL"", ""recommendation"": ""Analyze index selectivity and query predicates before deployment.""}"
SYNTH-Q-008,Retrieve doctor schedule,retrieve_doctor_schedule,REL-105,v1.4.0,2026-08-15 16:46:00,44.85,18.2,332,39,28.09,8.33,d92063c67a1d5b2c,d92063c67a1d5b2c,0,idx_appt_doctor_date,OPTIMAL,10,CURRENT,LOW,NONE,table_growth,REGRESSION,HIGH,Significant latency degradation across booking transactions.,Noticeable scheduling UI lag; increased booking abandonment rate.,"{""rule_triggered"": ""TIME_HIGH_PCT_REGRESSION"", ""delta_pct"": 146.43, ""delta_ms"": 26.65, ""plan_diff"": ""Sub-optimal plan selection or extra temporary B-Tree sorting"", ""index_impact"": ""Index status: OPTIMAL"", ""recommendation"": ""Analyze index selectivity and query predicates before deployment.""}"
SYNTH-Q-008,Retrieve doctor schedule,retrieve_doctor_schedule,REL-105,v1.4.0,2026-08-15 18:50:00,34.07,18.2,252,31,21.34,6.33,d92063c67a1d5b2c,d92063c67a1d5b2c,0,idx_appt_doctor_date,OPTIMAL,12,CURRENT,NORMAL,NONE,table_growth,REGRESSION,HIGH,Significant latency degradation across booking transactions.,Noticeable scheduling UI lag; increased booking abandonment rate.,"{""rule_triggered"": ""TIME_HIGH_PCT_REGRESSION"", ""delta_pct"": 87.2, ""delta_ms"": 15.87, ""plan_diff"": ""Sub-optimal plan selection or extra temporary B-Tree sorting"", ""index_impact"": ""Index status: OPTIMAL"", ""recommendation"": ""Analyze index selectivity and query predicates before deployment.""}"
SYNTH-Q-008,Retrieve doctor schedule,retrieve_doctor_schedule,REL-105,v1.4.0,2026-08-15 20:33:00,53.7,18.2,398,27,33.63,9.97,d92063c67a1d5b2c,d92063c67a1d5b2c,0,idx_appt_doctor_date,OPTIMAL,3,CURRENT,HIGH,NONE,table_growth,REGRESSION,HIGH,Significant latency degradation across booking transactions.,Noticeable scheduling UI lag; increased booking abandonment rate.,"{""rule_triggered"": ""TIME_HIGH_PCT_REGRESSION"", ""delta_pct"": 195.05, ""delta_ms"": 35.5, ""plan_diff"": ""Sub-optimal plan selection or extra temporary B-Tree sorting"", ""index_impact"": ""Index status: OPTIMAL"", ""recommendation"": ""Analyze index selectivity and query predicates before deployment.""}"
SYNTH-Q-008,Retrieve doctor schedule,retrieve_doctor_schedule,REL-105,v1.4.0,2026-08-15 22:36:00,33.24,18.2,246,29,20.82,6.17,d92063c67a1d5b2c,d92063c67a1d5b2c,0,idx_appt_doctor_date,OPTIMAL,4,CURRENT,LOW,NONE,table_growth,REGRESSION,HIGH,Significant latency degradation across booking transactions.,Noticeable scheduling UI lag; increased booking abandonment rate.,"{""rule_triggered"": ""TIME_HIGH_PCT_REGRESSION"", ""delta_pct"": 82.64, ""delta_ms"": 15.04, ""plan_diff"": ""Sub-optimal plan selection or extra temporary B-Tree sorting"", ""index_impact"": ""Index status: OPTIMAL"", ""recommendation"": ""Analyze index selectivity and query predicates before deployment.""}"
SYNTH-Q-008,Retrieve doctor schedule,retrieve_doctor_schedule,REL-105,v1.4.0,2026-08-16 00:09:00,37.96,18.2,281,32,23.77,7.05,d92063c67a1d5b2c,d92063c67a1d5b2c,0,idx_appt_doctor_date,OPTIMAL,12,CURRENT,HIGH,NONE,table_growth,REGRESSION,HIGH,Significant latency degradation across booking transactions.,Noticeable scheduling UI lag; increased booking abandonment rate.,"{""rule_triggered"": ""TIME_HIGH_PCT_REGRESSION"", ""delta_pct"": 108.57, ""delta_ms"": 19.76, ""plan_diff"": ""Sub-optimal plan selection or extra temporary B-Tree sorting"", ""index_impact"": ""Index status: OPTIMAL"", ""recommendation"": ""Analyze index selectivity and query predicates before deployment.""}"
SYNTH-Q-008,Retrieve doctor schedule,retrieve_doctor_schedule,REL-105,v1.4.0,2026-08-16 02:39:00,54.38,18.2,403,35,34.06,10.1,d92063c67a1d5b2c,d92063c67a1d5b2c,0,idx_appt_doctor_date,OPTIMAL,14,CURRENT,HIGH,NONE,table_growth,REGRESSION,HIGH,Significant latency degradation across booking transactions.,Noticeable scheduling UI lag; increased booking abandonment rate.,"{""rule_triggered"": ""TIME_HIGH_PCT_REGRESSION"", ""delta_pct"": 198.79, ""delta_ms"": 36.18, ""plan_diff"": ""Sub-optimal plan selection or extra temporary B-Tree sorting"", ""index_impact"": ""Index status: OPTIMAL"", ""recommendation"": ""Analyze index selectivity and query predicates before deployment.""}"
SYNTH-Q-009,Retrieve department schedule,retrieve_department_schedule,REL-105,v1.4.0,2026-08-15 08:45:00,73.16,35.0,1505,118,49.12,18.48,364020380f4bd7af,364020380f4bd7af,0,idx_appt_dept_date,OPTIMAL,9,CURRENT,NORMAL,NONE,table_growth,REGRESSION,HIGH,Significant latency degradation across booking transactions.,Noticeable scheduling UI lag; increased booking abandonment rate.,"{""rule_triggered"": ""TIME_HIGH_PCT_REGRESSION"", ""delta_pct"": 109.03, ""delta_ms"": 38.16, ""plan_diff"": ""Sub-optimal plan selection or extra temporary B-Tree sorting"", ""index_impact"": ""Index status: OPTIMAL"", ""recommendation"": ""Analyze index selectivity and query predicates before deployment.""}"
SYNTH-Q-009,Retrieve department schedule,retrieve_department_schedule,REL-105,v1.4.0,2026-08-15 10:42:00,81.46,35.0,1675,159,54.7,20.58,364020380f4bd7af,364020380f4bd7af,0,idx_appt_dept_date,OPTIMAL,9,CURRENT,HIGH,NONE,table_growth,REGRESSION,HIGH,Significant latency degradation across booking transactions.,Noticeable scheduling UI lag; increased booking abandonment rate.,"{""rule_triggered"": ""TIME_HIGH_PCT_REGRESSION"", ""delta_pct"": 132.74, ""delta_ms"": 46.46, ""plan_diff"": ""Sub-optimal plan selection or extra temporary B-Tree sorting"", ""index_impact"": ""Index status: OPTIMAL"", ""recommendation"": ""Analyze index selectivity and query predicates before deployment.""}"
SYNTH-Q-009,Retrieve department schedule,retrieve_department_schedule,REL-105,v1.4.0,2026-08-15 12:29:00,80.36,35.0,1653,147,53.96,20.3,364020380f4bd7af,364020380f4bd7af,0,idx_appt_dept_date,OPTIMAL,9,CURRENT,NORMAL,NONE,table_growth,REGRESSION,HIGH,Significant latency degradation across booking transactions.,Noticeable scheduling UI lag; increased booking abandonment rate.,"{""rule_triggered"": ""TIME_HIGH_PCT_REGRESSION"", ""delta_pct"": 129.6, ""delta_ms"": 45.36, ""plan_diff"": ""Sub-optimal plan selection or extra temporary B-Tree sorting"", ""index_impact"": ""Index status: OPTIMAL"", ""recommendation"": ""Analyze index selectivity and query predicates before deployment.""}"
SYNTH-Q-009,Retrieve department schedule,retrieve_department_schedule,REL-105,v1.4.0,2026-08-15 14:46:00,86.72,35.0,1784,159,58.23,21.9,364020380f4bd7af,364020380f4bd7af,0,idx_appt_dept_date,OPTIMAL,10,CURRENT,NORMAL,NONE,table_growth,REGRESSION,HIGH,Significant latency degradation across booking transactions.,Noticeable scheduling UI lag; increased booking abandonment rate.,"{""rule_triggered"": ""TIME_HIGH_PCT_REGRESSION"", ""delta_pct"": 147.77, ""delta_ms"": 51.72, ""plan_diff"": ""Sub-optimal plan selection or extra temporary B-Tree sorting"", ""index_impact"": ""Index status: OPTIMAL"", ""recommendation"": ""Analyze index selectivity and query predicates before deployment.""}"
SYNTH-Q-009,Retrieve department schedule,retrieve_department_schedule,REL-105,v1.4.0,2026-08-15 16:17:00,109.13,35.0,2245,161,73.27,27.56,364020380f4bd7af,364020380f4bd7af,0,idx_appt_dept_date,OPTIMAL,4,CURRENT,NORMAL,NONE,table_growth,REGRESSION,HIGH,Significant latency degradation across booking transactions.,Noticeable scheduling UI lag; increased booking abandonment rate.,"{""rule_triggered"": ""TIME_HIGH_PCT_REGRESSION"", ""delta_pct"": 211.8, ""delta_ms"": 74.13, ""plan_diff"": ""Sub-optimal plan selection or extra temporary B-Tree sorting"", ""index_impact"": ""Index status: OPTIMAL"", ""recommendation"": ""Analyze index selectivity and query predicates before deployment.""}"
SYNTH-Q-009,Retrieve department schedule,retrieve_department_schedule,REL-105,v1.4.0,2026-08-15 18:49:00,73.16,35.0,1504,143,49.12,18.48,364020380f4bd7af,364020380f4bd7af,0,idx_appt_dept_date,OPTIMAL,12,CURRENT,NORMAL,NONE,table_growth,REGRESSION,HIGH,Significant latency degradation across booking transactions.,Noticeable scheduling UI lag; increased booking abandonment rate.,"{""rule_triggered"": ""TIME_HIGH_PCT_REGRESSION"", ""delta_pct"": 109.03, ""delta_ms"": 38.16, ""plan_diff"": ""Sub-optimal plan selection or extra temporary B-Tree sorting"", ""index_impact"": ""Index status: OPTIMAL"", ""recommendation"": ""Analyze index selectivity and query predicates before deployment.""}"
SYNTH-Q-009,Retrieve department schedule,retrieve_department_schedule,REL-105,v1.4.0,2026-08-15 20:20:00,90.46,35.0,1860,158,60.74,22.85,364020380f4bd7af,364020380f4bd7af,0,idx_appt_dept_date,OPTIMAL,6,CURRENT,HIGH,NONE,table_growth,REGRESSION,HIGH,Significant latency degradation across booking transactions.,Noticeable scheduling UI lag; increased booking abandonment rate.,"{""rule_triggered"": ""TIME_HIGH_PCT_REGRESSION"", ""delta_pct"": 158.46, ""delta_ms"": 55.46, ""plan_diff"": ""Sub-optimal plan selection or extra temporary B-Tree sorting"", ""index_impact"": ""Index status: OPTIMAL"", ""recommendation"": ""Analyze index selectivity and query predicates before deployment.""}"
SYNTH-Q-009,Retrieve department schedule,retrieve_department_schedule,REL-105,v1.4.0,2026-08-15 22:46:00,68.97,35.0,1418,141,46.31,17.42,364020380f4bd7af,364020380f4bd7af,0,idx_appt_dept_date,OPTIMAL,5,CURRENT,NORMAL,NONE,table_growth,REGRESSION,HIGH,Significant latency degradation across booking transactions.,Noticeable scheduling UI lag; increased booking abandonment rate.,"{""rule_triggered"": ""TIME_HIGH_PCT_REGRESSION"", ""delta_pct"": 97.06, ""delta_ms"": 33.97, ""plan_diff"": ""Sub-optimal plan selection or extra temporary B-Tree sorting"", ""index_impact"": ""Index status: OPTIMAL"", ""recommendation"": ""Analyze index selectivity and query predicates before deployment.""}"
SYNTH-Q-009,Retrieve department schedule,retrieve_department_schedule,REL-105,v1.4.0,2026-08-16 00:24:00,79.91,35.0,1643,147,53.65,20.18,364020380f4bd7af,364020380f4bd7af,0,idx_appt_dept_date,OPTIMAL,14,CURRENT,HIGH,NONE,table_growth,REGRESSION,HIGH,Significant latency degradation across booking transactions.,Noticeable scheduling UI lag; increased booking abandonment rate.,"{""rule_triggered"": ""TIME_HIGH_PCT_REGRESSION"", ""delta_pct"": 128.31, ""delta_ms"": 44.91, ""plan_diff"": ""Sub-optimal plan selection or extra temporary B-Tree sorting"", ""index_impact"": ""Index status: OPTIMAL"", ""recommendation"": ""Analyze index selectivity and query predicates before deployment.""}"
SYNTH-Q-009,Retrieve department schedule,retrieve_department_schedule,REL-105,v1.4.0,2026-08-16 02:09:00,77.09,35.0,1585,143,51.76,19.47,364020380f4bd7af,364020380f4bd7af,0,idx_appt_dept_date,OPTIMAL,1,CURRENT,NORMAL,NONE,table_growth,REGRESSION,HIGH,Significant latency degradation across booking transactions.,Noticeable scheduling UI lag; increased booking abandonment rate.,"{""rule_triggered"": ""TIME_HIGH_PCT_REGRESSION"", ""delta_pct"": 120.26, ""delta_ms"": 42.09, ""plan_diff"": ""Sub-optimal plan selection or extra temporary B-Tree sorting"", ""index_impact"": ""Index status: OPTIMAL"", ""recommendation"": ""Analyze index selectivity and query predicates before deployment.""}"
SYNTH-Q-001,Find available appointment slots,find_available_slots,REL-106,v1.5.0,2026-08-20 08:22:00,14.41,14.5,120,18,9.14,2.09,62c759822b393c31,62c759822b393c31,0,idx_appt_dept_date_status,OPTIMAL,11,CURRENT,HIGH,COLUMN_ADDED,schema_change,NORMAL,OK,Slight concurrency queueing without plan degradation.,Imperceptible patient UI latency (<50ms shift); no booking hazard.,"{""rule_triggered"": ""FALSE_POSITIVE_GRACE_BAND"", ""delta_pct"": -0.62, ""delta_ms"": -0.09, ""plan_diff"": ""NONE - Query plan remains optimal index search"", ""index_impact"": ""OPTIMAL (no index drop)"", ""workload_effect"": ""Queue delay during HIGH workload"", ""recommendation"": ""Maintain baseline. No schema or query regression detected; transient queue latency.""}"
SYNTH-Q-001,Find available appointment slots,find_available_slots,REL-106,v1.5.0,2026-08-20 10:30:00,15.82,14.5,120,18,10.03,2.29,62c759822b393c31,62c759822b393c31,0,idx_appt_dept_date_status,OPTIMAL,4,CURRENT,NORMAL,COLUMN_ADDED,schema_change,NORMAL,OK,System performance within acceptable noise band.,Normal patient scheduling experience with zero delay.,"{""rule_triggered"": ""WITHIN_NOISE_BAND"", ""delta_pct"": 9.1, ""delta_ms"": 1.32, ""plan_diff"": ""NONE"", ""index_impact"": ""OPTIMAL"", ""recommendation"": ""Performance within normal operational variance.""}"
SYNTH-Q-001,Find available appointment slots,find_available_slots,REL-106,v1.5.0,2026-08-20 12:17:00,14.04,14.5,120,18,8.91,2.03,62c759822b393c31,62c759822b393c31,0,idx_appt_dept_date_status,OPTIMAL,3,CURRENT,NORMAL,COLUMN_ADDED,schema_change,NORMAL,OK,System performance within acceptable noise band.,Normal patient scheduling experience with zero delay.,"{""rule_triggered"": ""WITHIN_NOISE_BAND"", ""delta_pct"": -3.17, ""delta_ms"": -0.46, ""plan_diff"": ""NONE"", ""index_impact"": ""OPTIMAL"", ""recommendation"": ""Performance within normal operational variance.""}"
SYNTH-Q-001,Find available appointment slots,find_available_slots,REL-106,v1.5.0,2026-08-20 14:47:00,13.9,14.5,120,18,8.82,2.01,62c759822b393c31,62c759822b393c31,0,idx_appt_dept_date_status,OPTIMAL,4,CURRENT,NORMAL,COLUMN_ADDED,schema_change,NORMAL,OK,System performance within acceptable noise band.,Normal patient scheduling experience with zero delay.,"{""rule_triggered"": ""WITHIN_NOISE_BAND"", ""delta_pct"": -4.14, ""delta_ms"": -0.6, ""plan_diff"": ""NONE"", ""index_impact"": ""OPTIMAL"", ""recommendation"": ""Performance within normal operational variance.""}"
SYNTH-Q-001,Find available appointment slots,find_available_slots,REL-106,v1.5.0,2026-08-20 16:33:00,14.35,14.5,120,18,9.1,2.08,62c759822b393c31,62c759822b393c31,0,idx_appt_dept_date_status,OPTIMAL,11,CURRENT,NORMAL,COLUMN_ADDED,schema_change,NORMAL,OK,System performance within acceptable noise band.,Normal patient scheduling experience with zero delay.,"{""rule_triggered"": ""WITHIN_NOISE_BAND"", ""delta_pct"": -1.03, ""delta_ms"": -0.15, ""plan_diff"": ""NONE"", ""index_impact"": ""OPTIMAL"", ""recommendation"": ""Performance within normal operational variance.""}"
SYNTH-Q-001,Find available appointment slots,find_available_slots,REL-106,v1.5.0,2026-08-20 18:06:00,15.54,14.5,120,18,9.86,2.25,62c759822b393c31,62c759822b393c31,0,idx_appt_dept_date_status,OPTIMAL,6,CURRENT,HIGH,COLUMN_ADDED,schema_change,NORMAL,OK,Slight concurrency queueing without plan degradation.,Imperceptible patient UI latency (<50ms shift); no booking hazard.,"{""rule_triggered"": ""FALSE_POSITIVE_GRACE_BAND"", ""delta_pct"": 7.17, ""delta_ms"": 1.04, ""plan_diff"": ""NONE - Query plan remains optimal index search"", ""index_impact"": ""OPTIMAL (no index drop)"", ""workload_effect"": ""Queue delay during HIGH workload"", ""recommendation"": ""Maintain baseline. No schema or query regression detected; transient queue latency.""}"
SYNTH-Q-001,Find available appointment slots,find_available_slots,REL-106,v1.5.0,2026-08-20 20:06:00,16.15,14.5,120,18,10.25,2.34,62c759822b393c31,62c759822b393c31,0,idx_appt_dept_date_status,OPTIMAL,1,CURRENT,NORMAL,COLUMN_ADDED,schema_change,NORMAL,OK,Stable execution profile.,Smooth booking workflow.,"{""rule_triggered"": ""NORMAL_STABLE_OR_IMPROVED"", ""delta_pct"": 11.38, ""delta_ms"": 1.65, ""plan_diff"": ""NONE"", ""index_impact"": ""OPTIMAL"", ""recommendation"": ""Release is safe for deployment.""}"
SYNTH-Q-001,Find available appointment slots,find_available_slots,REL-106,v1.5.0,2026-08-20 22:10:00,16.08,14.5,120,18,10.2,2.33,62c759822b393c31,62c759822b393c31,0,idx_appt_dept_date_status,OPTIMAL,11,CURRENT,HIGH,COLUMN_ADDED,schema_change,NORMAL,OK,Slight concurrency queueing without plan degradation.,Imperceptible patient UI latency (<50ms shift); no booking hazard.,"{""rule_triggered"": ""FALSE_POSITIVE_GRACE_BAND"", ""delta_pct"": 10.9, ""delta_ms"": 1.58, ""plan_diff"": ""NONE - Query plan remains optimal index search"", ""index_impact"": ""OPTIMAL (no index drop)"", ""workload_effect"": ""Queue delay during HIGH workload"", ""recommendation"": ""Maintain baseline. No schema or query regression detected; transient queue latency.""}"
SYNTH-Q-001,Find available appointment slots,find_available_slots,REL-106,v1.5.0,2026-08-21 00:30:00,14.27,14.5,120,18,9.05,2.07,62c759822b393c31,62c759822b393c31,0,idx_appt_dept_date_status,OPTIMAL,11,CURRENT,HIGH,COLUMN_ADDED,schema_change,NORMAL,OK,Slight concurrency queueing without plan degradation.,Imperceptible patient UI latency (<50ms shift); no booking hazard.,"{""rule_triggered"": ""FALSE_POSITIVE_GRACE_BAND"", ""delta_pct"": -1.59, ""delta_ms"": -0.23, ""plan_diff"": ""NONE - Query plan remains optimal index search"", ""index_impact"": ""OPTIMAL (no index drop)"", ""workload_effect"": ""Queue delay during HIGH workload"", ""recommendation"": ""Maintain baseline. No schema or query regression detected; transient queue latency.""}"
SYNTH-Q-001,Find available appointment slots,find_available_slots,REL-106,v1.5.0,2026-08-21 02:18:00,15.37,14.5,120,18,9.75,2.23,62c759822b393c31,62c759822b393c31,0,idx_appt_dept_date_status,OPTIMAL,5,CURRENT,NORMAL,COLUMN_ADDED,schema_change,NORMAL,OK,System performance within acceptable noise band.,Normal patient scheduling experience with zero delay.,"{""rule_triggered"": ""WITHIN_NOISE_BAND"", ""delta_pct"": 6.0, ""delta_ms"": 0.87, ""plan_diff"": ""NONE"", ""index_impact"": ""OPTIMAL"", ""recommendation"": ""Performance within normal operational variance.""}"
SYNTH-Q-002,Check doctor availability,check_doctor_availability,REL-106,v1.5.0,2026-08-20 08:49:00,11.73,11.2,45,8,7.33,1.47,d92063c67a1d5b2c,d92063c67a1d5b2c,0,idx_appt_doctor_date,OPTIMAL,11,CURRENT,LOW,COLUMN_ADDED,schema_change,NORMAL,OK,System performance within acceptable noise band.,Normal patient scheduling experience with zero delay.,"{""rule_triggered"": ""WITHIN_NOISE_BAND"", ""delta_pct"": 4.73, ""delta_ms"": 0.53, ""plan_diff"": ""NONE"", ""index_impact"": ""OPTIMAL"", ""recommendation"": ""Performance within normal operational variance.""}"
SYNTH-Q-002,Check doctor availability,check_doctor_availability,REL-106,v1.5.0,2026-08-20 10:34:00,11.44,11.2,45,8,7.15,1.43,d92063c67a1d5b2c,d92063c67a1d5b2c,0,idx_appt_doctor_date,OPTIMAL,3,CURRENT,LOW,COLUMN_ADDED,schema_change,NORMAL,OK,System performance within acceptable noise band.,Normal patient scheduling experience with zero delay.,"{""rule_triggered"": ""WITHIN_NOISE_BAND"", ""delta_pct"": 2.14, ""delta_ms"": 0.24, ""plan_diff"": ""NONE"", ""index_impact"": ""OPTIMAL"", ""recommendation"": ""Performance within normal operational variance.""}"
SYNTH-Q-002,Check doctor availability,check_doctor_availability,REL-106,v1.5.0,2026-08-20 12:11:00,11.4,11.2,45,8,7.12,1.42,d92063c67a1d5b2c,d92063c67a1d5b2c,0,idx_appt_doctor_date,OPTIMAL,14,CURRENT,LOW,COLUMN_ADDED,schema_change,NORMAL,OK,System performance within acceptable noise band.,Normal patient scheduling experience with zero delay.,"{""rule_triggered"": ""WITHIN_NOISE_BAND"", ""delta_pct"": 1.79, ""delta_ms"": 0.2, ""plan_diff"": ""NONE"", ""index_impact"": ""OPTIMAL"", ""recommendation"": ""Performance within normal operational variance.""}"
SYNTH-Q-002,Check doctor availability,check_doctor_availability,REL-106,v1.5.0,2026-08-20 14:31:00,12.47,11.2,45,8,7.79,1.56,d92063c67a1d5b2c,d92063c67a1d5b2c,0,idx_appt_doctor_date,OPTIMAL,12,CURRENT,NORMAL,COLUMN_ADDED,schema_change,NORMAL,OK,Stable execution profile.,Smooth booking workflow.,"{""rule_triggered"": ""NORMAL_STABLE_OR_IMPROVED"", ""delta_pct"": 11.34, ""delta_ms"": 1.27, ""plan_diff"": ""NONE"", ""index_impact"": ""OPTIMAL"", ""recommendation"": ""Release is safe for deployment.""}"
SYNTH-Q-002,Check doctor availability,check_doctor_availability,REL-106,v1.5.0,2026-08-20 16:18:00,11.21,11.2,45,8,7.01,1.4,d92063c67a1d5b2c,d92063c67a1d5b2c,0,idx_appt_doctor_date,OPTIMAL,1,CURRENT,LOW,COLUMN_ADDED,schema_change,NORMAL,OK,System performance within acceptable noise band.,Normal patient scheduling experience with zero delay.,"{""rule_triggered"": ""WITHIN_NOISE_BAND"", ""delta_pct"": 0.09, ""delta_ms"": 0.01, ""plan_diff"": ""NONE"", ""index_impact"": ""OPTIMAL"", ""recommendation"": ""Performance within normal operational variance.""}"
SYNTH-Q-002,Check doctor availability,check_doctor_availability,REL-106,v1.5.0,2026-08-20 18:38:00,11.18,11.2,45,8,6.99,1.4,d92063c67a1d5b2c,d92063c67a1d5b2c,0,idx_appt_doctor_date,OPTIMAL,6,CURRENT,LOW,COLUMN_ADDED,schema_change,NORMAL,OK,System performance within acceptable noise band.,Normal patient scheduling experience with zero delay.,"{""rule_triggered"": ""WITHIN_NOISE_BAND"", ""delta_pct"": -0.18, ""delta_ms"": -0.02, ""plan_diff"": ""NONE"", ""index_impact"": ""OPTIMAL"", ""recommendation"": ""Performance within normal operational variance.""}"
SYNTH-Q-002,Check doctor availability,check_doctor_availability,REL-106,v1.5.0,2026-08-20 20:41:00,12.26,11.2,45,8,7.66,1.53,d92063c67a1d5b2c,d92063c67a1d5b2c,0,idx_appt_doctor_date,OPTIMAL,3,CURRENT,HIGH,COLUMN_ADDED,schema_change,NORMAL,OK,Slight concurrency queueing without plan degradation.,Imperceptible patient UI latency (<50ms shift); no booking hazard.,"{""rule_triggered"": ""FALSE_POSITIVE_GRACE_BAND"", ""delta_pct"": 9.46, ""delta_ms"": 1.06, ""plan_diff"": ""NONE - Query plan remains optimal index search"", ""index_impact"": ""OPTIMAL (no index drop)"", ""workload_effect"": ""Queue delay during HIGH workload"", ""recommendation"": ""Maintain baseline. No schema or query regression detected; transient queue latency.""}"
SYNTH-Q-002,Check doctor availability,check_doctor_availability,REL-106,v1.5.0,2026-08-20 22:29:00,12.18,11.2,45,8,7.61,1.52,d92063c67a1d5b2c,d92063c67a1d5b2c,0,idx_appt_doctor_date,OPTIMAL,4,CURRENT,NORMAL,COLUMN_ADDED,schema_change,NORMAL,OK,System performance within acceptable noise band.,Normal patient scheduling experience with zero delay.,"{""rule_triggered"": ""WITHIN_NOISE_BAND"", ""delta_pct"": 8.75, ""delta_ms"": 0.98, ""plan_diff"": ""NONE"", ""index_impact"": ""OPTIMAL"", ""recommendation"": ""Performance within normal operational variance.""}"
SYNTH-Q-002,Check doctor availability,check_doctor_availability,REL-106,v1.5.0,2026-08-21 00:21:00,11.51,11.2,45,8,7.2,1.44,d92063c67a1d5b2c,d92063c67a1d5b2c,0,idx_appt_doctor_date,OPTIMAL,12,CURRENT,NORMAL,COLUMN_ADDED,schema_change,NORMAL,OK,System performance within acceptable noise band.,Normal patient scheduling experience with zero delay.,"{""rule_triggered"": ""WITHIN_NOISE_BAND"", ""delta_pct"": 2.77, ""delta_ms"": 0.31, ""plan_diff"": ""NONE"", ""index_impact"": ""OPTIMAL"", ""recommendation"": ""Performance within normal operational variance.""}"
SYNTH-Q-002,Check doctor availability,check_doctor_availability,REL-106,v1.5.0,2026-08-21 02:16:00,12.04,11.2,45,8,7.53,1.51,d92063c67a1d5b2c,d92063c67a1d5b2c,0,idx_appt_doctor_date,OPTIMAL,1,CURRENT,NORMAL,COLUMN_ADDED,schema_change,NORMAL,OK,System performance within acceptable noise band.,Normal patient scheduling experience with zero delay.,"{""rule_triggered"": ""WITHIN_NOISE_BAND"", ""delta_pct"": 7.5, ""delta_ms"": 0.84, ""plan_diff"": ""NONE"", ""index_impact"": ""OPTIMAL"", ""recommendation"": ""Performance within normal operational variance.""}"
SYNTH-Q-003,Create appointment,create_appointment,REL-106,v1.5.0,2026-08-20 08:50:00,42.67,22.0,15,1,28.12,11.4,6334b72f6d2d33d6,6334b72f6d2d33d6,0,idx_appt_doctor_date_time,CHANGED,10,CURRENT,NORMAL,COLUMN_ADDED,schema_change,REGRESSION,HIGH,Significant latency degradation across booking transactions.,Noticeable scheduling UI lag; increased booking abandonment rate.,"{""rule_triggered"": ""TIME_HIGH_PCT_REGRESSION"", ""delta_pct"": 93.95, ""delta_ms"": 20.67, ""plan_diff"": ""Sub-optimal plan selection or extra temporary B-Tree sorting"", ""index_impact"": ""Index status: CHANGED"", ""recommendation"": ""Analyze index selectivity and query predicates before deployment.""}"
SYNTH-Q-003,Create appointment,create_appointment,REL-106,v1.5.0,2026-08-20 10:12:00,45.87,22.0,15,1,30.23,12.26,6334b72f6d2d33d6,6334b72f6d2d33d6,0,idx_appt_doctor_date_time,CHANGED,10,CURRENT,NORMAL,COLUMN_ADDED,schema_change,REGRESSION,HIGH,Significant latency degradation across booking transactions.,Noticeable scheduling UI lag; increased booking abandonment rate.,"{""rule_triggered"": ""TIME_HIGH_PCT_REGRESSION"", ""delta_pct"": 108.5, ""delta_ms"": 23.87, ""plan_diff"": ""Sub-optimal plan selection or extra temporary B-Tree sorting"", ""index_impact"": ""Index status: CHANGED"", ""recommendation"": ""Analyze index selectivity and query predicates before deployment.""}"
SYNTH-Q-003,Create appointment,create_appointment,REL-106,v1.5.0,2026-08-20 12:25:00,36.57,22.0,15,1,24.1,9.77,6334b72f6d2d33d6,6334b72f6d2d33d6,0,idx_appt_doctor_date_time,CHANGED,9,CURRENT,HIGH,COLUMN_ADDED,schema_change,REGRESSION,HIGH,Significant latency degradation across booking transactions.,Noticeable scheduling UI lag; increased booking abandonment rate.,"{""rule_triggered"": ""TIME_HIGH_PCT_REGRESSION"", ""delta_pct"": 66.23, ""delta_ms"": 14.57, ""plan_diff"": ""Sub-optimal plan selection or extra temporary B-Tree sorting"", ""index_impact"": ""Index status: CHANGED"", ""recommendation"": ""Analyze index selectivity and query predicates before deployment.""}"
SYNTH-Q-003,Create appointment,create_appointment,REL-106,v1.5.0,2026-08-20 14:25:00,48.08,22.0,15,1,31.69,12.85,6334b72f6d2d33d6,6334b72f6d2d33d6,0,idx_appt_doctor_date_time,CHANGED,3,CURRENT,LOW,COLUMN_ADDED,schema_change,REGRESSION,HIGH,Significant latency degradation across booking transactions.,Noticeable scheduling UI lag; increased booking abandonment rate.,"{""rule_triggered"": ""TIME_HIGH_PCT_REGRESSION"", ""delta_pct"": 118.55, ""delta_ms"": 26.08, ""plan_diff"": ""Sub-optimal plan selection or extra temporary B-Tree sorting"", ""index_impact"": ""Index status: CHANGED"", ""recommendation"": ""Analyze index selectivity and query predicates before deployment.""}"
SYNTH-Q-003,Create appointment,create_appointment,REL-106,v1.5.0,2026-08-20 16:30:00,30.92,22.0,15,1,20.38,8.26,6334b72f6d2d33d6,6334b72f6d2d33d6,0,idx_appt_doctor_date_time,CHANGED,4,CURRENT,NORMAL,COLUMN_ADDED,schema_change,WARNING,MEDIUM,Moderate query slowdown; planner row estimates drifting.,Minor booking delay under load; warning flag raised for DBA review.,"{""rule_triggered"": ""STATS_STALE_OR_MILD_TIME_INCREASE"", ""delta_pct"": 40.55, ""delta_ms"": 8.92, ""plan_diff"": ""Planner estimate mismatch due to stale stats"", ""index_impact"": ""Index status: CHANGED"", ""statistics_status"": ""CURRENT"", ""recommendation"": ""Execute ANALYZE on appointments table to refresh statistics.""}"
SYNTH-Q-003,Create appointment,create_appointment,REL-106,v1.5.0,2026-08-20 18:24:00,44.07,22.0,15,1,29.04,11.78,6334b72f6d2d33d6,6334b72f6d2d33d6,0,idx_appt_doctor_date_time,CHANGED,8,CURRENT,NORMAL,COLUMN_ADDED,schema_change,REGRESSION,HIGH,Significant latency degradation across booking transactions.,Noticeable scheduling UI lag; increased booking abandonment rate.,"{""rule_triggered"": ""TIME_HIGH_PCT_REGRESSION"", ""delta_pct"": 100.32, ""delta_ms"": 22.07, ""plan_diff"": ""Sub-optimal plan selection or extra temporary B-Tree sorting"", ""index_impact"": ""Index status: CHANGED"", ""recommendation"": ""Analyze index selectivity and query predicates before deployment.""}"
SYNTH-Q-003,Create appointment,create_appointment,REL-106,v1.5.0,2026-08-20 20:21:00,43.52,22.0,15,1,28.69,11.63,6334b72f6d2d33d6,6334b72f6d2d33d6,0,idx_appt_doctor_date_time,CHANGED,10,CURRENT,NORMAL,COLUMN_ADDED,schema_change,REGRESSION,HIGH,Significant latency degradation across booking transactions.,Noticeable scheduling UI lag; increased booking abandonment rate.,"{""rule_triggered"": ""TIME_HIGH_PCT_REGRESSION"", ""delta_pct"": 97.82, ""delta_ms"": 21.52, ""plan_diff"": ""Sub-optimal plan selection or extra temporary B-Tree sorting"", ""index_impact"": ""Index status: CHANGED"", ""recommendation"": ""Analyze index selectivity and query predicates before deployment.""}"
SYNTH-Q-003,Create appointment,create_appointment,REL-106,v1.5.0,2026-08-20 22:00:00,37.13,22.0,15,1,24.47,9.92,6334b72f6d2d33d6,6334b72f6d2d33d6,0,idx_appt_doctor_date_time,CHANGED,11,CURRENT,NORMAL,COLUMN_ADDED,schema_change,REGRESSION,HIGH,Significant latency degradation across booking transactions.,Noticeable scheduling UI lag; increased booking abandonment rate.,"{""rule_triggered"": ""TIME_HIGH_PCT_REGRESSION"", ""delta_pct"": 68.77, ""delta_ms"": 15.13, ""plan_diff"": ""Sub-optimal plan selection or extra temporary B-Tree sorting"", ""index_impact"": ""Index status: CHANGED"", ""recommendation"": ""Analyze index selectivity and query predicates before deployment.""}"
SYNTH-Q-003,Create appointment,create_appointment,REL-106,v1.5.0,2026-08-21 00:15:00,32.88,22.0,15,1,21.67,8.79,6334b72f6d2d33d6,6334b72f6d2d33d6,0,idx_appt_doctor_date_time,CHANGED,11,CURRENT,LOW,COLUMN_ADDED,schema_change,WARNING,MEDIUM,Moderate query slowdown; planner row estimates drifting.,Minor booking delay under load; warning flag raised for DBA review.,"{""rule_triggered"": ""STATS_STALE_OR_MILD_TIME_INCREASE"", ""delta_pct"": 49.45, ""delta_ms"": 10.88, ""plan_diff"": ""Planner estimate mismatch due to stale stats"", ""index_impact"": ""Index status: CHANGED"", ""statistics_status"": ""CURRENT"", ""recommendation"": ""Execute ANALYZE on appointments table to refresh statistics.""}"
SYNTH-Q-003,Create appointment,create_appointment,REL-106,v1.5.0,2026-08-21 02:19:00,42.87,22.0,15,1,28.26,11.46,6334b72f6d2d33d6,6334b72f6d2d33d6,0,idx_appt_doctor_date_time,CHANGED,7,CURRENT,NORMAL,COLUMN_ADDED,schema_change,REGRESSION,HIGH,Significant latency degradation across booking transactions.,Noticeable scheduling UI lag; increased booking abandonment rate.,"{""rule_triggered"": ""TIME_HIGH_PCT_REGRESSION"", ""delta_pct"": 94.86, ""delta_ms"": 20.87, ""plan_diff"": ""Sub-optimal plan selection or extra temporary B-Tree sorting"", ""index_impact"": ""Index status: CHANGED"", ""recommendation"": ""Analyze index selectivity and query predicates before deployment.""}"
SYNTH-Q-004,Verify whether an appointment slot is already booked,verify_slot_booked,REL-106,v1.5.0,2026-08-20 08:45:00,13.39,13.8,25,1,8.24,1.75,b1ad58e1033f203f,b1ad58e1033f203f,0,idx_appt_doctor_date_time_status,OPTIMAL,12,CURRENT,NORMAL,COLUMN_ADDED,schema_change,NORMAL,OK,System performance within acceptable noise band.,Normal patient scheduling experience with zero delay.,"{""rule_triggered"": ""WITHIN_NOISE_BAND"", ""delta_pct"": -2.97, ""delta_ms"": -0.41, ""plan_diff"": ""NONE"", ""index_impact"": ""OPTIMAL"", ""recommendation"": ""Performance within normal operational variance.""}"
SYNTH-Q-004,Verify whether an appointment slot is already booked,verify_slot_booked,REL-106,v1.5.0,2026-08-20 10:18:00,13.63,13.8,25,1,8.39,1.78,b1ad58e1033f203f,b1ad58e1033f203f,0,idx_appt_doctor_date_time_status,OPTIMAL,10,CURRENT,NORMAL,COLUMN_ADDED,schema_change,NORMAL,OK,System performance within acceptable noise band.,Normal patient scheduling experience with zero delay.,"{""rule_triggered"": ""WITHIN_NOISE_BAND"", ""delta_pct"": -1.23, ""delta_ms"": -0.17, ""plan_diff"": ""NONE"", ""index_impact"": ""OPTIMAL"", ""recommendation"": ""Performance within normal operational variance.""}"
SYNTH-Q-004,Verify whether an appointment slot is already booked,verify_slot_booked,REL-106,v1.5.0,2026-08-20 12:08:00,14.18,13.8,25,1,8.73,1.85,b1ad58e1033f203f,b1ad58e1033f203f,0,idx_appt_doctor_date_time_status,OPTIMAL,3,CURRENT,HIGH,COLUMN_ADDED,schema_change,NORMAL,OK,Slight concurrency queueing without plan degradation.,Imperceptible patient UI latency (<50ms shift); no booking hazard.,"{""rule_triggered"": ""FALSE_POSITIVE_GRACE_BAND"", ""delta_pct"": 2.75, ""delta_ms"": 0.38, ""plan_diff"": ""NONE - Query plan remains optimal index search"", ""index_impact"": ""OPTIMAL (no index drop)"", ""workload_effect"": ""Queue delay during HIGH workload"", ""recommendation"": ""Maintain baseline. No schema or query regression detected; transient queue latency.""}"
SYNTH-Q-004,Verify whether an appointment slot is already booked,verify_slot_booked,REL-106,v1.5.0,2026-08-20 14:38:00,14.76,13.8,25,1,9.09,1.92,b1ad58e1033f203f,b1ad58e1033f203f,0,idx_appt_doctor_date_time_status,OPTIMAL,7,CURRENT,NORMAL,COLUMN_ADDED,schema_change,NORMAL,OK,System performance within acceptable noise band.,Normal patient scheduling experience with zero delay.,"{""rule_triggered"": ""WITHIN_NOISE_BAND"", ""delta_pct"": 6.96, ""delta_ms"": 0.96, ""plan_diff"": ""NONE"", ""index_impact"": ""OPTIMAL"", ""recommendation"": ""Performance within normal operational variance.""}"
SYNTH-Q-004,Verify whether an appointment slot is already booked,verify_slot_booked,REL-106,v1.5.0,2026-08-20 16:30:00,13.69,13.8,25,1,8.43,1.79,b1ad58e1033f203f,b1ad58e1033f203f,0,idx_appt_doctor_date_time_status,OPTIMAL,13,CURRENT,NORMAL,COLUMN_ADDED,schema_change,NORMAL,OK,System performance within acceptable noise band.,Normal patient scheduling experience with zero delay.,"{""rule_triggered"": ""WITHIN_NOISE_BAND"", ""delta_pct"": -0.8, ""delta_ms"": -0.11, ""plan_diff"": ""NONE"", ""index_impact"": ""OPTIMAL"", ""recommendation"": ""Performance within normal operational variance.""}"
SYNTH-Q-004,Verify whether an appointment slot is already booked,verify_slot_booked,REL-106,v1.5.0,2026-08-20 18:48:00,14.16,13.8,25,1,8.72,1.85,b1ad58e1033f203f,b1ad58e1033f203f,0,idx_appt_doctor_date_time_status,OPTIMAL,9,CURRENT,LOW,COLUMN_ADDED,schema_change,NORMAL,OK,System performance within acceptable noise band.,Normal patient scheduling experience with zero delay.,"{""rule_triggered"": ""WITHIN_NOISE_BAND"", ""delta_pct"": 2.61, ""delta_ms"": 0.36, ""plan_diff"": ""NONE"", ""index_impact"": ""OPTIMAL"", ""recommendation"": ""Performance within normal operational variance.""}"
SYNTH-Q-004,Verify whether an appointment slot is already booked,verify_slot_booked,REL-106,v1.5.0,2026-08-20 20:45:00,15.26,13.8,25,1,9.4,1.99,b1ad58e1033f203f,b1ad58e1033f203f,0,idx_appt_doctor_date_time_status,OPTIMAL,2,CURRENT,NORMAL,COLUMN_ADDED,schema_change,NORMAL,OK,Stable execution profile.,Smooth booking workflow.,"{""rule_triggered"": ""NORMAL_STABLE_OR_IMPROVED"", ""delta_pct"": 10.58, ""delta_ms"": 1.46, ""plan_diff"": ""NONE"", ""index_impact"": ""OPTIMAL"", ""recommendation"": ""Release is safe for deployment.""}"
SYNTH-Q-004,Verify whether an appointment slot is already booked,verify_slot_booked,REL-106,v1.5.0,2026-08-20 22:07:00,14.39,13.8,25,1,8.87,1.88,b1ad58e1033f203f,b1ad58e1033f203f,0,idx_appt_doctor_date_time_status,OPTIMAL,14,CURRENT,LOW,COLUMN_ADDED,schema_change,NORMAL,OK,System performance within acceptable noise band.,Normal patient scheduling experience with zero delay.,"{""rule_triggered"": ""WITHIN_NOISE_BAND"", ""delta_pct"": 4.28, ""delta_ms"": 0.59, ""plan_diff"": ""NONE"", ""index_impact"": ""OPTIMAL"", ""recommendation"": ""Performance within normal operational variance.""}"
SYNTH-Q-004,Verify whether an appointment slot is already booked,verify_slot_booked,REL-106,v1.5.0,2026-08-21 00:32:00,14.37,13.8,25,1,8.85,1.87,b1ad58e1033f203f,b1ad58e1033f203f,0,idx_appt_doctor_date_time_status,OPTIMAL,10,CURRENT,NORMAL,COLUMN_ADDED,schema_change,NORMAL,OK,System performance within acceptable noise band.,Normal patient scheduling experience with zero delay.,"{""rule_triggered"": ""WITHIN_NOISE_BAND"", ""delta_pct"": 4.13, ""delta_ms"": 0.57, ""plan_diff"": ""NONE"", ""index_impact"": ""OPTIMAL"", ""recommendation"": ""Performance within normal operational variance.""}"
SYNTH-Q-004,Verify whether an appointment slot is already booked,verify_slot_booked,REL-106,v1.5.0,2026-08-21 02:10:00,14.33,13.8,25,1,8.83,1.87,b1ad58e1033f203f,b1ad58e1033f203f,0,idx_appt_doctor_date_time_status,OPTIMAL,14,CURRENT,NORMAL,COLUMN_ADDED,schema_change,NORMAL,OK,System performance within acceptable noise band.,Normal patient scheduling experience with zero delay.,"{""rule_triggered"": ""WITHIN_NOISE_BAND"", ""delta_pct"": 3.84, ""delta_ms"": 0.53, ""plan_diff"": ""NONE"", ""index_impact"": ""OPTIMAL"", ""recommendation"": ""Performance within normal operational variance.""}"
SYNTH-Q-005,Search appointments,search_appointments,REL-106,v1.5.0,2026-08-20 08:07:00,29.9,28.5,350,24,19.93,6.08,e76181d244fee67c,e76181d244fee67c,0,idx_appt_patient_date,OPTIMAL,12,CURRENT,NORMAL,COLUMN_ADDED,schema_change,NORMAL,OK,System performance within acceptable noise band.,Normal patient scheduling experience with zero delay.,"{""rule_triggered"": ""WITHIN_NOISE_BAND"", ""delta_pct"": 4.91, ""delta_ms"": 1.4, ""plan_diff"": ""NONE"", ""index_impact"": ""OPTIMAL"", ""recommendation"": ""Performance within normal operational variance.""}"
SYNTH-Q-005,Search appointments,search_appointments,REL-106,v1.5.0,2026-08-20 10:05:00,27.34,28.5,350,24,18.23,5.56,e76181d244fee67c,e76181d244fee67c,0,idx_appt_patient_date,OPTIMAL,13,CURRENT,HIGH,COLUMN_ADDED,schema_change,NORMAL,OK,Slight concurrency queueing without plan degradation.,Imperceptible patient UI latency (<50ms shift); no booking hazard.,"{""rule_triggered"": ""FALSE_POSITIVE_GRACE_BAND"", ""delta_pct"": -4.07, ""delta_ms"": -1.16, ""plan_diff"": ""NONE - Query plan remains optimal index search"", ""index_impact"": ""OPTIMAL (no index drop)"", ""workload_effect"": ""Queue delay during HIGH workload"", ""recommendation"": ""Maintain baseline. No schema or query regression detected; transient queue latency.""}"
SYNTH-Q-005,Search appointments,search_appointments,REL-106,v1.5.0,2026-08-20 12:08:00,29.81,28.5,350,24,19.87,6.07,e76181d244fee67c,e76181d244fee67c,0,idx_appt_patient_date,OPTIMAL,8,CURRENT,HIGH,COLUMN_ADDED,schema_change,NORMAL,OK,Slight concurrency queueing without plan degradation.,Imperceptible patient UI latency (<50ms shift); no booking hazard.,"{""rule_triggered"": ""FALSE_POSITIVE_GRACE_BAND"", ""delta_pct"": 4.6, ""delta_ms"": 1.31, ""plan_diff"": ""NONE - Query plan remains optimal index search"", ""index_impact"": ""OPTIMAL (no index drop)"", ""workload_effect"": ""Queue delay during HIGH workload"", ""recommendation"": ""Maintain baseline. No schema or query regression detected; transient queue latency.""}"
SYNTH-Q-005,Search appointments,search_appointments,REL-106,v1.5.0,2026-08-20 14:35:00,30.98,28.5,350,24,20.66,6.31,e76181d244fee67c,e76181d244fee67c,0,idx_appt_patient_date,OPTIMAL,11,CURRENT,HIGH,COLUMN_ADDED,schema_change,NORMAL,OK,Slight concurrency queueing without plan degradation.,Imperceptible patient UI latency (<50ms shift); no booking hazard.,"{""rule_triggered"": ""FALSE_POSITIVE_GRACE_BAND"", ""delta_pct"": 8.7, ""delta_ms"": 2.48, ""plan_diff"": ""NONE - Query plan remains optimal index search"", ""index_impact"": ""OPTIMAL (no index drop)"", ""workload_effect"": ""Queue delay during HIGH workload"", ""recommendation"": ""Maintain baseline. No schema or query regression detected; transient queue latency.""}"
SYNTH-Q-005,Search appointments,search_appointments,REL-106,v1.5.0,2026-08-20 16:46:00,28.31,28.5,350,24,18.87,5.76,e76181d244fee67c,e76181d244fee67c,0,idx_appt_patient_date,OPTIMAL,7,CURRENT,LOW,COLUMN_ADDED,schema_change,NORMAL,OK,System performance within acceptable noise band.,Normal patient scheduling experience with zero delay.,"{""rule_triggered"": ""WITHIN_NOISE_BAND"", ""delta_pct"": -0.67, ""delta_ms"": -0.19, ""plan_diff"": ""NONE"", ""index_impact"": ""OPTIMAL"", ""recommendation"": ""Performance within normal operational variance.""}"
SYNTH-Q-005,Search appointments,search_appointments,REL-106,v1.5.0,2026-08-20 18:00:00,27.43,28.5,350,24,18.29,5.58,e76181d244fee67c,e76181d244fee67c,0,idx_appt_patient_date,OPTIMAL,10,CURRENT,NORMAL,COLUMN_ADDED,schema_change,NORMAL,OK,System performance within acceptable noise band.,Normal patient scheduling experience with zero delay.,"{""rule_triggered"": ""WITHIN_NOISE_BAND"", ""delta_pct"": -3.75, ""delta_ms"": -1.07, ""plan_diff"": ""NONE"", ""index_impact"": ""OPTIMAL"", ""recommendation"": ""Performance within normal operational variance.""}"
SYNTH-Q-005,Search appointments,search_appointments,REL-106,v1.5.0,2026-08-20 20:27:00,27.38,28.5,350,24,18.26,5.57,e76181d244fee67c,e76181d244fee67c,0,idx_appt_patient_date,OPTIMAL,12,CURRENT,NORMAL,COLUMN_ADDED,schema_change,NORMAL,OK,System performance within acceptable noise band.,Normal patient scheduling experience with zero delay.,"{""rule_triggered"": ""WITHIN_NOISE_BAND"", ""delta_pct"": -3.93, ""delta_ms"": -1.12, ""plan_diff"": ""NONE"", ""index_impact"": ""OPTIMAL"", ""recommendation"": ""Performance within normal operational variance.""}"
SYNTH-Q-005,Search appointments,search_appointments,REL-106,v1.5.0,2026-08-20 22:03:00,27.23,28.5,350,24,18.15,5.54,e76181d244fee67c,e76181d244fee67c,0,idx_appt_patient_date,OPTIMAL,8,CURRENT,LOW,COLUMN_ADDED,schema_change,NORMAL,OK,System performance within acceptable noise band.,Normal patient scheduling experience with zero delay.,"{""rule_triggered"": ""WITHIN_NOISE_BAND"", ""delta_pct"": -4.46, ""delta_ms"": -1.27, ""plan_diff"": ""NONE"", ""index_impact"": ""OPTIMAL"", ""recommendation"": ""Performance within normal operational variance.""}"
SYNTH-Q-005,Search appointments,search_appointments,REL-106,v1.5.0,2026-08-21 00:26:00,27.73,28.5,350,24,18.49,5.64,e76181d244fee67c,e76181d244fee67c,0,idx_appt_patient_date,OPTIMAL,13,CURRENT,NORMAL,COLUMN_ADDED,schema_change,NORMAL,OK,System performance within acceptable noise band.,Normal patient scheduling experience with zero delay.,"{""rule_triggered"": ""WITHIN_NOISE_BAND"", ""delta_pct"": -2.7, ""delta_ms"": -0.77, ""plan_diff"": ""NONE"", ""index_impact"": ""OPTIMAL"", ""recommendation"": ""Performance within normal operational variance.""}"
SYNTH-Q-005,Search appointments,search_appointments,REL-106,v1.5.0,2026-08-21 02:41:00,31.89,28.5,350,24,21.26,6.49,e76181d244fee67c,e76181d244fee67c,0,idx_appt_patient_date,OPTIMAL,6,CURRENT,HIGH,COLUMN_ADDED,schema_change,NORMAL,OK,Slight concurrency queueing without plan degradation.,Imperceptible patient UI latency (<50ms shift); no booking hazard.,"{""rule_triggered"": ""FALSE_POSITIVE_GRACE_BAND"", ""delta_pct"": 11.89, ""delta_ms"": 3.39, ""plan_diff"": ""NONE - Query plan remains optimal index search"", ""index_impact"": ""OPTIMAL (no index drop)"", ""workload_effect"": ""Queue delay during HIGH workload"", ""recommendation"": ""Maintain baseline. No schema or query regression detected; transient queue latency.""}"
SYNTH-Q-006,Update appointment status,update_appointment_status,REL-106,v1.5.0,2026-08-20 08:24:00,34.99,16.4,1,1,21.76,9.26,d54f2bccb838a972,d54f2bccb838a972,0,idx_appt_pk,CHANGED,14,CURRENT,HIGH,COLUMN_ADDED,schema_change,REGRESSION,HIGH,Significant latency degradation across booking transactions.,Noticeable scheduling UI lag; increased booking abandonment rate.,"{""rule_triggered"": ""TIME_HIGH_PCT_REGRESSION"", ""delta_pct"": 113.35, ""delta_ms"": 18.59, ""plan_diff"": ""Sub-optimal plan selection or extra temporary B-Tree sorting"", ""index_impact"": ""Index status: CHANGED"", ""recommendation"": ""Analyze index selectivity and query predicates before deployment.""}"
SYNTH-Q-006,Update appointment status,update_appointment_status,REL-106,v1.5.0,2026-08-20 10:24:00,31.92,16.4,1,1,19.85,8.45,d54f2bccb838a972,d54f2bccb838a972,0,idx_appt_pk,CHANGED,2,CURRENT,HIGH,COLUMN_ADDED,schema_change,REGRESSION,HIGH,Significant latency degradation across booking transactions.,Noticeable scheduling UI lag; increased booking abandonment rate.,"{""rule_triggered"": ""TIME_HIGH_PCT_REGRESSION"", ""delta_pct"": 94.63, ""delta_ms"": 15.52, ""plan_diff"": ""Sub-optimal plan selection or extra temporary B-Tree sorting"", ""index_impact"": ""Index status: CHANGED"", ""recommendation"": ""Analyze index selectivity and query predicates before deployment.""}"
SYNTH-Q-006,Update appointment status,update_appointment_status,REL-106,v1.5.0,2026-08-20 12:42:00,34.25,16.4,1,1,21.3,9.06,d54f2bccb838a972,d54f2bccb838a972,0,idx_appt_pk,CHANGED,11,CURRENT,NORMAL,COLUMN_ADDED,schema_change,REGRESSION,HIGH,Significant latency degradation across booking transactions.,Noticeable scheduling UI lag; increased booking abandonment rate.,"{""rule_triggered"": ""TIME_HIGH_PCT_REGRESSION"", ""delta_pct"": 108.84, ""delta_ms"": 17.85, ""plan_diff"": ""Sub-optimal plan selection or extra temporary B-Tree sorting"", ""index_impact"": ""Index status: CHANGED"", ""recommendation"": ""Analyze index selectivity and query predicates before deployment.""}"
SYNTH-Q-006,Update appointment status,update_appointment_status,REL-106,v1.5.0,2026-08-20 14:07:00,28.12,16.4,1,1,17.49,7.44,d54f2bccb838a972,d54f2bccb838a972,0,idx_appt_pk,CHANGED,9,CURRENT,NORMAL,COLUMN_ADDED,schema_change,REGRESSION,HIGH,Significant latency degradation across booking transactions.,Noticeable scheduling UI lag; increased booking abandonment rate.,"{""rule_triggered"": ""TIME_HIGH_PCT_REGRESSION"", ""delta_pct"": 71.46, ""delta_ms"": 11.72, ""plan_diff"": ""Sub-optimal plan selection or extra temporary B-Tree sorting"", ""index_impact"": ""Index status: CHANGED"", ""recommendation"": ""Analyze index selectivity and query predicates before deployment.""}"
SYNTH-Q-006,Update appointment status,update_appointment_status,REL-106,v1.5.0,2026-08-20 16:08:00,23.01,16.4,1,1,14.31,6.09,d54f2bccb838a972,d54f2bccb838a972,0,idx_appt_pk,CHANGED,14,CURRENT,NORMAL,COLUMN_ADDED,schema_change,WARNING,MEDIUM,Moderate query slowdown; planner row estimates drifting.,Minor booking delay under load; warning flag raised for DBA review.,"{""rule_triggered"": ""STATS_STALE_OR_MILD_TIME_INCREASE"", ""delta_pct"": 40.3, ""delta_ms"": 6.61, ""plan_diff"": ""Planner estimate mismatch due to stale stats"", ""index_impact"": ""Index status: CHANGED"", ""statistics_status"": ""CURRENT"", ""recommendation"": ""Execute ANALYZE on appointments table to refresh statistics.""}"
SYNTH-Q-006,Update appointment status,update_appointment_status,REL-106,v1.5.0,2026-08-20 18:01:00,31.8,16.4,1,1,19.78,8.41,d54f2bccb838a972,d54f2bccb838a972,0,idx_appt_pk,CHANGED,8,CURRENT,NORMAL,COLUMN_ADDED,schema_change,REGRESSION,HIGH,Significant latency degradation across booking transactions.,Noticeable scheduling UI lag; increased booking abandonment rate.,"{""rule_triggered"": ""TIME_HIGH_PCT_REGRESSION"", ""delta_pct"": 93.9, ""delta_ms"": 15.4, ""plan_diff"": ""Sub-optimal plan selection or extra temporary B-Tree sorting"", ""index_impact"": ""Index status: CHANGED"", ""recommendation"": ""Analyze index selectivity and query predicates before deployment.""}"
SYNTH-Q-006,Update appointment status,update_appointment_status,REL-106,v1.5.0,2026-08-20 20:34:00,27.94,16.4,1,1,17.37,7.39,d54f2bccb838a972,d54f2bccb838a972,0,idx_appt_pk,CHANGED,9,CURRENT,HIGH,COLUMN_ADDED,schema_change,REGRESSION,HIGH,Significant latency degradation across booking transactions.,Noticeable scheduling UI lag; increased booking abandonment rate.,"{""rule_triggered"": ""TIME_HIGH_PCT_REGRESSION"", ""delta_pct"": 70.37, ""delta_ms"": 11.54, ""plan_diff"": ""Sub-optimal plan selection or extra temporary B-Tree sorting"", ""index_impact"": ""Index status: CHANGED"", ""recommendation"": ""Analyze index selectivity and query predicates before deployment.""}"
SYNTH-Q-006,Update appointment status,update_appointment_status,REL-106,v1.5.0,2026-08-20 22:14:00,27.5,16.4,1,1,17.1,7.28,d54f2bccb838a972,d54f2bccb838a972,0,idx_appt_pk,CHANGED,8,CURRENT,NORMAL,COLUMN_ADDED,schema_change,REGRESSION,HIGH,Significant latency degradation across booking transactions.,Noticeable scheduling UI lag; increased booking abandonment rate.,"{""rule_triggered"": ""TIME_HIGH_PCT_REGRESSION"", ""delta_pct"": 67.68, ""delta_ms"": 11.1, ""plan_diff"": ""Sub-optimal plan selection or extra temporary B-Tree sorting"", ""index_impact"": ""Index status: CHANGED"", ""recommendation"": ""Analyze index selectivity and query predicates before deployment.""}"
SYNTH-Q-006,Update appointment status,update_appointment_status,REL-106,v1.5.0,2026-08-21 00:17:00,33.0,16.4,1,1,20.53,8.73,d54f2bccb838a972,d54f2bccb838a972,0,idx_appt_pk,CHANGED,12,CURRENT,NORMAL,COLUMN_ADDED,schema_change,REGRESSION,HIGH,Significant latency degradation across booking transactions.,Noticeable scheduling UI lag; increased booking abandonment rate.,"{""rule_triggered"": ""TIME_HIGH_PCT_REGRESSION"", ""delta_pct"": 101.22, ""delta_ms"": 16.6, ""plan_diff"": ""Sub-optimal plan selection or extra temporary B-Tree sorting"", ""index_impact"": ""Index status: CHANGED"", ""recommendation"": ""Analyze index selectivity and query predicates before deployment.""}"
SYNTH-Q-006,Update appointment status,update_appointment_status,REL-106,v1.5.0,2026-08-21 02:02:00,33.01,16.4,1,1,20.53,8.74,d54f2bccb838a972,d54f2bccb838a972,0,idx_appt_pk,CHANGED,10,CURRENT,HIGH,COLUMN_ADDED,schema_change,REGRESSION,HIGH,Significant latency degradation across booking transactions.,Noticeable scheduling UI lag; increased booking abandonment rate.,"{""rule_triggered"": ""TIME_HIGH_PCT_REGRESSION"", ""delta_pct"": 101.28, ""delta_ms"": 16.61, ""plan_diff"": ""Sub-optimal plan selection or extra temporary B-Tree sorting"", ""index_impact"": ""Index status: CHANGED"", ""recommendation"": ""Analyze index selectivity and query predicates before deployment.""}"
SYNTH-Q-007,Cancel appointment,cancel_appointment,REL-106,v1.5.0,2026-08-20 08:01:00,14.52,15.1,1,1,9.13,2.79,d54f2bccb838a972,d54f2bccb838a972,0,idx_appt_pk,OPTIMAL,4,CURRENT,NORMAL,COLUMN_ADDED,schema_change,NORMAL,OK,System performance within acceptable noise band.,Normal patient scheduling experience with zero delay.,"{""rule_triggered"": ""WITHIN_NOISE_BAND"", ""delta_pct"": -3.84, ""delta_ms"": -0.58, ""plan_diff"": ""NONE"", ""index_impact"": ""OPTIMAL"", ""recommendation"": ""Performance within normal operational variance.""}"
SYNTH-Q-007,Cancel appointment,cancel_appointment,REL-106,v1.5.0,2026-08-20 10:38:00,15.88,15.1,1,1,9.99,3.05,d54f2bccb838a972,d54f2bccb838a972,0,idx_appt_pk,OPTIMAL,8,CURRENT,LOW,COLUMN_ADDED,schema_change,NORMAL,OK,System performance within acceptable noise band.,Normal patient scheduling experience with zero delay.,"{""rule_triggered"": ""WITHIN_NOISE_BAND"", ""delta_pct"": 5.17, ""delta_ms"": 0.78, ""plan_diff"": ""NONE"", ""index_impact"": ""OPTIMAL"", ""recommendation"": ""Performance within normal operational variance.""}"
SYNTH-Q-007,Cancel appointment,cancel_appointment,REL-106,v1.5.0,2026-08-20 12:45:00,16.25,15.1,1,1,10.22,3.12,d54f2bccb838a972,d54f2bccb838a972,0,idx_appt_pk,OPTIMAL,4,CURRENT,LOW,COLUMN_ADDED,schema_change,NORMAL,OK,System performance within acceptable noise band.,Normal patient scheduling experience with zero delay.,"{""rule_triggered"": ""WITHIN_NOISE_BAND"", ""delta_pct"": 7.62, ""delta_ms"": 1.15, ""plan_diff"": ""NONE"", ""index_impact"": ""OPTIMAL"", ""recommendation"": ""Performance within normal operational variance.""}"
SYNTH-Q-007,Cancel appointment,cancel_appointment,REL-106,v1.5.0,2026-08-20 14:25:00,15.73,15.1,1,1,9.9,3.02,d54f2bccb838a972,d54f2bccb838a972,0,idx_appt_pk,OPTIMAL,4,CURRENT,HIGH,COLUMN_ADDED,schema_change,NORMAL,OK,Slight concurrency queueing without plan degradation.,Imperceptible patient UI latency (<50ms shift); no booking hazard.,"{""rule_triggered"": ""FALSE_POSITIVE_GRACE_BAND"", ""delta_pct"": 4.17, ""delta_ms"": 0.63, ""plan_diff"": ""NONE - Query plan remains optimal index search"", ""index_impact"": ""OPTIMAL (no index drop)"", ""workload_effect"": ""Queue delay during HIGH workload"", ""recommendation"": ""Maintain baseline. No schema or query regression detected; transient queue latency.""}"
SYNTH-Q-007,Cancel appointment,cancel_appointment,REL-106,v1.5.0,2026-08-20 16:48:00,15.64,15.1,1,1,9.84,3.0,d54f2bccb838a972,d54f2bccb838a972,0,idx_appt_pk,OPTIMAL,3,CURRENT,LOW,COLUMN_ADDED,schema_change,NORMAL,OK,System performance within acceptable noise band.,Normal patient scheduling experience with zero delay.,"{""rule_triggered"": ""WITHIN_NOISE_BAND"", ""delta_pct"": 3.58, ""delta_ms"": 0.54, ""plan_diff"": ""NONE"", ""index_impact"": ""OPTIMAL"", ""recommendation"": ""Performance within normal operational variance.""}"
SYNTH-Q-007,Cancel appointment,cancel_appointment,REL-106,v1.5.0,2026-08-20 18:18:00,16.7,15.1,1,1,10.5,3.21,d54f2bccb838a972,d54f2bccb838a972,0,idx_appt_pk,OPTIMAL,14,CURRENT,NORMAL,COLUMN_ADDED,schema_change,NORMAL,OK,Stable execution profile.,Smooth booking workflow.,"{""rule_triggered"": ""NORMAL_STABLE_OR_IMPROVED"", ""delta_pct"": 10.6, ""delta_ms"": 1.6, ""plan_diff"": ""NONE"", ""index_impact"": ""OPTIMAL"", ""recommendation"": ""Release is safe for deployment.""}"
SYNTH-Q-007,Cancel appointment,cancel_appointment,REL-106,v1.5.0,2026-08-20 20:36:00,15.88,15.1,1,1,9.99,3.05,d54f2bccb838a972,d54f2bccb838a972,0,idx_appt_pk,OPTIMAL,10,CURRENT,NORMAL,COLUMN_ADDED,schema_change,NORMAL,OK,System performance within acceptable noise band.,Normal patient scheduling experience with zero delay.,"{""rule_triggered"": ""WITHIN_NOISE_BAND"", ""delta_pct"": 5.17, ""delta_ms"": 0.78, ""plan_diff"": ""NONE"", ""index_impact"": ""OPTIMAL"", ""recommendation"": ""Performance within normal operational variance.""}"
SYNTH-Q-007,Cancel appointment,cancel_appointment,REL-106,v1.5.0,2026-08-20 22:43:00,15.12,15.1,1,1,9.51,2.9,d54f2bccb838a972,d54f2bccb838a972,0,idx_appt_pk,OPTIMAL,4,CURRENT,NORMAL,COLUMN_ADDED,schema_change,NORMAL,OK,System performance within acceptable noise band.,Normal patient scheduling experience with zero delay.,"{""rule_triggered"": ""WITHIN_NOISE_BAND"", ""delta_pct"": 0.13, ""delta_ms"": 0.02, ""plan_diff"": ""NONE"", ""index_impact"": ""OPTIMAL"", ""recommendation"": ""Performance within normal operational variance.""}"
SYNTH-Q-007,Cancel appointment,cancel_appointment,REL-106,v1.5.0,2026-08-21 00:09:00,15.12,15.1,1,1,9.51,2.9,d54f2bccb838a972,d54f2bccb838a972,0,idx_appt_pk,OPTIMAL,7,CURRENT,NORMAL,COLUMN_ADDED,schema_change,NORMAL,OK,System performance within acceptable noise band.,Normal patient scheduling experience with zero delay.,"{""rule_triggered"": ""WITHIN_NOISE_BAND"", ""delta_pct"": 0.13, ""delta_ms"": 0.02, ""plan_diff"": ""NONE"", ""index_impact"": ""OPTIMAL"", ""recommendation"": ""Performance within normal operational variance.""}"
SYNTH-Q-007,Cancel appointment,cancel_appointment,REL-106,v1.5.0,2026-08-21 02:03:00,16.09,15.1,1,1,10.12,3.09,d54f2bccb838a972,d54f2bccb838a972,0,idx_appt_pk,OPTIMAL,11,CURRENT,NORMAL,COLUMN_ADDED,schema_change,NORMAL,OK,System performance within acceptable noise band.,Normal patient scheduling experience with zero delay.,"{""rule_triggered"": ""WITHIN_NOISE_BAND"", ""delta_pct"": 6.56, ""delta_ms"": 0.99, ""plan_diff"": ""NONE"", ""index_impact"": ""OPTIMAL"", ""recommendation"": ""Performance within normal operational variance.""}"
SYNTH-Q-008,Retrieve doctor schedule,retrieve_doctor_schedule,REL-106,v1.5.0,2026-08-20 08:35:00,20.3,18.2,90,16,12.71,2.9,d92063c67a1d5b2c,d92063c67a1d5b2c,0,idx_appt_doctor_date,OPTIMAL,1,CURRENT,HIGH,COLUMN_ADDED,schema_change,NORMAL,OK,Slight concurrency queueing without plan degradation.,Imperceptible patient UI latency (<50ms shift); no booking hazard.,"{""rule_triggered"": ""FALSE_POSITIVE_GRACE_BAND"", ""delta_pct"": 11.54, ""delta_ms"": 2.1, ""plan_diff"": ""NONE - Query plan remains optimal index search"", ""index_impact"": ""OPTIMAL (no index drop)"", ""workload_effect"": ""Queue delay during HIGH workload"", ""recommendation"": ""Maintain baseline. No schema or query regression detected; transient queue latency.""}"
SYNTH-Q-008,Retrieve doctor schedule,retrieve_doctor_schedule,REL-106,v1.5.0,2026-08-20 10:41:00,18.91,18.2,90,16,11.85,2.7,d92063c67a1d5b2c,d92063c67a1d5b2c,0,idx_appt_doctor_date,OPTIMAL,13,CURRENT,HIGH,COLUMN_ADDED,schema_change,NORMAL,OK,Slight concurrency queueing without plan degradation.,Imperceptible patient UI latency (<50ms shift); no booking hazard.,"{""rule_triggered"": ""FALSE_POSITIVE_GRACE_BAND"", ""delta_pct"": 3.9, ""delta_ms"": 0.71, ""plan_diff"": ""NONE - Query plan remains optimal index search"", ""index_impact"": ""OPTIMAL (no index drop)"", ""workload_effect"": ""Queue delay during HIGH workload"", ""recommendation"": ""Maintain baseline. No schema or query regression detected; transient queue latency.""}"
SYNTH-Q-008,Retrieve doctor schedule,retrieve_doctor_schedule,REL-106,v1.5.0,2026-08-20 12:44:00,17.75,18.2,90,16,11.12,2.54,d92063c67a1d5b2c,d92063c67a1d5b2c,0,idx_appt_doctor_date,OPTIMAL,7,CURRENT,HIGH,COLUMN_ADDED,schema_change,NORMAL,OK,Slight concurrency queueing without plan degradation.,Imperceptible patient UI latency (<50ms shift); no booking hazard.,"{""rule_triggered"": ""FALSE_POSITIVE_GRACE_BAND"", ""delta_pct"": -2.47, ""delta_ms"": -0.45, ""plan_diff"": ""NONE - Query plan remains optimal index search"", ""index_impact"": ""OPTIMAL (no index drop)"", ""workload_effect"": ""Queue delay during HIGH workload"", ""recommendation"": ""Maintain baseline. No schema or query regression detected; transient queue latency.""}"
SYNTH-Q-008,Retrieve doctor schedule,retrieve_doctor_schedule,REL-106,v1.5.0,2026-08-20 14:24:00,18.95,18.2,90,16,11.87,2.71,d92063c67a1d5b2c,d92063c67a1d5b2c,0,idx_appt_doctor_date,OPTIMAL,13,CURRENT,NORMAL,COLUMN_ADDED,schema_change,NORMAL,OK,System performance within acceptable noise band.,Normal patient scheduling experience with zero delay.,"{""rule_triggered"": ""WITHIN_NOISE_BAND"", ""delta_pct"": 4.12, ""delta_ms"": 0.75, ""plan_diff"": ""NONE"", ""index_impact"": ""OPTIMAL"", ""recommendation"": ""Performance within normal operational variance.""}"
SYNTH-Q-008,Retrieve doctor schedule,retrieve_doctor_schedule,REL-106,v1.5.0,2026-08-20 16:15:00,19.94,18.2,90,16,12.49,2.85,d92063c67a1d5b2c,d92063c67a1d5b2c,0,idx_appt_doctor_date,OPTIMAL,5,CURRENT,NORMAL,COLUMN_ADDED,schema_change,NORMAL,OK,System performance within acceptable noise band.,Normal patient scheduling experience with zero delay.,"{""rule_triggered"": ""WITHIN_NOISE_BAND"", ""delta_pct"": 9.56, ""delta_ms"": 1.74, ""plan_diff"": ""NONE"", ""index_impact"": ""OPTIMAL"", ""recommendation"": ""Performance within normal operational variance.""}"
SYNTH-Q-008,Retrieve doctor schedule,retrieve_doctor_schedule,REL-106,v1.5.0,2026-08-20 18:09:00,19.03,18.2,90,16,11.92,2.72,d92063c67a1d5b2c,d92063c67a1d5b2c,0,idx_appt_doctor_date,OPTIMAL,1,CURRENT,HIGH,COLUMN_ADDED,schema_change,NORMAL,OK,Slight concurrency queueing without plan degradation.,Imperceptible patient UI latency (<50ms shift); no booking hazard.,"{""rule_triggered"": ""FALSE_POSITIVE_GRACE_BAND"", ""delta_pct"": 4.56, ""delta_ms"": 0.83, ""plan_diff"": ""NONE - Query plan remains optimal index search"", ""index_impact"": ""OPTIMAL (no index drop)"", ""workload_effect"": ""Queue delay during HIGH workload"", ""recommendation"": ""Maintain baseline. No schema or query regression detected; transient queue latency.""}"
SYNTH-Q-008,Retrieve doctor schedule,retrieve_doctor_schedule,REL-106,v1.5.0,2026-08-20 20:26:00,18.04,18.2,90,16,11.3,2.58,d92063c67a1d5b2c,d92063c67a1d5b2c,0,idx_appt_doctor_date,OPTIMAL,7,CURRENT,NORMAL,COLUMN_ADDED,schema_change,NORMAL,OK,System performance within acceptable noise band.,Normal patient scheduling experience with zero delay.,"{""rule_triggered"": ""WITHIN_NOISE_BAND"", ""delta_pct"": -0.88, ""delta_ms"": -0.16, ""plan_diff"": ""NONE"", ""index_impact"": ""OPTIMAL"", ""recommendation"": ""Performance within normal operational variance.""}"
SYNTH-Q-008,Retrieve doctor schedule,retrieve_doctor_schedule,REL-106,v1.5.0,2026-08-20 22:13:00,17.53,18.2,90,16,10.98,2.5,d92063c67a1d5b2c,d92063c67a1d5b2c,0,idx_appt_doctor_date,OPTIMAL,11,CURRENT,NORMAL,COLUMN_ADDED,schema_change,NORMAL,OK,System performance within acceptable noise band.,Normal patient scheduling experience with zero delay.,"{""rule_triggered"": ""WITHIN_NOISE_BAND"", ""delta_pct"": -3.68, ""delta_ms"": -0.67, ""plan_diff"": ""NONE"", ""index_impact"": ""OPTIMAL"", ""recommendation"": ""Performance within normal operational variance.""}"
SYNTH-Q-008,Retrieve doctor schedule,retrieve_doctor_schedule,REL-106,v1.5.0,2026-08-21 00:28:00,18.95,18.2,90,16,11.87,2.71,d92063c67a1d5b2c,d92063c67a1d5b2c,0,idx_appt_doctor_date,OPTIMAL,2,CURRENT,NORMAL,COLUMN_ADDED,schema_change,NORMAL,OK,System performance within acceptable noise band.,Normal patient scheduling experience with zero delay.,"{""rule_triggered"": ""WITHIN_NOISE_BAND"", ""delta_pct"": 4.12, ""delta_ms"": 0.75, ""plan_diff"": ""NONE"", ""index_impact"": ""OPTIMAL"", ""recommendation"": ""Performance within normal operational variance.""}"
SYNTH-Q-008,Retrieve doctor schedule,retrieve_doctor_schedule,REL-106,v1.5.0,2026-08-21 02:12:00,18.46,18.2,90,16,11.56,2.64,d92063c67a1d5b2c,d92063c67a1d5b2c,0,idx_appt_doctor_date,OPTIMAL,5,CURRENT,LOW,COLUMN_ADDED,schema_change,NORMAL,OK,System performance within acceptable noise band.,Normal patient scheduling experience with zero delay.,"{""rule_triggered"": ""WITHIN_NOISE_BAND"", ""delta_pct"": 1.43, ""delta_ms"": 0.26, ""plan_diff"": ""NONE"", ""index_impact"": ""OPTIMAL"", ""recommendation"": ""Performance within normal operational variance.""}"
SYNTH-Q-009,Retrieve department schedule,retrieve_department_schedule,REL-106,v1.5.0,2026-08-20 08:38:00,33.68,35.0,480,65,22.62,6.54,364020380f4bd7af,364020380f4bd7af,0,idx_appt_dept_date,OPTIMAL,14,CURRENT,LOW,COLUMN_ADDED,schema_change,NORMAL,OK,System performance within acceptable noise band.,Normal patient scheduling experience with zero delay.,"{""rule_triggered"": ""WITHIN_NOISE_BAND"", ""delta_pct"": -3.77, ""delta_ms"": -1.32, ""plan_diff"": ""NONE"", ""index_impact"": ""OPTIMAL"", ""recommendation"": ""Performance within normal operational variance.""}"
SYNTH-Q-009,Retrieve department schedule,retrieve_department_schedule,REL-106,v1.5.0,2026-08-20 10:48:00,34.49,35.0,480,65,23.16,6.7,364020380f4bd7af,364020380f4bd7af,0,idx_appt_dept_date,OPTIMAL,8,CURRENT,NORMAL,COLUMN_ADDED,schema_change,NORMAL,OK,System performance within acceptable noise band.,Normal patient scheduling experience with zero delay.,"{""rule_triggered"": ""WITHIN_NOISE_BAND"", ""delta_pct"": -1.46, ""delta_ms"": -0.51, ""plan_diff"": ""NONE"", ""index_impact"": ""OPTIMAL"", ""recommendation"": ""Performance within normal operational variance.""}"
SYNTH-Q-009,Retrieve department schedule,retrieve_department_schedule,REL-106,v1.5.0,2026-08-20 12:21:00,34.51,35.0,480,65,23.17,6.7,364020380f4bd7af,364020380f4bd7af,0,idx_appt_dept_date,OPTIMAL,1,CURRENT,NORMAL,COLUMN_ADDED,schema_change,NORMAL,OK,System performance within acceptable noise band.,Normal patient scheduling experience with zero delay.,"{""rule_triggered"": ""WITHIN_NOISE_BAND"", ""delta_pct"": -1.4, ""delta_ms"": -0.49, ""plan_diff"": ""NONE"", ""index_impact"": ""OPTIMAL"", ""recommendation"": ""Performance within normal operational variance.""}"
SYNTH-Q-009,Retrieve department schedule,retrieve_department_schedule,REL-106,v1.5.0,2026-08-20 14:12:00,39.2,35.0,480,65,26.32,7.62,364020380f4bd7af,364020380f4bd7af,0,idx_appt_dept_date,OPTIMAL,12,CURRENT,LOW,COLUMN_ADDED,schema_change,NORMAL,OK,Stable execution profile.,Smooth booking workflow.,"{""rule_triggered"": ""NORMAL_STABLE_OR_IMPROVED"", ""delta_pct"": 12.0, ""delta_ms"": 4.2, ""plan_diff"": ""NONE"", ""index_impact"": ""OPTIMAL"", ""recommendation"": ""Release is safe for deployment.""}"
SYNTH-Q-009,Retrieve department schedule,retrieve_department_schedule,REL-106,v1.5.0,2026-08-20 16:30:00,36.85,35.0,480,65,24.74,7.16,364020380f4bd7af,364020380f4bd7af,0,idx_appt_dept_date,OPTIMAL,12,CURRENT,NORMAL,COLUMN_ADDED,schema_change,NORMAL,OK,System performance within acceptable noise band.,Normal patient scheduling experience with zero delay.,"{""rule_triggered"": ""WITHIN_NOISE_BAND"", ""delta_pct"": 5.29, ""delta_ms"": 1.85, ""plan_diff"": ""NONE"", ""index_impact"": ""OPTIMAL"", ""recommendation"": ""Performance within normal operational variance.""}"
SYNTH-Q-009,Retrieve department schedule,retrieve_department_schedule,REL-106,v1.5.0,2026-08-20 18:13:00,36.53,35.0,480,65,24.53,7.1,364020380f4bd7af,364020380f4bd7af,0,idx_appt_dept_date,OPTIMAL,4,CURRENT,HIGH,COLUMN_ADDED,schema_change,NORMAL,OK,Slight concurrency queueing without plan degradation.,Imperceptible patient UI latency (<50ms shift); no booking hazard.,"{""rule_triggered"": ""FALSE_POSITIVE_GRACE_BAND"", ""delta_pct"": 4.37, ""delta_ms"": 1.53, ""plan_diff"": ""NONE - Query plan remains optimal index search"", ""index_impact"": ""OPTIMAL (no index drop)"", ""workload_effect"": ""Queue delay during HIGH workload"", ""recommendation"": ""Maintain baseline. No schema or query regression detected; transient queue latency.""}"
SYNTH-Q-009,Retrieve department schedule,retrieve_department_schedule,REL-106,v1.5.0,2026-08-20 20:49:00,36.02,35.0,480,65,24.19,7.0,364020380f4bd7af,364020380f4bd7af,0,idx_appt_dept_date,OPTIMAL,7,CURRENT,NORMAL,COLUMN_ADDED,schema_change,NORMAL,OK,System performance within acceptable noise band.,Normal patient scheduling experience with zero delay.,"{""rule_triggered"": ""WITHIN_NOISE_BAND"", ""delta_pct"": 2.91, ""delta_ms"": 1.02, ""plan_diff"": ""NONE"", ""index_impact"": ""OPTIMAL"", ""recommendation"": ""Performance within normal operational variance.""}"
SYNTH-Q-009,Retrieve department schedule,retrieve_department_schedule,REL-106,v1.5.0,2026-08-20 22:41:00,34.81,35.0,480,65,23.37,6.76,364020380f4bd7af,364020380f4bd7af,0,idx_appt_dept_date,OPTIMAL,5,CURRENT,NORMAL,COLUMN_ADDED,schema_change,NORMAL,OK,System performance within acceptable noise band.,Normal patient scheduling experience with zero delay.,"{""rule_triggered"": ""WITHIN_NOISE_BAND"", ""delta_pct"": -0.54, ""delta_ms"": -0.19, ""plan_diff"": ""NONE"", ""index_impact"": ""OPTIMAL"", ""recommendation"": ""Performance within normal operational variance.""}"
SYNTH-Q-009,Retrieve department schedule,retrieve_department_schedule,REL-106,v1.5.0,2026-08-21 00:32:00,33.84,35.0,480,65,22.72,6.57,364020380f4bd7af,364020380f4bd7af,0,idx_appt_dept_date,OPTIMAL,8,CURRENT,HIGH,COLUMN_ADDED,schema_change,NORMAL,OK,Slight concurrency queueing without plan degradation.,Imperceptible patient UI latency (<50ms shift); no booking hazard.,"{""rule_triggered"": ""FALSE_POSITIVE_GRACE_BAND"", ""delta_pct"": -3.31, ""delta_ms"": -1.16, ""plan_diff"": ""NONE - Query plan remains optimal index search"", ""index_impact"": ""OPTIMAL (no index drop)"", ""workload_effect"": ""Queue delay during HIGH workload"", ""recommendation"": ""Maintain baseline. No schema or query regression detected; transient queue latency.""}"
SYNTH-Q-009,Retrieve department schedule,retrieve_department_schedule,REL-106,v1.5.0,2026-08-21 02:46:00,38.25,35.0,480,65,25.68,7.43,364020380f4bd7af,364020380f4bd7af,0,idx_appt_dept_date,OPTIMAL,13,CURRENT,HIGH,COLUMN_ADDED,schema_change,NORMAL,OK,Slight concurrency queueing without plan degradation.,Imperceptible patient UI latency (<50ms shift); no booking hazard.,"{""rule_triggered"": ""FALSE_POSITIVE_GRACE_BAND"", ""delta_pct"": 9.29, ""delta_ms"": 3.25, ""plan_diff"": ""NONE - Query plan remains optimal index search"", ""index_impact"": ""OPTIMAL (no index drop)"", ""workload_effect"": ""Queue delay during HIGH workload"", ""recommendation"": ""Maintain baseline. No schema or query regression detected; transient queue latency.""}"
SYNTH-Q-001,Find available appointment slots,find_available_slots,REL-107,v2.0.0,2026-08-25 08:13:00,18.77,14.5,120,18,10.02,2.25,62c759822b393c31,62c759822b393c31,0,idx_appt_dept_date_status,OPTIMAL,6,CURRENT,PEAK,NONE,workload_increase,NORMAL,OK,Slight concurrency queueing without plan degradation.,Imperceptible patient UI latency (<50ms shift); no booking hazard.,"{""rule_triggered"": ""FALSE_POSITIVE_GRACE_BAND"", ""delta_pct"": 29.45, ""delta_ms"": 4.27, ""plan_diff"": ""NONE - Query plan remains optimal index search"", ""index_impact"": ""OPTIMAL (no index drop)"", ""workload_effect"": ""Queue delay during PEAK workload"", ""recommendation"": ""Maintain baseline. No schema or query regression detected; transient queue latency.""}"
SYNTH-Q-001,Find available appointment slots,find_available_slots,REL-107,v2.0.0,2026-08-25 10:09:00,19.13,14.5,120,18,10.04,2.36,62c759822b393c31,62c759822b393c31,0,idx_appt_dept_date_status,OPTIMAL,5,CURRENT,PEAK,NONE,workload_increase,NORMAL,OK,Slight concurrency queueing without plan degradation.,Imperceptible patient UI latency (<50ms shift); no booking hazard.,"{""rule_triggered"": ""FALSE_POSITIVE_GRACE_BAND"", ""delta_pct"": 31.93, ""delta_ms"": 4.63, ""plan_diff"": ""NONE - Query plan remains optimal index search"", ""index_impact"": ""OPTIMAL (no index drop)"", ""workload_effect"": ""Queue delay during PEAK workload"", ""recommendation"": ""Maintain baseline. No schema or query regression detected; transient queue latency.""}"
SYNTH-Q-001,Find available appointment slots,find_available_slots,REL-107,v2.0.0,2026-08-25 12:18:00,18.55,14.5,120,18,9.9,2.38,62c759822b393c31,62c759822b393c31,0,idx_appt_dept_date_status,OPTIMAL,4,CURRENT,PEAK,NONE,workload_increase,NORMAL,OK,Slight concurrency queueing without plan degradation.,Imperceptible patient UI latency (<50ms shift); no booking hazard.,"{""rule_triggered"": ""FALSE_POSITIVE_GRACE_BAND"", ""delta_pct"": 27.93, ""delta_ms"": 4.05, ""plan_diff"": ""NONE - Query plan remains optimal index search"", ""index_impact"": ""OPTIMAL (no index drop)"", ""workload_effect"": ""Queue delay during PEAK workload"", ""recommendation"": ""Maintain baseline. No schema or query regression detected; transient queue latency.""}"
SYNTH-Q-001,Find available appointment slots,find_available_slots,REL-107,v2.0.0,2026-08-25 14:31:00,19.68,14.5,120,18,9.97,2.36,62c759822b393c31,62c759822b393c31,0,idx_appt_dept_date_status,OPTIMAL,5,CURRENT,PEAK,NONE,workload_increase,NORMAL,OK,Slight concurrency queueing without plan degradation.,Imperceptible patient UI latency (<50ms shift); no booking hazard.,"{""rule_triggered"": ""FALSE_POSITIVE_GRACE_BAND"", ""delta_pct"": 35.72, ""delta_ms"": 5.18, ""plan_diff"": ""NONE - Query plan remains optimal index search"", ""index_impact"": ""OPTIMAL (no index drop)"", ""workload_effect"": ""Queue delay during PEAK workload"", ""recommendation"": ""Maintain baseline. No schema or query regression detected; transient queue latency.""}"
SYNTH-Q-001,Find available appointment slots,find_available_slots,REL-107,v2.0.0,2026-08-25 16:47:00,18.13,14.5,120,18,10.17,2.24,62c759822b393c31,62c759822b393c31,0,idx_appt_dept_date_status,OPTIMAL,8,CURRENT,PEAK,NONE,workload_increase,NORMAL,OK,Slight concurrency queueing without plan degradation.,Imperceptible patient UI latency (<50ms shift); no booking hazard.,"{""rule_triggered"": ""FALSE_POSITIVE_GRACE_BAND"", ""delta_pct"": 25.03, ""delta_ms"": 3.63, ""plan_diff"": ""NONE - Query plan remains optimal index search"", ""index_impact"": ""OPTIMAL (no index drop)"", ""workload_effect"": ""Queue delay during PEAK workload"", ""recommendation"": ""Maintain baseline. No schema or query regression detected; transient queue latency.""}"
SYNTH-Q-001,Find available appointment slots,find_available_slots,REL-107,v2.0.0,2026-08-25 18:46:00,20.08,14.5,120,18,10.01,2.34,62c759822b393c31,62c759822b393c31,0,idx_appt_dept_date_status,OPTIMAL,3,CURRENT,PEAK,NONE,workload_increase,NORMAL,OK,Slight concurrency queueing without plan degradation.,Imperceptible patient UI latency (<50ms shift); no booking hazard.,"{""rule_triggered"": ""FALSE_POSITIVE_GRACE_BAND"", ""delta_pct"": 38.48, ""delta_ms"": 5.58, ""plan_diff"": ""NONE - Query plan remains optimal index search"", ""index_impact"": ""OPTIMAL (no index drop)"", ""workload_effect"": ""Queue delay during PEAK workload"", ""recommendation"": ""Maintain baseline. No schema or query regression detected; transient queue latency.""}"
SYNTH-Q-001,Find available appointment slots,find_available_slots,REL-107,v2.0.0,2026-08-25 20:03:00,19.9,14.5,120,18,10.27,2.35,62c759822b393c31,62c759822b393c31,0,idx_appt_dept_date_status,OPTIMAL,14,CURRENT,PEAK,NONE,workload_increase,NORMAL,OK,Slight concurrency queueing without plan degradation.,Imperceptible patient UI latency (<50ms shift); no booking hazard.,"{""rule_triggered"": ""FALSE_POSITIVE_GRACE_BAND"", ""delta_pct"": 37.24, ""delta_ms"": 5.4, ""plan_diff"": ""NONE - Query plan remains optimal index search"", ""index_impact"": ""OPTIMAL (no index drop)"", ""workload_effect"": ""Queue delay during PEAK workload"", ""recommendation"": ""Maintain baseline. No schema or query regression detected; transient queue latency.""}"
SYNTH-Q-001,Find available appointment slots,find_available_slots,REL-107,v2.0.0,2026-08-25 22:48:00,18.05,14.5,120,18,10.07,2.22,62c759822b393c31,62c759822b393c31,0,idx_appt_dept_date_status,OPTIMAL,7,CURRENT,PEAK,NONE,workload_increase,NORMAL,OK,Slight concurrency queueing without plan degradation.,Imperceptible patient UI latency (<50ms shift); no booking hazard.,"{""rule_triggered"": ""FALSE_POSITIVE_GRACE_BAND"", ""delta_pct"": 24.48, ""delta_ms"": 3.55, ""plan_diff"": ""NONE - Query plan remains optimal index search"", ""index_impact"": ""OPTIMAL (no index drop)"", ""workload_effect"": ""Queue delay during PEAK workload"", ""recommendation"": ""Maintain baseline. No schema or query regression detected; transient queue latency.""}"
SYNTH-Q-001,Find available appointment slots,find_available_slots,REL-107,v2.0.0,2026-08-26 00:09:00,19.01,14.5,120,18,9.9,2.33,62c759822b393c31,62c759822b393c31,0,idx_appt_dept_date_status,OPTIMAL,4,CURRENT,PEAK,NONE,workload_increase,NORMAL,OK,Slight concurrency queueing without plan degradation.,Imperceptible patient UI latency (<50ms shift); no booking hazard.,"{""rule_triggered"": ""FALSE_POSITIVE_GRACE_BAND"", ""delta_pct"": 31.1, ""delta_ms"": 4.51, ""plan_diff"": ""NONE - Query plan remains optimal index search"", ""index_impact"": ""OPTIMAL (no index drop)"", ""workload_effect"": ""Queue delay during PEAK workload"", ""recommendation"": ""Maintain baseline. No schema or query regression detected; transient queue latency.""}"
SYNTH-Q-001,Find available appointment slots,find_available_slots,REL-107,v2.0.0,2026-08-26 02:42:00,18.96,14.5,120,18,9.66,2.32,62c759822b393c31,62c759822b393c31,0,idx_appt_dept_date_status,OPTIMAL,11,CURRENT,PEAK,NONE,workload_increase,NORMAL,OK,Slight concurrency queueing without plan degradation.,Imperceptible patient UI latency (<50ms shift); no booking hazard.,"{""rule_triggered"": ""FALSE_POSITIVE_GRACE_BAND"", ""delta_pct"": 30.76, ""delta_ms"": 4.46, ""plan_diff"": ""NONE - Query plan remains optimal index search"", ""index_impact"": ""OPTIMAL (no index drop)"", ""workload_effect"": ""Queue delay during PEAK workload"", ""recommendation"": ""Maintain baseline. No schema or query regression detected; transient queue latency.""}"
SYNTH-Q-002,Check doctor availability,check_doctor_availability,REL-107,v2.0.0,2026-08-25 08:00:00,15.12,11.2,45,8,7.61,1.51,d92063c67a1d5b2c,d92063c67a1d5b2c,0,idx_appt_doctor_date,OPTIMAL,9,CURRENT,PEAK,NONE,workload_increase,NORMAL,OK,Slight concurrency queueing without plan degradation.,Imperceptible patient UI latency (<50ms shift); no booking hazard.,"{""rule_triggered"": ""FALSE_POSITIVE_GRACE_BAND"", ""delta_pct"": 35.0, ""delta_ms"": 3.92, ""plan_diff"": ""NONE - Query plan remains optimal index search"", ""index_impact"": ""OPTIMAL (no index drop)"", ""workload_effect"": ""Queue delay during PEAK workload"", ""recommendation"": ""Maintain baseline. No schema or query regression detected; transient queue latency.""}"
SYNTH-Q-002,Check doctor availability,check_doctor_availability,REL-107,v2.0.0,2026-08-25 10:32:00,15.56,11.2,45,8,7.44,1.6,d92063c67a1d5b2c,d92063c67a1d5b2c,0,idx_appt_doctor_date,OPTIMAL,13,CURRENT,PEAK,NONE,workload_increase,NORMAL,OK,Slight concurrency queueing without plan degradation.,Imperceptible patient UI latency (<50ms shift); no booking hazard.,"{""rule_triggered"": ""FALSE_POSITIVE_GRACE_BAND"", ""delta_pct"": 38.93, ""delta_ms"": 4.36, ""plan_diff"": ""NONE - Query plan remains optimal index search"", ""index_impact"": ""OPTIMAL (no index drop)"", ""workload_effect"": ""Queue delay during PEAK workload"", ""recommendation"": ""Maintain baseline. No schema or query regression detected; transient queue latency.""}"
SYNTH-Q-002,Check doctor availability,check_doctor_availability,REL-107,v2.0.0,2026-08-25 12:33:00,14.05,11.2,45,8,7.61,1.58,d92063c67a1d5b2c,d92063c67a1d5b2c,0,idx_appt_doctor_date,OPTIMAL,4,CURRENT,PEAK,NONE,workload_increase,NORMAL,OK,Slight concurrency queueing without plan degradation.,Imperceptible patient UI latency (<50ms shift); no booking hazard.,"{""rule_triggered"": ""FALSE_POSITIVE_GRACE_BAND"", ""delta_pct"": 25.45, ""delta_ms"": 2.85, ""plan_diff"": ""NONE - Query plan remains optimal index search"", ""index_impact"": ""OPTIMAL (no index drop)"", ""workload_effect"": ""Queue delay during PEAK workload"", ""recommendation"": ""Maintain baseline. No schema or query regression detected; transient queue latency.""}"
SYNTH-Q-002,Check doctor availability,check_doctor_availability,REL-107,v2.0.0,2026-08-25 14:17:00,14.42,11.2,45,8,7.55,1.55,d92063c67a1d5b2c,d92063c67a1d5b2c,0,idx_appt_doctor_date,OPTIMAL,2,CURRENT,PEAK,NONE,workload_increase,NORMAL,OK,Slight concurrency queueing without plan degradation.,Imperceptible patient UI latency (<50ms shift); no booking hazard.,"{""rule_triggered"": ""FALSE_POSITIVE_GRACE_BAND"", ""delta_pct"": 28.75, ""delta_ms"": 3.22, ""plan_diff"": ""NONE - Query plan remains optimal index search"", ""index_impact"": ""OPTIMAL (no index drop)"", ""workload_effect"": ""Queue delay during PEAK workload"", ""recommendation"": ""Maintain baseline. No schema or query regression detected; transient queue latency.""}"
SYNTH-Q-002,Check doctor availability,check_doctor_availability,REL-107,v2.0.0,2026-08-25 16:44:00,15.04,11.2,45,8,7.77,1.56,d92063c67a1d5b2c,d92063c67a1d5b2c,0,idx_appt_doctor_date,OPTIMAL,5,CURRENT,PEAK,NONE,workload_increase,NORMAL,OK,Slight concurrency queueing without plan degradation.,Imperceptible patient UI latency (<50ms shift); no booking hazard.,"{""rule_triggered"": ""FALSE_POSITIVE_GRACE_BAND"", ""delta_pct"": 34.29, ""delta_ms"": 3.84, ""plan_diff"": ""NONE - Query plan remains optimal index search"", ""index_impact"": ""OPTIMAL (no index drop)"", ""workload_effect"": ""Queue delay during PEAK workload"", ""recommendation"": ""Maintain baseline. No schema or query regression detected; transient queue latency.""}"
SYNTH-Q-002,Check doctor availability,check_doctor_availability,REL-107,v2.0.0,2026-08-25 18:41:00,14.48,11.2,45,8,7.53,1.54,d92063c67a1d5b2c,d92063c67a1d5b2c,0,idx_appt_doctor_date,OPTIMAL,2,CURRENT,PEAK,NONE,workload_increase,NORMAL,OK,Slight concurrency queueing without plan degradation.,Imperceptible patient UI latency (<50ms shift); no booking hazard.,"{""rule_triggered"": ""FALSE_POSITIVE_GRACE_BAND"", ""delta_pct"": 29.29, ""delta_ms"": 3.28, ""plan_diff"": ""NONE - Query plan remains optimal index search"", ""index_impact"": ""OPTIMAL (no index drop)"", ""workload_effect"": ""Queue delay during PEAK workload"", ""recommendation"": ""Maintain baseline. No schema or query regression detected; transient queue latency.""}"
SYNTH-Q-002,Check doctor availability,check_doctor_availability,REL-107,v2.0.0,2026-08-25 20:40:00,14.01,11.2,45,8,7.59,1.53,d92063c67a1d5b2c,d92063c67a1d5b2c,0,idx_appt_doctor_date,OPTIMAL,12,CURRENT,PEAK,NONE,workload_increase,NORMAL,OK,Slight concurrency queueing without plan degradation.,Imperceptible patient UI latency (<50ms shift); no booking hazard.,"{""rule_triggered"": ""FALSE_POSITIVE_GRACE_BAND"", ""delta_pct"": 25.09, ""delta_ms"": 2.81, ""plan_diff"": ""NONE - Query plan remains optimal index search"", ""index_impact"": ""OPTIMAL (no index drop)"", ""workload_effect"": ""Queue delay during PEAK workload"", ""recommendation"": ""Maintain baseline. No schema or query regression detected; transient queue latency.""}"
SYNTH-Q-002,Check doctor availability,check_doctor_availability,REL-107,v2.0.0,2026-08-25 22:50:00,15.63,11.2,45,8,7.83,1.6,d92063c67a1d5b2c,d92063c67a1d5b2c,0,idx_appt_doctor_date,OPTIMAL,10,CURRENT,PEAK,NONE,workload_increase,NORMAL,OK,Slight concurrency queueing without plan degradation.,Imperceptible patient UI latency (<50ms shift); no booking hazard.,"{""rule_triggered"": ""FALSE_POSITIVE_GRACE_BAND"", ""delta_pct"": 39.55, ""delta_ms"": 4.43, ""plan_diff"": ""NONE - Query plan remains optimal index search"", ""index_impact"": ""OPTIMAL (no index drop)"", ""workload_effect"": ""Queue delay during PEAK workload"", ""recommendation"": ""Maintain baseline. No schema or query regression detected; transient queue latency.""}"
SYNTH-Q-002,Check doctor availability,check_doctor_availability,REL-107,v2.0.0,2026-08-26 00:02:00,15.48,11.2,45,8,7.69,1.55,d92063c67a1d5b2c,d92063c67a1d5b2c,0,idx_appt_doctor_date,OPTIMAL,4,CURRENT,PEAK,NONE,workload_increase,NORMAL,OK,Slight concurrency queueing without plan degradation.,Imperceptible patient UI latency (<50ms shift); no booking hazard.,"{""rule_triggered"": ""FALSE_POSITIVE_GRACE_BAND"", ""delta_pct"": 38.21, ""delta_ms"": 4.28, ""plan_diff"": ""NONE - Query plan remains optimal index search"", ""index_impact"": ""OPTIMAL (no index drop)"", ""workload_effect"": ""Queue delay during PEAK workload"", ""recommendation"": ""Maintain baseline. No schema or query regression detected; transient queue latency.""}"
SYNTH-Q-002,Check doctor availability,check_doctor_availability,REL-107,v2.0.0,2026-08-26 02:17:00,15.04,11.2,45,8,7.49,1.55,d92063c67a1d5b2c,d92063c67a1d5b2c,0,idx_appt_doctor_date,OPTIMAL,2,CURRENT,PEAK,NONE,workload_increase,NORMAL,OK,Slight concurrency queueing without plan degradation.,Imperceptible patient UI latency (<50ms shift); no booking hazard.,"{""rule_triggered"": ""FALSE_POSITIVE_GRACE_BAND"", ""delta_pct"": 34.29, ""delta_ms"": 3.84, ""plan_diff"": ""NONE - Query plan remains optimal index search"", ""index_impact"": ""OPTIMAL (no index drop)"", ""workload_effect"": ""Queue delay during PEAK workload"", ""recommendation"": ""Maintain baseline. No schema or query regression detected; transient queue latency.""}"
SYNTH-Q-003,Create appointment,create_appointment,REL-107,v2.0.0,2026-08-25 08:42:00,30.52,22.0,15,1,15.54,4.81,6334b72f6d2d33d6,6334b72f6d2d33d6,0,idx_appt_doctor_date_time,OPTIMAL,3,CURRENT,PEAK,NONE,workload_increase,NORMAL,OK,Slight concurrency queueing without plan degradation.,Imperceptible patient UI latency (<50ms shift); no booking hazard.,"{""rule_triggered"": ""FALSE_POSITIVE_GRACE_BAND"", ""delta_pct"": 38.73, ""delta_ms"": 8.52, ""plan_diff"": ""NONE - Query plan remains optimal index search"", ""index_impact"": ""OPTIMAL (no index drop)"", ""workload_effect"": ""Queue delay during PEAK workload"", ""recommendation"": ""Maintain baseline. No schema or query regression detected; transient queue latency.""}"
SYNTH-Q-003,Create appointment,create_appointment,REL-107,v2.0.0,2026-08-25 10:37:00,30.09,22.0,15,1,16.06,4.8,6334b72f6d2d33d6,6334b72f6d2d33d6,0,idx_appt_doctor_date_time,OPTIMAL,13,CURRENT,PEAK,NONE,workload_increase,NORMAL,OK,Slight concurrency queueing without plan degradation.,Imperceptible patient UI latency (<50ms shift); no booking hazard.,"{""rule_triggered"": ""FALSE_POSITIVE_GRACE_BAND"", ""delta_pct"": 36.77, ""delta_ms"": 8.09, ""plan_diff"": ""NONE - Query plan remains optimal index search"", ""index_impact"": ""OPTIMAL (no index drop)"", ""workload_effect"": ""Queue delay during PEAK workload"", ""recommendation"": ""Maintain baseline. No schema or query regression detected; transient queue latency.""}"
SYNTH-Q-003,Create appointment,create_appointment,REL-107,v2.0.0,2026-08-25 12:19:00,27.79,22.0,15,1,16.07,4.57,6334b72f6d2d33d6,6334b72f6d2d33d6,0,idx_appt_doctor_date_time,OPTIMAL,10,CURRENT,PEAK,NONE,workload_increase,NORMAL,OK,Slight concurrency queueing without plan degradation.,Imperceptible patient UI latency (<50ms shift); no booking hazard.,"{""rule_triggered"": ""FALSE_POSITIVE_GRACE_BAND"", ""delta_pct"": 26.32, ""delta_ms"": 5.79, ""plan_diff"": ""NONE - Query plan remains optimal index search"", ""index_impact"": ""OPTIMAL (no index drop)"", ""workload_effect"": ""Queue delay during PEAK workload"", ""recommendation"": ""Maintain baseline. No schema or query regression detected; transient queue latency.""}"
SYNTH-Q-003,Create appointment,create_appointment,REL-107,v2.0.0,2026-08-25 14:34:00,29.83,22.0,15,1,15.37,4.83,6334b72f6d2d33d6,6334b72f6d2d33d6,0,idx_appt_doctor_date_time,OPTIMAL,7,CURRENT,PEAK,NONE,workload_increase,NORMAL,OK,Slight concurrency queueing without plan degradation.,Imperceptible patient UI latency (<50ms shift); no booking hazard.,"{""rule_triggered"": ""FALSE_POSITIVE_GRACE_BAND"", ""delta_pct"": 35.59, ""delta_ms"": 7.83, ""plan_diff"": ""NONE - Query plan remains optimal index search"", ""index_impact"": ""OPTIMAL (no index drop)"", ""workload_effect"": ""Queue delay during PEAK workload"", ""recommendation"": ""Maintain baseline. No schema or query regression detected; transient queue latency.""}"
SYNTH-Q-003,Create appointment,create_appointment,REL-107,v2.0.0,2026-08-25 16:46:00,29.79,22.0,15,1,15.58,4.45,6334b72f6d2d33d6,6334b72f6d2d33d6,0,idx_appt_doctor_date_time,OPTIMAL,9,CURRENT,PEAK,NONE,workload_increase,NORMAL,OK,Slight concurrency queueing without plan degradation.,Imperceptible patient UI latency (<50ms shift); no booking hazard.,"{""rule_triggered"": ""FALSE_POSITIVE_GRACE_BAND"", ""delta_pct"": 35.41, ""delta_ms"": 7.79, ""plan_diff"": ""NONE - Query plan remains optimal index search"", ""index_impact"": ""OPTIMAL (no index drop)"", ""workload_effect"": ""Queue delay during PEAK workload"", ""recommendation"": ""Maintain baseline. No schema or query regression detected; transient queue latency.""}"
SYNTH-Q-003,Create appointment,create_appointment,REL-107,v2.0.0,2026-08-25 18:14:00,29.24,22.0,15,1,15.85,4.66,6334b72f6d2d33d6,6334b72f6d2d33d6,0,idx_appt_doctor_date_time,OPTIMAL,6,CURRENT,PEAK,NONE,workload_increase,NORMAL,OK,Slight concurrency queueing without plan degradation.,Imperceptible patient UI latency (<50ms shift); no booking hazard.,"{""rule_triggered"": ""FALSE_POSITIVE_GRACE_BAND"", ""delta_pct"": 32.91, ""delta_ms"": 7.24, ""plan_diff"": ""NONE - Query plan remains optimal index search"", ""index_impact"": ""OPTIMAL (no index drop)"", ""workload_effect"": ""Queue delay during PEAK workload"", ""recommendation"": ""Maintain baseline. No schema or query regression detected; transient queue latency.""}"
SYNTH-Q-003,Create appointment,create_appointment,REL-107,v2.0.0,2026-08-25 20:49:00,29.35,22.0,15,1,16.02,4.6,6334b72f6d2d33d6,6334b72f6d2d33d6,0,idx_appt_doctor_date_time,OPTIMAL,1,CURRENT,PEAK,NONE,workload_increase,NORMAL,OK,Slight concurrency queueing without plan degradation.,Imperceptible patient UI latency (<50ms shift); no booking hazard.,"{""rule_triggered"": ""FALSE_POSITIVE_GRACE_BAND"", ""delta_pct"": 33.41, ""delta_ms"": 7.35, ""plan_diff"": ""NONE - Query plan remains optimal index search"", ""index_impact"": ""OPTIMAL (no index drop)"", ""workload_effect"": ""Queue delay during PEAK workload"", ""recommendation"": ""Maintain baseline. No schema or query regression detected; transient queue latency.""}"
SYNTH-Q-003,Create appointment,create_appointment,REL-107,v2.0.0,2026-08-25 22:14:00,30.57,22.0,15,1,15.66,4.7,6334b72f6d2d33d6,6334b72f6d2d33d6,0,idx_appt_doctor_date_time,OPTIMAL,9,CURRENT,PEAK,NONE,workload_increase,NORMAL,OK,Slight concurrency queueing without plan degradation.,Imperceptible patient UI latency (<50ms shift); no booking hazard.,"{""rule_triggered"": ""FALSE_POSITIVE_GRACE_BAND"", ""delta_pct"": 38.95, ""delta_ms"": 8.57, ""plan_diff"": ""NONE - Query plan remains optimal index search"", ""index_impact"": ""OPTIMAL (no index drop)"", ""workload_effect"": ""Queue delay during PEAK workload"", ""recommendation"": ""Maintain baseline. No schema or query regression detected; transient queue latency.""}"
SYNTH-Q-003,Create appointment,create_appointment,REL-107,v2.0.0,2026-08-26 00:42:00,29.9,22.0,15,1,15.52,4.51,6334b72f6d2d33d6,6334b72f6d2d33d6,0,idx_appt_doctor_date_time,OPTIMAL,2,CURRENT,PEAK,NONE,workload_increase,NORMAL,OK,Slight concurrency queueing without plan degradation.,Imperceptible patient UI latency (<50ms shift); no booking hazard.,"{""rule_triggered"": ""FALSE_POSITIVE_GRACE_BAND"", ""delta_pct"": 35.91, ""delta_ms"": 7.9, ""plan_diff"": ""NONE - Query plan remains optimal index search"", ""index_impact"": ""OPTIMAL (no index drop)"", ""workload_effect"": ""Queue delay during PEAK workload"", ""recommendation"": ""Maintain baseline. No schema or query regression detected; transient queue latency.""}"
SYNTH-Q-003,Create appointment,create_appointment,REL-107,v2.0.0,2026-08-26 02:04:00,27.45,22.0,15,1,15.95,4.68,6334b72f6d2d33d6,6334b72f6d2d33d6,0,idx_appt_doctor_date_time,OPTIMAL,5,CURRENT,PEAK,NONE,workload_increase,NORMAL,OK,Slight concurrency queueing without plan degradation.,Imperceptible patient UI latency (<50ms shift); no booking hazard.,"{""rule_triggered"": ""FALSE_POSITIVE_GRACE_BAND"", ""delta_pct"": 24.77, ""delta_ms"": 5.45, ""plan_diff"": ""NONE - Query plan remains optimal index search"", ""index_impact"": ""OPTIMAL (no index drop)"", ""workload_effect"": ""Queue delay during PEAK workload"", ""recommendation"": ""Maintain baseline. No schema or query regression detected; transient queue latency.""}"
SYNTH-Q-004,Verify whether an appointment slot is already booked,verify_slot_booked,REL-107,v2.0.0,2026-08-25 08:47:00,17.73,13.8,25,1,8.98,2.06,b1ad58e1033f203f,b1ad58e1033f203f,0,idx_appt_doctor_date_time_status,OPTIMAL,6,CURRENT,PEAK,NONE,workload_increase,NORMAL,OK,Slight concurrency queueing without plan degradation.,Imperceptible patient UI latency (<50ms shift); no booking hazard.,"{""rule_triggered"": ""FALSE_POSITIVE_GRACE_BAND"", ""delta_pct"": 28.48, ""delta_ms"": 3.93, ""plan_diff"": ""NONE - Query plan remains optimal index search"", ""index_impact"": ""OPTIMAL (no index drop)"", ""workload_effect"": ""Queue delay during PEAK workload"", ""recommendation"": ""Maintain baseline. No schema or query regression detected; transient queue latency.""}"
SYNTH-Q-004,Verify whether an appointment slot is already booked,verify_slot_booked,REL-107,v2.0.0,2026-08-25 10:28:00,17.51,13.8,25,1,9.0,1.92,b1ad58e1033f203f,b1ad58e1033f203f,0,idx_appt_doctor_date_time_status,OPTIMAL,13,CURRENT,PEAK,NONE,workload_increase,NORMAL,OK,Slight concurrency queueing without plan degradation.,Imperceptible patient UI latency (<50ms shift); no booking hazard.,"{""rule_triggered"": ""FALSE_POSITIVE_GRACE_BAND"", ""delta_pct"": 26.88, ""delta_ms"": 3.71, ""plan_diff"": ""NONE - Query plan remains optimal index search"", ""index_impact"": ""OPTIMAL (no index drop)"", ""workload_effect"": ""Queue delay during PEAK workload"", ""recommendation"": ""Maintain baseline. No schema or query regression detected; transient queue latency.""}"
SYNTH-Q-004,Verify whether an appointment slot is already booked,verify_slot_booked,REL-107,v2.0.0,2026-08-25 12:28:00,16.9,13.8,25,1,9.14,1.91,b1ad58e1033f203f,b1ad58e1033f203f,0,idx_appt_doctor_date_time_status,OPTIMAL,2,CURRENT,PEAK,NONE,workload_increase,NORMAL,OK,Slight concurrency queueing without plan degradation.,Imperceptible patient UI latency (<50ms shift); no booking hazard.,"{""rule_triggered"": ""FALSE_POSITIVE_GRACE_BAND"", ""delta_pct"": 22.46, ""delta_ms"": 3.1, ""plan_diff"": ""NONE - Query plan remains optimal index search"", ""index_impact"": ""OPTIMAL (no index drop)"", ""workload_effect"": ""Queue delay during PEAK workload"", ""recommendation"": ""Maintain baseline. No schema or query regression detected; transient queue latency.""}"
SYNTH-Q-004,Verify whether an appointment slot is already booked,verify_slot_booked,REL-107,v2.0.0,2026-08-25 14:38:00,17.79,13.8,25,1,9.1,1.96,b1ad58e1033f203f,b1ad58e1033f203f,0,idx_appt_doctor_date_time_status,OPTIMAL,14,CURRENT,PEAK,NONE,workload_increase,NORMAL,OK,Slight concurrency queueing without plan degradation.,Imperceptible patient UI latency (<50ms shift); no booking hazard.,"{""rule_triggered"": ""FALSE_POSITIVE_GRACE_BAND"", ""delta_pct"": 28.91, ""delta_ms"": 3.99, ""plan_diff"": ""NONE - Query plan remains optimal index search"", ""index_impact"": ""OPTIMAL (no index drop)"", ""workload_effect"": ""Queue delay during PEAK workload"", ""recommendation"": ""Maintain baseline. No schema or query regression detected; transient queue latency.""}"
SYNTH-Q-004,Verify whether an appointment slot is already booked,verify_slot_booked,REL-107,v2.0.0,2026-08-25 16:05:00,18.13,13.8,25,1,9.33,1.92,b1ad58e1033f203f,b1ad58e1033f203f,0,idx_appt_doctor_date_time_status,OPTIMAL,10,CURRENT,PEAK,NONE,workload_increase,NORMAL,OK,Slight concurrency queueing without plan degradation.,Imperceptible patient UI latency (<50ms shift); no booking hazard.,"{""rule_triggered"": ""FALSE_POSITIVE_GRACE_BAND"", ""delta_pct"": 31.38, ""delta_ms"": 4.33, ""plan_diff"": ""NONE - Query plan remains optimal index search"", ""index_impact"": ""OPTIMAL (no index drop)"", ""workload_effect"": ""Queue delay during PEAK workload"", ""recommendation"": ""Maintain baseline. No schema or query regression detected; transient queue latency.""}"
SYNTH-Q-004,Verify whether an appointment slot is already booked,verify_slot_booked,REL-107,v2.0.0,2026-08-25 18:17:00,18.06,13.8,25,1,8.96,1.97,b1ad58e1033f203f,b1ad58e1033f203f,0,idx_appt_doctor_date_time_status,OPTIMAL,5,CURRENT,PEAK,NONE,workload_increase,NORMAL,OK,Slight concurrency queueing without plan degradation.,Imperceptible patient UI latency (<50ms shift); no booking hazard.,"{""rule_triggered"": ""FALSE_POSITIVE_GRACE_BAND"", ""delta_pct"": 30.87, ""delta_ms"": 4.26, ""plan_diff"": ""NONE - Query plan remains optimal index search"", ""index_impact"": ""OPTIMAL (no index drop)"", ""workload_effect"": ""Queue delay during PEAK workload"", ""recommendation"": ""Maintain baseline. No schema or query regression detected; transient queue latency.""}"
SYNTH-Q-004,Verify whether an appointment slot is already booked,verify_slot_booked,REL-107,v2.0.0,2026-08-25 20:26:00,18.78,13.8,25,1,9.14,2.06,b1ad58e1033f203f,b1ad58e1033f203f,0,idx_appt_doctor_date_time_status,OPTIMAL,8,CURRENT,PEAK,NONE,workload_increase,NORMAL,OK,Slight concurrency queueing without plan degradation.,Imperceptible patient UI latency (<50ms shift); no booking hazard.,"{""rule_triggered"": ""FALSE_POSITIVE_GRACE_BAND"", ""delta_pct"": 36.09, ""delta_ms"": 4.98, ""plan_diff"": ""NONE - Query plan remains optimal index search"", ""index_impact"": ""OPTIMAL (no index drop)"", ""workload_effect"": ""Queue delay during PEAK workload"", ""recommendation"": ""Maintain baseline. No schema or query regression detected; transient queue latency.""}"
SYNTH-Q-004,Verify whether an appointment slot is already booked,verify_slot_booked,REL-107,v2.0.0,2026-08-25 22:46:00,18.37,13.8,25,1,9.2,1.91,b1ad58e1033f203f,b1ad58e1033f203f,0,idx_appt_doctor_date_time_status,OPTIMAL,10,CURRENT,PEAK,NONE,workload_increase,NORMAL,OK,Slight concurrency queueing without plan degradation.,Imperceptible patient UI latency (<50ms shift); no booking hazard.,"{""rule_triggered"": ""FALSE_POSITIVE_GRACE_BAND"", ""delta_pct"": 33.12, ""delta_ms"": 4.57, ""plan_diff"": ""NONE - Query plan remains optimal index search"", ""index_impact"": ""OPTIMAL (no index drop)"", ""workload_effect"": ""Queue delay during PEAK workload"", ""recommendation"": ""Maintain baseline. No schema or query regression detected; transient queue latency.""}"
SYNTH-Q-004,Verify whether an appointment slot is already booked,verify_slot_booked,REL-107,v2.0.0,2026-08-26 00:00:00,18.93,13.8,25,1,9.15,2.05,b1ad58e1033f203f,b1ad58e1033f203f,0,idx_appt_doctor_date_time_status,OPTIMAL,6,CURRENT,PEAK,NONE,workload_increase,NORMAL,OK,Slight concurrency queueing without plan degradation.,Imperceptible patient UI latency (<50ms shift); no booking hazard.,"{""rule_triggered"": ""FALSE_POSITIVE_GRACE_BAND"", ""delta_pct"": 37.17, ""delta_ms"": 5.13, ""plan_diff"": ""NONE - Query plan remains optimal index search"", ""index_impact"": ""OPTIMAL (no index drop)"", ""workload_effect"": ""Queue delay during PEAK workload"", ""recommendation"": ""Maintain baseline. No schema or query regression detected; transient queue latency.""}"
SYNTH-Q-004,Verify whether an appointment slot is already booked,verify_slot_booked,REL-107,v2.0.0,2026-08-26 02:28:00,18.86,13.8,25,1,9.44,2.07,b1ad58e1033f203f,b1ad58e1033f203f,0,idx_appt_doctor_date_time_status,OPTIMAL,7,CURRENT,PEAK,NONE,workload_increase,NORMAL,OK,Slight concurrency queueing without plan degradation.,Imperceptible patient UI latency (<50ms shift); no booking hazard.,"{""rule_triggered"": ""FALSE_POSITIVE_GRACE_BAND"", ""delta_pct"": 36.67, ""delta_ms"": 5.06, ""plan_diff"": ""NONE - Query plan remains optimal index search"", ""index_impact"": ""OPTIMAL (no index drop)"", ""workload_effect"": ""Queue delay during PEAK workload"", ""recommendation"": ""Maintain baseline. No schema or query regression detected; transient queue latency.""}"
SYNTH-Q-005,Search appointments,search_appointments,REL-107,v2.0.0,2026-08-25 08:08:00,37.86,28.5,350,24,20.87,6.37,e76181d244fee67c,e76181d244fee67c,0,idx_appt_patient_date,OPTIMAL,6,CURRENT,PEAK,NONE,workload_increase,NORMAL,OK,Slight concurrency queueing without plan degradation.,Imperceptible patient UI latency (<50ms shift); no booking hazard.,"{""rule_triggered"": ""FALSE_POSITIVE_GRACE_BAND"", ""delta_pct"": 32.84, ""delta_ms"": 9.36, ""plan_diff"": ""NONE - Query plan remains optimal index search"", ""index_impact"": ""OPTIMAL (no index drop)"", ""workload_effect"": ""Queue delay during PEAK workload"", ""recommendation"": ""Maintain baseline. No schema or query regression detected; transient queue latency.""}"
SYNTH-Q-005,Search appointments,search_appointments,REL-107,v2.0.0,2026-08-25 10:11:00,36.27,28.5,350,24,20.87,6.37,e76181d244fee67c,e76181d244fee67c,0,idx_appt_patient_date,OPTIMAL,6,CURRENT,PEAK,NONE,workload_increase,NORMAL,OK,Slight concurrency queueing without plan degradation.,Imperceptible patient UI latency (<50ms shift); no booking hazard.,"{""rule_triggered"": ""FALSE_POSITIVE_GRACE_BAND"", ""delta_pct"": 27.26, ""delta_ms"": 7.77, ""plan_diff"": ""NONE - Query plan remains optimal index search"", ""index_impact"": ""OPTIMAL (no index drop)"", ""workload_effect"": ""Queue delay during PEAK workload"", ""recommendation"": ""Maintain baseline. No schema or query regression detected; transient queue latency.""}"
SYNTH-Q-005,Search appointments,search_appointments,REL-107,v2.0.0,2026-08-25 12:36:00,36.7,28.5,350,24,21.04,6.32,e76181d244fee67c,e76181d244fee67c,0,idx_appt_patient_date,OPTIMAL,6,CURRENT,PEAK,NONE,workload_increase,NORMAL,OK,Slight concurrency queueing without plan degradation.,Imperceptible patient UI latency (<50ms shift); no booking hazard.,"{""rule_triggered"": ""FALSE_POSITIVE_GRACE_BAND"", ""delta_pct"": 28.77, ""delta_ms"": 8.2, ""plan_diff"": ""NONE - Query plan remains optimal index search"", ""index_impact"": ""OPTIMAL (no index drop)"", ""workload_effect"": ""Queue delay during PEAK workload"", ""recommendation"": ""Maintain baseline. No schema or query regression detected; transient queue latency.""}"
SYNTH-Q-005,Search appointments,search_appointments,REL-107,v2.0.0,2026-08-25 14:07:00,39.89,28.5,350,24,20.19,6.54,e76181d244fee67c,e76181d244fee67c,0,idx_appt_patient_date,OPTIMAL,10,CURRENT,PEAK,NONE,workload_increase,NORMAL,OK,Slight concurrency queueing without plan degradation.,Imperceptible patient UI latency (<50ms shift); no booking hazard.,"{""rule_triggered"": ""FALSE_POSITIVE_GRACE_BAND"", ""delta_pct"": 39.96, ""delta_ms"": 11.39, ""plan_diff"": ""NONE - Query plan remains optimal index search"", ""index_impact"": ""OPTIMAL (no index drop)"", ""workload_effect"": ""Queue delay during PEAK workload"", ""recommendation"": ""Maintain baseline. No schema or query regression detected; transient queue latency.""}"
SYNTH-Q-005,Search appointments,search_appointments,REL-107,v2.0.0,2026-08-25 16:01:00,35.85,28.5,350,24,21.01,6.57,e76181d244fee67c,e76181d244fee67c,0,idx_appt_patient_date,OPTIMAL,12,CURRENT,PEAK,NONE,workload_increase,NORMAL,OK,Slight concurrency queueing without plan degradation.,Imperceptible patient UI latency (<50ms shift); no booking hazard.,"{""rule_triggered"": ""FALSE_POSITIVE_GRACE_BAND"", ""delta_pct"": 25.79, ""delta_ms"": 7.35, ""plan_diff"": ""NONE - Query plan remains optimal index search"", ""index_impact"": ""OPTIMAL (no index drop)"", ""workload_effect"": ""Queue delay during PEAK workload"", ""recommendation"": ""Maintain baseline. No schema or query regression detected; transient queue latency.""}"
SYNTH-Q-005,Search appointments,search_appointments,REL-107,v2.0.0,2026-08-25 18:04:00,37.33,28.5,350,24,20.79,6.23,e76181d244fee67c,e76181d244fee67c,0,idx_appt_patient_date,OPTIMAL,11,CURRENT,PEAK,NONE,workload_increase,NORMAL,OK,Slight concurrency queueing without plan degradation.,Imperceptible patient UI latency (<50ms shift); no booking hazard.,"{""rule_triggered"": ""FALSE_POSITIVE_GRACE_BAND"", ""delta_pct"": 30.98, ""delta_ms"": 8.83, ""plan_diff"": ""NONE - Query plan remains optimal index search"", ""index_impact"": ""OPTIMAL (no index drop)"", ""workload_effect"": ""Queue delay during PEAK workload"", ""recommendation"": ""Maintain baseline. No schema or query regression detected; transient queue latency.""}"
SYNTH-Q-005,Search appointments,search_appointments,REL-107,v2.0.0,2026-08-25 20:42:00,36.94,28.5,350,24,20.45,6.35,e76181d244fee67c,e76181d244fee67c,0,idx_appt_patient_date,OPTIMAL,12,CURRENT,PEAK,NONE,workload_increase,NORMAL,OK,Slight concurrency queueing without plan degradation.,Imperceptible patient UI latency (<50ms shift); no booking hazard.,"{""rule_triggered"": ""FALSE_POSITIVE_GRACE_BAND"", ""delta_pct"": 29.61, ""delta_ms"": 8.44, ""plan_diff"": ""NONE - Query plan remains optimal index search"", ""index_impact"": ""OPTIMAL (no index drop)"", ""workload_effect"": ""Queue delay during PEAK workload"", ""recommendation"": ""Maintain baseline. No schema or query regression detected; transient queue latency.""}"
SYNTH-Q-005,Search appointments,search_appointments,REL-107,v2.0.0,2026-08-25 22:38:00,36.83,28.5,350,24,20.62,6.62,e76181d244fee67c,e76181d244fee67c,0,idx_appt_patient_date,OPTIMAL,10,CURRENT,PEAK,NONE,workload_increase,NORMAL,OK,Slight concurrency queueing without plan degradation.,Imperceptible patient UI latency (<50ms shift); no booking hazard.,"{""rule_triggered"": ""FALSE_POSITIVE_GRACE_BAND"", ""delta_pct"": 29.23, ""delta_ms"": 8.33, ""plan_diff"": ""NONE - Query plan remains optimal index search"", ""index_impact"": ""OPTIMAL (no index drop)"", ""workload_effect"": ""Queue delay during PEAK workload"", ""recommendation"": ""Maintain baseline. No schema or query regression detected; transient queue latency.""}"
SYNTH-Q-005,Search appointments,search_appointments,REL-107,v2.0.0,2026-08-26 00:44:00,34.96,28.5,350,24,21.24,6.5,e76181d244fee67c,e76181d244fee67c,0,idx_appt_patient_date,OPTIMAL,9,CURRENT,PEAK,NONE,workload_increase,NORMAL,OK,Slight concurrency queueing without plan degradation.,Imperceptible patient UI latency (<50ms shift); no booking hazard.,"{""rule_triggered"": ""FALSE_POSITIVE_GRACE_BAND"", ""delta_pct"": 22.67, ""delta_ms"": 6.46, ""plan_diff"": ""NONE - Query plan remains optimal index search"", ""index_impact"": ""OPTIMAL (no index drop)"", ""workload_effect"": ""Queue delay during PEAK workload"", ""recommendation"": ""Maintain baseline. No schema or query regression detected; transient queue latency.""}"
SYNTH-Q-005,Search appointments,search_appointments,REL-107,v2.0.0,2026-08-26 02:34:00,38.71,28.5,350,24,20.82,6.3,e76181d244fee67c,e76181d244fee67c,0,idx_appt_patient_date,OPTIMAL,2,CURRENT,PEAK,NONE,workload_increase,NORMAL,OK,Slight concurrency queueing without plan degradation.,Imperceptible patient UI latency (<50ms shift); no booking hazard.,"{""rule_triggered"": ""FALSE_POSITIVE_GRACE_BAND"", ""delta_pct"": 35.82, ""delta_ms"": 10.21, ""plan_diff"": ""NONE - Query plan remains optimal index search"", ""index_impact"": ""OPTIMAL (no index drop)"", ""workload_effect"": ""Queue delay during PEAK workload"", ""recommendation"": ""Maintain baseline. No schema or query regression detected; transient queue latency.""}"
SYNTH-Q-006,Update appointment status,update_appointment_status,REL-107,v2.0.0,2026-08-25 08:41:00,22.91,16.4,1,1,11.19,3.38,d54f2bccb838a972,d54f2bccb838a972,0,idx_appt_pk,OPTIMAL,10,CURRENT,PEAK,NONE,workload_increase,NORMAL,OK,Slight concurrency queueing without plan degradation.,Imperceptible patient UI latency (<50ms shift); no booking hazard.,"{""rule_triggered"": ""FALSE_POSITIVE_GRACE_BAND"", ""delta_pct"": 39.7, ""delta_ms"": 6.51, ""plan_diff"": ""NONE - Query plan remains optimal index search"", ""index_impact"": ""OPTIMAL (no index drop)"", ""workload_effect"": ""Queue delay during PEAK workload"", ""recommendation"": ""Maintain baseline. No schema or query regression detected; transient queue latency.""}"
SYNTH-Q-006,Update appointment status,update_appointment_status,REL-107,v2.0.0,2026-08-25 10:48:00,21.28,16.4,1,1,10.72,3.34,d54f2bccb838a972,d54f2bccb838a972,0,idx_appt_pk,OPTIMAL,13,CURRENT,PEAK,NONE,workload_increase,NORMAL,OK,Slight concurrency queueing without plan degradation.,Imperceptible patient UI latency (<50ms shift); no booking hazard.,"{""rule_triggered"": ""FALSE_POSITIVE_GRACE_BAND"", ""delta_pct"": 29.76, ""delta_ms"": 4.88, ""plan_diff"": ""NONE - Query plan remains optimal index search"", ""index_impact"": ""OPTIMAL (no index drop)"", ""workload_effect"": ""Queue delay during PEAK workload"", ""recommendation"": ""Maintain baseline. No schema or query regression detected; transient queue latency.""}"
SYNTH-Q-006,Update appointment status,update_appointment_status,REL-107,v2.0.0,2026-08-25 12:32:00,21.11,16.4,1,1,11.04,3.47,d54f2bccb838a972,d54f2bccb838a972,0,idx_appt_pk,OPTIMAL,8,CURRENT,PEAK,NONE,workload_increase,NORMAL,OK,Slight concurrency queueing without plan degradation.,Imperceptible patient UI latency (<50ms shift); no booking hazard.,"{""rule_triggered"": ""FALSE_POSITIVE_GRACE_BAND"", ""delta_pct"": 28.72, ""delta_ms"": 4.71, ""plan_diff"": ""NONE - Query plan remains optimal index search"", ""index_impact"": ""OPTIMAL (no index drop)"", ""workload_effect"": ""Queue delay during PEAK workload"", ""recommendation"": ""Maintain baseline. No schema or query regression detected; transient queue latency.""}"
SYNTH-Q-006,Update appointment status,update_appointment_status,REL-107,v2.0.0,2026-08-25 14:44:00,22.95,16.4,1,1,11.05,3.35,d54f2bccb838a972,d54f2bccb838a972,0,idx_appt_pk,OPTIMAL,6,CURRENT,PEAK,NONE,workload_increase,NORMAL,OK,Slight concurrency queueing without plan degradation.,Imperceptible patient UI latency (<50ms shift); no booking hazard.,"{""rule_triggered"": ""FALSE_POSITIVE_GRACE_BAND"", ""delta_pct"": 39.94, ""delta_ms"": 6.55, ""plan_diff"": ""NONE - Query plan remains optimal index search"", ""index_impact"": ""OPTIMAL (no index drop)"", ""workload_effect"": ""Queue delay during PEAK workload"", ""recommendation"": ""Maintain baseline. No schema or query regression detected; transient queue latency.""}"
SYNTH-Q-006,Update appointment status,update_appointment_status,REL-107,v2.0.0,2026-08-25 16:05:00,22.78,16.4,1,1,10.81,3.35,d54f2bccb838a972,d54f2bccb838a972,0,idx_appt_pk,OPTIMAL,14,CURRENT,PEAK,NONE,workload_increase,NORMAL,OK,Slight concurrency queueing without plan degradation.,Imperceptible patient UI latency (<50ms shift); no booking hazard.,"{""rule_triggered"": ""FALSE_POSITIVE_GRACE_BAND"", ""delta_pct"": 38.9, ""delta_ms"": 6.38, ""plan_diff"": ""NONE - Query plan remains optimal index search"", ""index_impact"": ""OPTIMAL (no index drop)"", ""workload_effect"": ""Queue delay during PEAK workload"", ""recommendation"": ""Maintain baseline. No schema or query regression detected; transient queue latency.""}"
SYNTH-Q-006,Update appointment status,update_appointment_status,REL-107,v2.0.0,2026-08-25 18:29:00,21.43,16.4,1,1,11.05,3.39,d54f2bccb838a972,d54f2bccb838a972,0,idx_appt_pk,OPTIMAL,9,CURRENT,PEAK,NONE,workload_increase,NORMAL,OK,Slight concurrency queueing without plan degradation.,Imperceptible patient UI latency (<50ms shift); no booking hazard.,"{""rule_triggered"": ""FALSE_POSITIVE_GRACE_BAND"", ""delta_pct"": 30.67, ""delta_ms"": 5.03, ""plan_diff"": ""NONE - Query plan remains optimal index search"", ""index_impact"": ""OPTIMAL (no index drop)"", ""workload_effect"": ""Queue delay during PEAK workload"", ""recommendation"": ""Maintain baseline. No schema or query regression detected; transient queue latency.""}"
SYNTH-Q-006,Update appointment status,update_appointment_status,REL-107,v2.0.0,2026-08-25 20:44:00,20.21,16.4,1,1,10.74,3.48,d54f2bccb838a972,d54f2bccb838a972,0,idx_appt_pk,OPTIMAL,6,CURRENT,PEAK,NONE,workload_increase,NORMAL,OK,Slight concurrency queueing without plan degradation.,Imperceptible patient UI latency (<50ms shift); no booking hazard.,"{""rule_triggered"": ""FALSE_POSITIVE_GRACE_BAND"", ""delta_pct"": 23.23, ""delta_ms"": 3.81, ""plan_diff"": ""NONE - Query plan remains optimal index search"", ""index_impact"": ""OPTIMAL (no index drop)"", ""workload_effect"": ""Queue delay during PEAK workload"", ""recommendation"": ""Maintain baseline. No schema or query regression detected; transient queue latency.""}"
SYNTH-Q-006,Update appointment status,update_appointment_status,REL-107,v2.0.0,2026-08-25 22:01:00,20.33,16.4,1,1,11.28,3.54,d54f2bccb838a972,d54f2bccb838a972,0,idx_appt_pk,OPTIMAL,11,CURRENT,PEAK,NONE,workload_increase,NORMAL,OK,Slight concurrency queueing without plan degradation.,Imperceptible patient UI latency (<50ms shift); no booking hazard.,"{""rule_triggered"": ""FALSE_POSITIVE_GRACE_BAND"", ""delta_pct"": 23.96, ""delta_ms"": 3.93, ""plan_diff"": ""NONE - Query plan remains optimal index search"", ""index_impact"": ""OPTIMAL (no index drop)"", ""workload_effect"": ""Queue delay during PEAK workload"", ""recommendation"": ""Maintain baseline. No schema or query regression detected; transient queue latency.""}"
SYNTH-Q-006,Update appointment status,update_appointment_status,REL-107,v2.0.0,2026-08-26 00:47:00,20.52,16.4,1,1,10.82,3.43,d54f2bccb838a972,d54f2bccb838a972,0,idx_appt_pk,OPTIMAL,9,CURRENT,PEAK,NONE,workload_increase,NORMAL,OK,Slight concurrency queueing without plan degradation.,Imperceptible patient UI latency (<50ms shift); no booking hazard.,"{""rule_triggered"": ""FALSE_POSITIVE_GRACE_BAND"", ""delta_pct"": 25.12, ""delta_ms"": 4.12, ""plan_diff"": ""NONE - Query plan remains optimal index search"", ""index_impact"": ""OPTIMAL (no index drop)"", ""workload_effect"": ""Queue delay during PEAK workload"", ""recommendation"": ""Maintain baseline. No schema or query regression detected; transient queue latency.""}"
SYNTH-Q-006,Update appointment status,update_appointment_status,REL-107,v2.0.0,2026-08-26 02:29:00,21.2,16.4,1,1,10.84,3.45,d54f2bccb838a972,d54f2bccb838a972,0,idx_appt_pk,OPTIMAL,13,CURRENT,PEAK,NONE,workload_increase,NORMAL,OK,Slight concurrency queueing without plan degradation.,Imperceptible patient UI latency (<50ms shift); no booking hazard.,"{""rule_triggered"": ""FALSE_POSITIVE_GRACE_BAND"", ""delta_pct"": 29.27, ""delta_ms"": 4.8, ""plan_diff"": ""NONE - Query plan remains optimal index search"", ""index_impact"": ""OPTIMAL (no index drop)"", ""workload_effect"": ""Queue delay during PEAK workload"", ""recommendation"": ""Maintain baseline. No schema or query regression detected; transient queue latency.""}"
SYNTH-Q-007,Cancel appointment,cancel_appointment,REL-107,v2.0.0,2026-08-25 08:27:00,20.43,15.1,1,1,10.56,3.18,d54f2bccb838a972,d54f2bccb838a972,0,idx_appt_pk,OPTIMAL,1,CURRENT,PEAK,NONE,workload_increase,NORMAL,OK,Slight concurrency queueing without plan degradation.,Imperceptible patient UI latency (<50ms shift); no booking hazard.,"{""rule_triggered"": ""FALSE_POSITIVE_GRACE_BAND"", ""delta_pct"": 35.3, ""delta_ms"": 5.33, ""plan_diff"": ""NONE - Query plan remains optimal index search"", ""index_impact"": ""OPTIMAL (no index drop)"", ""workload_effect"": ""Queue delay during PEAK workload"", ""recommendation"": ""Maintain baseline. No schema or query regression detected; transient queue latency.""}"
SYNTH-Q-007,Cancel appointment,cancel_appointment,REL-107,v2.0.0,2026-08-25 10:27:00,20.34,15.1,1,1,10.11,3.26,d54f2bccb838a972,d54f2bccb838a972,0,idx_appt_pk,OPTIMAL,1,CURRENT,PEAK,NONE,workload_increase,NORMAL,OK,Slight concurrency queueing without plan degradation.,Imperceptible patient UI latency (<50ms shift); no booking hazard.,"{""rule_triggered"": ""FALSE_POSITIVE_GRACE_BAND"", ""delta_pct"": 34.7, ""delta_ms"": 5.24, ""plan_diff"": ""NONE - Query plan remains optimal index search"", ""index_impact"": ""OPTIMAL (no index drop)"", ""workload_effect"": ""Queue delay during PEAK workload"", ""recommendation"": ""Maintain baseline. No schema or query regression detected; transient queue latency.""}"
SYNTH-Q-007,Cancel appointment,cancel_appointment,REL-107,v2.0.0,2026-08-25 12:50:00,18.7,15.1,1,1,10.55,3.1,d54f2bccb838a972,d54f2bccb838a972,0,idx_appt_pk,OPTIMAL,10,CURRENT,PEAK,NONE,workload_increase,NORMAL,OK,Slight concurrency queueing without plan degradation.,Imperceptible patient UI latency (<50ms shift); no booking hazard.,"{""rule_triggered"": ""FALSE_POSITIVE_GRACE_BAND"", ""delta_pct"": 23.84, ""delta_ms"": 3.6, ""plan_diff"": ""NONE - Query plan remains optimal index search"", ""index_impact"": ""OPTIMAL (no index drop)"", ""workload_effect"": ""Queue delay during PEAK workload"", ""recommendation"": ""Maintain baseline. No schema or query regression detected; transient queue latency.""}"
SYNTH-Q-007,Cancel appointment,cancel_appointment,REL-107,v2.0.0,2026-08-25 14:20:00,18.73,15.1,1,1,10.42,3.19,d54f2bccb838a972,d54f2bccb838a972,0,idx_appt_pk,OPTIMAL,8,CURRENT,PEAK,NONE,workload_increase,NORMAL,OK,Slight concurrency queueing without plan degradation.,Imperceptible patient UI latency (<50ms shift); no booking hazard.,"{""rule_triggered"": ""FALSE_POSITIVE_GRACE_BAND"", ""delta_pct"": 24.04, ""delta_ms"": 3.63, ""plan_diff"": ""NONE - Query plan remains optimal index search"", ""index_impact"": ""OPTIMAL (no index drop)"", ""workload_effect"": ""Queue delay during PEAK workload"", ""recommendation"": ""Maintain baseline. No schema or query regression detected; transient queue latency.""}"
SYNTH-Q-007,Cancel appointment,cancel_appointment,REL-107,v2.0.0,2026-08-25 16:40:00,19.48,15.1,1,1,10.24,3.08,d54f2bccb838a972,d54f2bccb838a972,0,idx_appt_pk,OPTIMAL,10,CURRENT,PEAK,NONE,workload_increase,NORMAL,OK,Slight concurrency queueing without plan degradation.,Imperceptible patient UI latency (<50ms shift); no booking hazard.,"{""rule_triggered"": ""FALSE_POSITIVE_GRACE_BAND"", ""delta_pct"": 29.01, ""delta_ms"": 4.38, ""plan_diff"": ""NONE - Query plan remains optimal index search"", ""index_impact"": ""OPTIMAL (no index drop)"", ""workload_effect"": ""Queue delay during PEAK workload"", ""recommendation"": ""Maintain baseline. No schema or query regression detected; transient queue latency.""}"
SYNTH-Q-007,Cancel appointment,cancel_appointment,REL-107,v2.0.0,2026-08-25 18:22:00,18.89,15.1,1,1,10.42,3.28,d54f2bccb838a972,d54f2bccb838a972,0,idx_appt_pk,OPTIMAL,10,CURRENT,PEAK,NONE,workload_increase,NORMAL,OK,Slight concurrency queueing without plan degradation.,Imperceptible patient UI latency (<50ms shift); no booking hazard.,"{""rule_triggered"": ""FALSE_POSITIVE_GRACE_BAND"", ""delta_pct"": 25.1, ""delta_ms"": 3.79, ""plan_diff"": ""NONE - Query plan remains optimal index search"", ""index_impact"": ""OPTIMAL (no index drop)"", ""workload_effect"": ""Queue delay during PEAK workload"", ""recommendation"": ""Maintain baseline. No schema or query regression detected; transient queue latency.""}"
SYNTH-Q-007,Cancel appointment,cancel_appointment,REL-107,v2.0.0,2026-08-25 20:39:00,18.79,15.1,1,1,10.05,3.13,d54f2bccb838a972,d54f2bccb838a972,0,idx_appt_pk,OPTIMAL,11,CURRENT,PEAK,NONE,workload_increase,NORMAL,OK,Slight concurrency queueing without plan degradation.,Imperceptible patient UI latency (<50ms shift); no booking hazard.,"{""rule_triggered"": ""FALSE_POSITIVE_GRACE_BAND"", ""delta_pct"": 24.44, ""delta_ms"": 3.69, ""plan_diff"": ""NONE - Query plan remains optimal index search"", ""index_impact"": ""OPTIMAL (no index drop)"", ""workload_effect"": ""Queue delay during PEAK workload"", ""recommendation"": ""Maintain baseline. No schema or query regression detected; transient queue latency.""}"
SYNTH-Q-007,Cancel appointment,cancel_appointment,REL-107,v2.0.0,2026-08-25 22:11:00,18.81,15.1,1,1,10.23,3.22,d54f2bccb838a972,d54f2bccb838a972,0,idx_appt_pk,OPTIMAL,12,CURRENT,PEAK,NONE,workload_increase,NORMAL,OK,Slight concurrency queueing without plan degradation.,Imperceptible patient UI latency (<50ms shift); no booking hazard.,"{""rule_triggered"": ""FALSE_POSITIVE_GRACE_BAND"", ""delta_pct"": 24.57, ""delta_ms"": 3.71, ""plan_diff"": ""NONE - Query plan remains optimal index search"", ""index_impact"": ""OPTIMAL (no index drop)"", ""workload_effect"": ""Queue delay during PEAK workload"", ""recommendation"": ""Maintain baseline. No schema or query regression detected; transient queue latency.""}"
SYNTH-Q-007,Cancel appointment,cancel_appointment,REL-107,v2.0.0,2026-08-26 00:36:00,18.93,15.1,1,1,10.4,3.25,d54f2bccb838a972,d54f2bccb838a972,0,idx_appt_pk,OPTIMAL,7,CURRENT,PEAK,NONE,workload_increase,NORMAL,OK,Slight concurrency queueing without plan degradation.,Imperceptible patient UI latency (<50ms shift); no booking hazard.,"{""rule_triggered"": ""FALSE_POSITIVE_GRACE_BAND"", ""delta_pct"": 25.36, ""delta_ms"": 3.83, ""plan_diff"": ""NONE - Query plan remains optimal index search"", ""index_impact"": ""OPTIMAL (no index drop)"", ""workload_effect"": ""Queue delay during PEAK workload"", ""recommendation"": ""Maintain baseline. No schema or query regression detected; transient queue latency.""}"
SYNTH-Q-007,Cancel appointment,cancel_appointment,REL-107,v2.0.0,2026-08-26 02:41:00,18.88,15.1,1,1,10.17,3.1,d54f2bccb838a972,d54f2bccb838a972,0,idx_appt_pk,OPTIMAL,9,CURRENT,PEAK,NONE,workload_increase,NORMAL,OK,Slight concurrency queueing without plan degradation.,Imperceptible patient UI latency (<50ms shift); no booking hazard.,"{""rule_triggered"": ""FALSE_POSITIVE_GRACE_BAND"", ""delta_pct"": 25.03, ""delta_ms"": 3.78, ""plan_diff"": ""NONE - Query plan remains optimal index search"", ""index_impact"": ""OPTIMAL (no index drop)"", ""workload_effect"": ""Queue delay during PEAK workload"", ""recommendation"": ""Maintain baseline. No schema or query regression detected; transient queue latency.""}"
SYNTH-Q-008,Retrieve doctor schedule,retrieve_doctor_schedule,REL-107,v2.0.0,2026-08-25 08:28:00,23.38,18.2,90,16,11.98,2.77,d92063c67a1d5b2c,d92063c67a1d5b2c,0,idx_appt_doctor_date,OPTIMAL,14,CURRENT,PEAK,NONE,workload_increase,NORMAL,OK,Slight concurrency queueing without plan degradation.,Imperceptible patient UI latency (<50ms shift); no booking hazard.,"{""rule_triggered"": ""FALSE_POSITIVE_GRACE_BAND"", ""delta_pct"": 28.46, ""delta_ms"": 5.18, ""plan_diff"": ""NONE - Query plan remains optimal index search"", ""index_impact"": ""OPTIMAL (no index drop)"", ""workload_effect"": ""Queue delay during PEAK workload"", ""recommendation"": ""Maintain baseline. No schema or query regression detected; transient queue latency.""}"
SYNTH-Q-008,Retrieve doctor schedule,retrieve_doctor_schedule,REL-107,v2.0.0,2026-08-25 10:24:00,24.45,18.2,90,16,12.3,2.95,d92063c67a1d5b2c,d92063c67a1d5b2c,0,idx_appt_doctor_date,OPTIMAL,7,CURRENT,PEAK,NONE,workload_increase,NORMAL,OK,Slight concurrency queueing without plan degradation.,Imperceptible patient UI latency (<50ms shift); no booking hazard.,"{""rule_triggered"": ""FALSE_POSITIVE_GRACE_BAND"", ""delta_pct"": 34.34, ""delta_ms"": 6.25, ""plan_diff"": ""NONE - Query plan remains optimal index search"", ""index_impact"": ""OPTIMAL (no index drop)"", ""workload_effect"": ""Queue delay during PEAK workload"", ""recommendation"": ""Maintain baseline. No schema or query regression detected; transient queue latency.""}"
SYNTH-Q-008,Retrieve doctor schedule,retrieve_doctor_schedule,REL-107,v2.0.0,2026-08-25 12:31:00,24.06,18.2,90,16,12.61,2.79,d92063c67a1d5b2c,d92063c67a1d5b2c,0,idx_appt_doctor_date,OPTIMAL,2,CURRENT,PEAK,NONE,workload_increase,NORMAL,OK,Slight concurrency queueing without plan degradation.,Imperceptible patient UI latency (<50ms shift); no booking hazard.,"{""rule_triggered"": ""FALSE_POSITIVE_GRACE_BAND"", ""delta_pct"": 32.2, ""delta_ms"": 5.86, ""plan_diff"": ""NONE - Query plan remains optimal index search"", ""index_impact"": ""OPTIMAL (no index drop)"", ""workload_effect"": ""Queue delay during PEAK workload"", ""recommendation"": ""Maintain baseline. No schema or query regression detected; transient queue latency.""}"
SYNTH-Q-008,Retrieve doctor schedule,retrieve_doctor_schedule,REL-107,v2.0.0,2026-08-25 14:02:00,23.97,18.2,90,16,12.1,2.85,d92063c67a1d5b2c,d92063c67a1d5b2c,0,idx_appt_doctor_date,OPTIMAL,4,CURRENT,PEAK,NONE,workload_increase,NORMAL,OK,Slight concurrency queueing without plan degradation.,Imperceptible patient UI latency (<50ms shift); no booking hazard.,"{""rule_triggered"": ""FALSE_POSITIVE_GRACE_BAND"", ""delta_pct"": 31.7, ""delta_ms"": 5.77, ""plan_diff"": ""NONE - Query plan remains optimal index search"", ""index_impact"": ""OPTIMAL (no index drop)"", ""workload_effect"": ""Queue delay during PEAK workload"", ""recommendation"": ""Maintain baseline. No schema or query regression detected; transient queue latency.""}"
SYNTH-Q-008,Retrieve doctor schedule,retrieve_doctor_schedule,REL-107,v2.0.0,2026-08-25 16:47:00,23.88,18.2,90,16,12.43,2.8,d92063c67a1d5b2c,d92063c67a1d5b2c,0,idx_appt_doctor_date,OPTIMAL,9,CURRENT,PEAK,NONE,workload_increase,NORMAL,OK,Slight concurrency queueing without plan degradation.,Imperceptible patient UI latency (<50ms shift); no booking hazard.,"{""rule_triggered"": ""FALSE_POSITIVE_GRACE_BAND"", ""delta_pct"": 31.21, ""delta_ms"": 5.68, ""plan_diff"": ""NONE - Query plan remains optimal index search"", ""index_impact"": ""OPTIMAL (no index drop)"", ""workload_effect"": ""Queue delay during PEAK workload"", ""recommendation"": ""Maintain baseline. No schema or query regression detected; transient queue latency.""}"
SYNTH-Q-008,Retrieve doctor schedule,retrieve_doctor_schedule,REL-107,v2.0.0,2026-08-25 18:34:00,24.9,18.2,90,16,12.0,2.92,d92063c67a1d5b2c,d92063c67a1d5b2c,0,idx_appt_doctor_date,OPTIMAL,9,CURRENT,PEAK,NONE,workload_increase,NORMAL,OK,Slight concurrency queueing without plan degradation.,Imperceptible patient UI latency (<50ms shift); no booking hazard.,"{""rule_triggered"": ""FALSE_POSITIVE_GRACE_BAND"", ""delta_pct"": 36.81, ""delta_ms"": 6.7, ""plan_diff"": ""NONE - Query plan remains optimal index search"", ""index_impact"": ""OPTIMAL (no index drop)"", ""workload_effect"": ""Queue delay during PEAK workload"", ""recommendation"": ""Maintain baseline. No schema or query regression detected; transient queue latency.""}"
SYNTH-Q-008,Retrieve doctor schedule,retrieve_doctor_schedule,REL-107,v2.0.0,2026-08-25 20:34:00,22.54,18.2,90,16,12.63,2.93,d92063c67a1d5b2c,d92063c67a1d5b2c,0,idx_appt_doctor_date,OPTIMAL,7,CURRENT,PEAK,NONE,workload_increase,NORMAL,OK,Slight concurrency queueing without plan degradation.,Imperceptible patient UI latency (<50ms shift); no booking hazard.,"{""rule_triggered"": ""FALSE_POSITIVE_GRACE_BAND"", ""delta_pct"": 23.85, ""delta_ms"": 4.34, ""plan_diff"": ""NONE - Query plan remains optimal index search"", ""index_impact"": ""OPTIMAL (no index drop)"", ""workload_effect"": ""Queue delay during PEAK workload"", ""recommendation"": ""Maintain baseline. No schema or query regression detected; transient queue latency.""}"
SYNTH-Q-008,Retrieve doctor schedule,retrieve_doctor_schedule,REL-107,v2.0.0,2026-08-25 22:19:00,23.06,18.2,90,16,12.66,2.75,d92063c67a1d5b2c,d92063c67a1d5b2c,0,idx_appt_doctor_date,OPTIMAL,8,CURRENT,PEAK,NONE,workload_increase,NORMAL,OK,Slight concurrency queueing without plan degradation.,Imperceptible patient UI latency (<50ms shift); no booking hazard.,"{""rule_triggered"": ""FALSE_POSITIVE_GRACE_BAND"", ""delta_pct"": 26.7, ""delta_ms"": 4.86, ""plan_diff"": ""NONE - Query plan remains optimal index search"", ""index_impact"": ""OPTIMAL (no index drop)"", ""workload_effect"": ""Queue delay during PEAK workload"", ""recommendation"": ""Maintain baseline. No schema or query regression detected; transient queue latency.""}"
SYNTH-Q-008,Retrieve doctor schedule,retrieve_doctor_schedule,REL-107,v2.0.0,2026-08-26 00:07:00,24.86,18.2,90,16,12.44,2.82,d92063c67a1d5b2c,d92063c67a1d5b2c,0,idx_appt_doctor_date,OPTIMAL,4,CURRENT,PEAK,NONE,workload_increase,NORMAL,OK,Slight concurrency queueing without plan degradation.,Imperceptible patient UI latency (<50ms shift); no booking hazard.,"{""rule_triggered"": ""FALSE_POSITIVE_GRACE_BAND"", ""delta_pct"": 36.59, ""delta_ms"": 6.66, ""plan_diff"": ""NONE - Query plan remains optimal index search"", ""index_impact"": ""OPTIMAL (no index drop)"", ""workload_effect"": ""Queue delay during PEAK workload"", ""recommendation"": ""Maintain baseline. No schema or query regression detected; transient queue latency.""}"
SYNTH-Q-008,Retrieve doctor schedule,retrieve_doctor_schedule,REL-107,v2.0.0,2026-08-26 02:45:00,24.22,18.2,90,16,12.6,2.94,d92063c67a1d5b2c,d92063c67a1d5b2c,0,idx_appt_doctor_date,OPTIMAL,3,CURRENT,PEAK,NONE,workload_increase,NORMAL,OK,Slight concurrency queueing without plan degradation.,Imperceptible patient UI latency (<50ms shift); no booking hazard.,"{""rule_triggered"": ""FALSE_POSITIVE_GRACE_BAND"", ""delta_pct"": 33.08, ""delta_ms"": 6.02, ""plan_diff"": ""NONE - Query plan remains optimal index search"", ""index_impact"": ""OPTIMAL (no index drop)"", ""workload_effect"": ""Queue delay during PEAK workload"", ""recommendation"": ""Maintain baseline. No schema or query regression detected; transient queue latency.""}"
SYNTH-Q-009,Retrieve department schedule,retrieve_department_schedule,REL-107,v2.0.0,2026-08-25 08:03:00,44.47,35.0,480,65,25.56,7.36,364020380f4bd7af,364020380f4bd7af,0,idx_appt_dept_date,OPTIMAL,9,CURRENT,PEAK,NONE,workload_increase,NORMAL,OK,Slight concurrency queueing without plan degradation.,Imperceptible patient UI latency (<50ms shift); no booking hazard.,"{""rule_triggered"": ""FALSE_POSITIVE_GRACE_BAND"", ""delta_pct"": 27.06, ""delta_ms"": 9.47, ""plan_diff"": ""NONE - Query plan remains optimal index search"", ""index_impact"": ""OPTIMAL (no index drop)"", ""workload_effect"": ""Queue delay during PEAK workload"", ""recommendation"": ""Maintain baseline. No schema or query regression detected; transient queue latency.""}"
SYNTH-Q-009,Retrieve department schedule,retrieve_department_schedule,REL-107,v2.0.0,2026-08-25 10:45:00,46.31,35.0,480,65,26.24,7.49,364020380f4bd7af,364020380f4bd7af,0,idx_appt_dept_date,OPTIMAL,5,CURRENT,PEAK,NONE,workload_increase,NORMAL,OK,Slight concurrency queueing without plan degradation.,Imperceptible patient UI latency (<50ms shift); no booking hazard.,"{""rule_triggered"": ""FALSE_POSITIVE_GRACE_BAND"", ""delta_pct"": 32.31, ""delta_ms"": 11.31, ""plan_diff"": ""NONE - Query plan remains optimal index search"", ""index_impact"": ""OPTIMAL (no index drop)"", ""workload_effect"": ""Queue delay during PEAK workload"", ""recommendation"": ""Maintain baseline. No schema or query regression detected; transient queue latency.""}"
SYNTH-Q-009,Retrieve department schedule,retrieve_department_schedule,REL-107,v2.0.0,2026-08-25 12:43:00,48.77,35.0,480,65,25.97,7.76,364020380f4bd7af,364020380f4bd7af,0,idx_appt_dept_date,OPTIMAL,3,CURRENT,PEAK,NONE,workload_increase,NORMAL,OK,Slight concurrency queueing without plan degradation.,Imperceptible patient UI latency (<50ms shift); no booking hazard.,"{""rule_triggered"": ""FALSE_POSITIVE_GRACE_BAND"", ""delta_pct"": 39.34, ""delta_ms"": 13.77, ""plan_diff"": ""NONE - Query plan remains optimal index search"", ""index_impact"": ""OPTIMAL (no index drop)"", ""workload_effect"": ""Queue delay during PEAK workload"", ""recommendation"": ""Maintain baseline. No schema or query regression detected; transient queue latency.""}"
SYNTH-Q-009,Retrieve department schedule,retrieve_department_schedule,REL-107,v2.0.0,2026-08-25 14:17:00,48.16,35.0,480,65,25.09,7.62,364020380f4bd7af,364020380f4bd7af,0,idx_appt_dept_date,OPTIMAL,12,CURRENT,PEAK,NONE,workload_increase,NORMAL,OK,Slight concurrency queueing without plan degradation.,Imperceptible patient UI latency (<50ms shift); no booking hazard.,"{""rule_triggered"": ""FALSE_POSITIVE_GRACE_BAND"", ""delta_pct"": 37.6, ""delta_ms"": 13.16, ""plan_diff"": ""NONE - Query plan remains optimal index search"", ""index_impact"": ""OPTIMAL (no index drop)"", ""workload_effect"": ""Queue delay during PEAK workload"", ""recommendation"": ""Maintain baseline. No schema or query regression detected; transient queue latency.""}"
SYNTH-Q-009,Retrieve department schedule,retrieve_department_schedule,REL-107,v2.0.0,2026-08-25 16:15:00,43.6,35.0,480,65,25.72,7.57,364020380f4bd7af,364020380f4bd7af,0,idx_appt_dept_date,OPTIMAL,8,CURRENT,PEAK,NONE,workload_increase,NORMAL,OK,Slight concurrency queueing without plan degradation.,Imperceptible patient UI latency (<50ms shift); no booking hazard.,"{""rule_triggered"": ""FALSE_POSITIVE_GRACE_BAND"", ""delta_pct"": 24.57, ""delta_ms"": 8.6, ""plan_diff"": ""NONE - Query plan remains optimal index search"", ""index_impact"": ""OPTIMAL (no index drop)"", ""workload_effect"": ""Queue delay during PEAK workload"", ""recommendation"": ""Maintain baseline. No schema or query regression detected; transient queue latency.""}"
SYNTH-Q-009,Retrieve department schedule,retrieve_department_schedule,REL-107,v2.0.0,2026-08-25 18:24:00,46.69,35.0,480,65,26.12,7.2,364020380f4bd7af,364020380f4bd7af,0,idx_appt_dept_date,OPTIMAL,2,CURRENT,PEAK,NONE,workload_increase,NORMAL,OK,Slight concurrency queueing without plan degradation.,Imperceptible patient UI latency (<50ms shift); no booking hazard.,"{""rule_triggered"": ""FALSE_POSITIVE_GRACE_BAND"", ""delta_pct"": 33.4, ""delta_ms"": 11.69, ""plan_diff"": ""NONE - Query plan remains optimal index search"", ""index_impact"": ""OPTIMAL (no index drop)"", ""workload_effect"": ""Queue delay during PEAK workload"", ""recommendation"": ""Maintain baseline. No schema or query regression detected; transient queue latency.""}"
SYNTH-Q-009,Retrieve department schedule,retrieve_department_schedule,REL-107,v2.0.0,2026-08-25 20:32:00,48.6,35.0,480,65,25.28,7.79,364020380f4bd7af,364020380f4bd7af,0,idx_appt_dept_date,OPTIMAL,12,CURRENT,PEAK,NONE,workload_increase,NORMAL,OK,Slight concurrency queueing without plan degradation.,Imperceptible patient UI latency (<50ms shift); no booking hazard.,"{""rule_triggered"": ""FALSE_POSITIVE_GRACE_BAND"", ""delta_pct"": 38.86, ""delta_ms"": 13.6, ""plan_diff"": ""NONE - Query plan remains optimal index search"", ""index_impact"": ""OPTIMAL (no index drop)"", ""workload_effect"": ""Queue delay during PEAK workload"", ""recommendation"": ""Maintain baseline. No schema or query regression detected; transient queue latency.""}"
SYNTH-Q-009,Retrieve department schedule,retrieve_department_schedule,REL-107,v2.0.0,2026-08-25 22:20:00,47.58,35.0,480,65,25.88,7.64,364020380f4bd7af,364020380f4bd7af,0,idx_appt_dept_date,OPTIMAL,14,CURRENT,PEAK,NONE,workload_increase,NORMAL,OK,Slight concurrency queueing without plan degradation.,Imperceptible patient UI latency (<50ms shift); no booking hazard.,"{""rule_triggered"": ""FALSE_POSITIVE_GRACE_BAND"", ""delta_pct"": 35.94, ""delta_ms"": 12.58, ""plan_diff"": ""NONE - Query plan remains optimal index search"", ""index_impact"": ""OPTIMAL (no index drop)"", ""workload_effect"": ""Queue delay during PEAK workload"", ""recommendation"": ""Maintain baseline. No schema or query regression detected; transient queue latency.""}"
SYNTH-Q-009,Retrieve department schedule,retrieve_department_schedule,REL-107,v2.0.0,2026-08-26 00:29:00,43.1,35.0,480,65,25.55,7.29,364020380f4bd7af,364020380f4bd7af,0,idx_appt_dept_date,OPTIMAL,14,CURRENT,PEAK,NONE,workload_increase,NORMAL,OK,Slight concurrency queueing without plan degradation.,Imperceptible patient UI latency (<50ms shift); no booking hazard.,"{""rule_triggered"": ""FALSE_POSITIVE_GRACE_BAND"", ""delta_pct"": 23.14, ""delta_ms"": 8.1, ""plan_diff"": ""NONE - Query plan remains optimal index search"", ""index_impact"": ""OPTIMAL (no index drop)"", ""workload_effect"": ""Queue delay during PEAK workload"", ""recommendation"": ""Maintain baseline. No schema or query regression detected; transient queue latency.""}"
SYNTH-Q-009,Retrieve department schedule,retrieve_department_schedule,REL-107,v2.0.0,2026-08-26 02:27:00,44.39,35.0,480,65,26.04,7.37,364020380f4bd7af,364020380f4bd7af,0,idx_appt_dept_date,OPTIMAL,8,CURRENT,PEAK,NONE,workload_increase,NORMAL,OK,Slight concurrency queueing without plan degradation.,Imperceptible patient UI latency (<50ms shift); no booking hazard.,"{""rule_triggered"": ""FALSE_POSITIVE_GRACE_BAND"", ""delta_pct"": 26.83, ""delta_ms"": 9.39, ""plan_diff"": ""NONE - Query plan remains optimal index search"", ""index_impact"": ""OPTIMAL (no index drop)"", ""workload_effect"": ""Queue delay during PEAK workload"", ""recommendation"": ""Maintain baseline. No schema or query regression detected; transient queue latency.""}"
SYNTH-Q-001,Find available appointment slots,find_available_slots,REL-108,v2.1.0,2026-08-26 08:36:00,15.63,14.5,120,18,9.92,2.26,62c759822b393c31,62c759822b393c31,0,idx_appt_dept_date_status,OPTIMAL,10,CURRENT,NORMAL,NONE,bad_query_plan,NORMAL,OK,System performance within acceptable noise band.,Normal patient scheduling experience with zero delay.,"{""rule_triggered"": ""WITHIN_NOISE_BAND"", ""delta_pct"": 7.79, ""delta_ms"": 1.13, ""plan_diff"": ""NONE"", ""index_impact"": ""OPTIMAL"", ""recommendation"": ""Performance within normal operational variance.""}"
SYNTH-Q-001,Find available appointment slots,find_available_slots,REL-108,v2.1.0,2026-08-26 10:50:00,15.43,14.5,120,18,9.79,2.24,62c759822b393c31,62c759822b393c31,0,idx_appt_dept_date_status,OPTIMAL,11,CURRENT,NORMAL,NONE,bad_query_plan,NORMAL,OK,System performance within acceptable noise band.,Normal patient scheduling experience with zero delay.,"{""rule_triggered"": ""WITHIN_NOISE_BAND"", ""delta_pct"": 6.41, ""delta_ms"": 0.93, ""plan_diff"": ""NONE"", ""index_impact"": ""OPTIMAL"", ""recommendation"": ""Performance within normal operational variance.""}"
SYNTH-Q-001,Find available appointment slots,find_available_slots,REL-108,v2.1.0,2026-08-26 12:02:00,15.48,14.5,120,18,9.82,2.24,62c759822b393c31,62c759822b393c31,0,idx_appt_dept_date_status,OPTIMAL,11,CURRENT,LOW,NONE,bad_query_plan,NORMAL,OK,System performance within acceptable noise band.,Normal patient scheduling experience with zero delay.,"{""rule_triggered"": ""WITHIN_NOISE_BAND"", ""delta_pct"": 6.76, ""delta_ms"": 0.98, ""plan_diff"": ""NONE"", ""index_impact"": ""OPTIMAL"", ""recommendation"": ""Performance within normal operational variance.""}"
SYNTH-Q-001,Find available appointment slots,find_available_slots,REL-108,v2.1.0,2026-08-26 14:29:00,15.8,14.5,120,18,10.02,2.29,62c759822b393c31,62c759822b393c31,0,idx_appt_dept_date_status,OPTIMAL,2,CURRENT,LOW,NONE,bad_query_plan,NORMAL,OK,System performance within acceptable noise band.,Normal patient scheduling experience with zero delay.,"{""rule_triggered"": ""WITHIN_NOISE_BAND"", ""delta_pct"": 8.97, ""delta_ms"": 1.3, ""plan_diff"": ""NONE"", ""index_impact"": ""OPTIMAL"", ""recommendation"": ""Performance within normal operational variance.""}"
SYNTH-Q-001,Find available appointment slots,find_available_slots,REL-108,v2.1.0,2026-08-26 16:10:00,13.78,14.5,120,18,8.74,2.0,62c759822b393c31,62c759822b393c31,0,idx_appt_dept_date_status,OPTIMAL,8,CURRENT,HIGH,NONE,bad_query_plan,NORMAL,OK,Slight concurrency queueing without plan degradation.,Imperceptible patient UI latency (<50ms shift); no booking hazard.,"{""rule_triggered"": ""FALSE_POSITIVE_GRACE_BAND"", ""delta_pct"": -4.97, ""delta_ms"": -0.72, ""plan_diff"": ""NONE - Query plan remains optimal index search"", ""index_impact"": ""OPTIMAL (no index drop)"", ""workload_effect"": ""Queue delay during HIGH workload"", ""recommendation"": ""Maintain baseline. No schema or query regression detected; transient queue latency.""}"
SYNTH-Q-001,Find available appointment slots,find_available_slots,REL-108,v2.1.0,2026-08-26 18:27:00,15.75,14.5,120,18,9.99,2.28,62c759822b393c31,62c759822b393c31,0,idx_appt_dept_date_status,OPTIMAL,12,CURRENT,NORMAL,NONE,bad_query_plan,NORMAL,OK,System performance within acceptable noise band.,Normal patient scheduling experience with zero delay.,"{""rule_triggered"": ""WITHIN_NOISE_BAND"", ""delta_pct"": 8.62, ""delta_ms"": 1.25, ""plan_diff"": ""NONE"", ""index_impact"": ""OPTIMAL"", ""recommendation"": ""Performance within normal operational variance.""}"
SYNTH-Q-001,Find available appointment slots,find_available_slots,REL-108,v2.1.0,2026-08-26 20:41:00,15.68,14.5,120,18,9.95,2.27,62c759822b393c31,62c759822b393c31,0,idx_appt_dept_date_status,OPTIMAL,3,CURRENT,NORMAL,NONE,bad_query_plan,NORMAL,OK,System performance within acceptable noise band.,Normal patient scheduling experience with zero delay.,"{""rule_triggered"": ""WITHIN_NOISE_BAND"", ""delta_pct"": 8.14, ""delta_ms"": 1.18, ""plan_diff"": ""NONE"", ""index_impact"": ""OPTIMAL"", ""recommendation"": ""Performance within normal operational variance.""}"
SYNTH-Q-001,Find available appointment slots,find_available_slots,REL-108,v2.1.0,2026-08-26 22:17:00,14.56,14.5,120,18,9.24,2.11,62c759822b393c31,62c759822b393c31,0,idx_appt_dept_date_status,OPTIMAL,11,CURRENT,LOW,NONE,bad_query_plan,NORMAL,OK,System performance within acceptable noise band.,Normal patient scheduling experience with zero delay.,"{""rule_triggered"": ""WITHIN_NOISE_BAND"", ""delta_pct"": 0.41, ""delta_ms"": 0.06, ""plan_diff"": ""NONE"", ""index_impact"": ""OPTIMAL"", ""recommendation"": ""Performance within normal operational variance.""}"
SYNTH-Q-001,Find available appointment slots,find_available_slots,REL-108,v2.1.0,2026-08-27 00:05:00,15.74,14.5,120,18,9.99,2.28,62c759822b393c31,62c759822b393c31,0,idx_appt_dept_date_status,OPTIMAL,11,CURRENT,NORMAL,NONE,bad_query_plan,NORMAL,OK,System performance within acceptable noise band.,Normal patient scheduling experience with zero delay.,"{""rule_triggered"": ""WITHIN_NOISE_BAND"", ""delta_pct"": 8.55, ""delta_ms"": 1.24, ""plan_diff"": ""NONE"", ""index_impact"": ""OPTIMAL"", ""recommendation"": ""Performance within normal operational variance.""}"
SYNTH-Q-001,Find available appointment slots,find_available_slots,REL-108,v2.1.0,2026-08-27 02:10:00,15.14,14.5,120,18,9.6,2.19,62c759822b393c31,62c759822b393c31,0,idx_appt_dept_date_status,OPTIMAL,7,CURRENT,LOW,NONE,bad_query_plan,NORMAL,OK,System performance within acceptable noise band.,Normal patient scheduling experience with zero delay.,"{""rule_triggered"": ""WITHIN_NOISE_BAND"", ""delta_pct"": 4.41, ""delta_ms"": 0.64, ""plan_diff"": ""NONE"", ""index_impact"": ""OPTIMAL"", ""recommendation"": ""Performance within normal operational variance.""}"
SYNTH-Q-002,Check doctor availability,check_doctor_availability,REL-108,v2.1.0,2026-08-26 08:46:00,11.74,11.2,45,8,7.34,1.47,d92063c67a1d5b2c,d92063c67a1d5b2c,0,idx_appt_doctor_date,OPTIMAL,7,CURRENT,NORMAL,NONE,bad_query_plan,NORMAL,OK,System performance within acceptable noise band.,Normal patient scheduling experience with zero delay.,"{""rule_triggered"": ""WITHIN_NOISE_BAND"", ""delta_pct"": 4.82, ""delta_ms"": 0.54, ""plan_diff"": ""NONE"", ""index_impact"": ""OPTIMAL"", ""recommendation"": ""Performance within normal operational variance.""}"
SYNTH-Q-002,Check doctor availability,check_doctor_availability,REL-108,v2.1.0,2026-08-26 10:45:00,11.0,11.2,45,8,6.87,1.37,d92063c67a1d5b2c,d92063c67a1d5b2c,0,idx_appt_doctor_date,OPTIMAL,1,CURRENT,LOW,NONE,bad_query_plan,NORMAL,OK,System performance within acceptable noise band.,Normal patient scheduling experience with zero delay.,"{""rule_triggered"": ""WITHIN_NOISE_BAND"", ""delta_pct"": -1.79, ""delta_ms"": -0.2, ""plan_diff"": ""NONE"", ""index_impact"": ""OPTIMAL"", ""recommendation"": ""Performance within normal operational variance.""}"
SYNTH-Q-002,Check doctor availability,check_doctor_availability,REL-108,v2.1.0,2026-08-26 12:04:00,11.02,11.2,45,8,6.89,1.38,d92063c67a1d5b2c,d92063c67a1d5b2c,0,idx_appt_doctor_date,OPTIMAL,10,CURRENT,NORMAL,NONE,bad_query_plan,NORMAL,OK,System performance within acceptable noise band.,Normal patient scheduling experience with zero delay.,"{""rule_triggered"": ""WITHIN_NOISE_BAND"", ""delta_pct"": -1.61, ""delta_ms"": -0.18, ""plan_diff"": ""NONE"", ""index_impact"": ""OPTIMAL"", ""recommendation"": ""Performance within normal operational variance.""}"
SYNTH-Q-002,Check doctor availability,check_doctor_availability,REL-108,v2.1.0,2026-08-26 14:43:00,10.65,11.2,45,8,6.66,1.33,d92063c67a1d5b2c,d92063c67a1d5b2c,0,idx_appt_doctor_date,OPTIMAL,1,CURRENT,HIGH,NONE,bad_query_plan,NORMAL,OK,Slight concurrency queueing without plan degradation.,Imperceptible patient UI latency (<50ms shift); no booking hazard.,"{""rule_triggered"": ""FALSE_POSITIVE_GRACE_BAND"", ""delta_pct"": -4.91, ""delta_ms"": -0.55, ""plan_diff"": ""NONE - Query plan remains optimal index search"", ""index_impact"": ""OPTIMAL (no index drop)"", ""workload_effect"": ""Queue delay during HIGH workload"", ""recommendation"": ""Maintain baseline. No schema or query regression detected; transient queue latency.""}"
SYNTH-Q-002,Check doctor availability,check_doctor_availability,REL-108,v2.1.0,2026-08-26 16:21:00,11.35,11.2,45,8,7.09,1.42,d92063c67a1d5b2c,d92063c67a1d5b2c,0,idx_appt_doctor_date,OPTIMAL,14,CURRENT,LOW,NONE,bad_query_plan,NORMAL,OK,System performance within acceptable noise band.,Normal patient scheduling experience with zero delay.,"{""rule_triggered"": ""WITHIN_NOISE_BAND"", ""delta_pct"": 1.34, ""delta_ms"": 0.15, ""plan_diff"": ""NONE"", ""index_impact"": ""OPTIMAL"", ""recommendation"": ""Performance within normal operational variance.""}"
SYNTH-Q-002,Check doctor availability,check_doctor_availability,REL-108,v2.1.0,2026-08-26 18:08:00,11.02,11.2,45,8,6.89,1.38,d92063c67a1d5b2c,d92063c67a1d5b2c,0,idx_appt_doctor_date,OPTIMAL,2,CURRENT,HIGH,NONE,bad_query_plan,NORMAL,OK,Slight concurrency queueing without plan degradation.,Imperceptible patient UI latency (<50ms shift); no booking hazard.,"{""rule_triggered"": ""FALSE_POSITIVE_GRACE_BAND"", ""delta_pct"": -1.61, ""delta_ms"": -0.18, ""plan_diff"": ""NONE - Query plan remains optimal index search"", ""index_impact"": ""OPTIMAL (no index drop)"", ""workload_effect"": ""Queue delay during HIGH workload"", ""recommendation"": ""Maintain baseline. No schema or query regression detected; transient queue latency.""}"
SYNTH-Q-002,Check doctor availability,check_doctor_availability,REL-108,v2.1.0,2026-08-26 20:05:00,11.17,11.2,45,8,6.98,1.4,d92063c67a1d5b2c,d92063c67a1d5b2c,0,idx_appt_doctor_date,OPTIMAL,2,CURRENT,LOW,NONE,bad_query_plan,NORMAL,OK,System performance within acceptable noise band.,Normal patient scheduling experience with zero delay.,"{""rule_triggered"": ""WITHIN_NOISE_BAND"", ""delta_pct"": -0.27, ""delta_ms"": -0.03, ""plan_diff"": ""NONE"", ""index_impact"": ""OPTIMAL"", ""recommendation"": ""Performance within normal operational variance.""}"
SYNTH-Q-002,Check doctor availability,check_doctor_availability,REL-108,v2.1.0,2026-08-26 22:19:00,11.94,11.2,45,8,7.46,1.49,d92063c67a1d5b2c,d92063c67a1d5b2c,0,idx_appt_doctor_date,OPTIMAL,7,CURRENT,NORMAL,NONE,bad_query_plan,NORMAL,OK,System performance within acceptable noise band.,Normal patient scheduling experience with zero delay.,"{""rule_triggered"": ""WITHIN_NOISE_BAND"", ""delta_pct"": 6.61, ""delta_ms"": 0.74, ""plan_diff"": ""NONE"", ""index_impact"": ""OPTIMAL"", ""recommendation"": ""Performance within normal operational variance.""}"
SYNTH-Q-002,Check doctor availability,check_doctor_availability,REL-108,v2.1.0,2026-08-27 00:48:00,12.31,11.2,45,8,7.69,1.54,d92063c67a1d5b2c,d92063c67a1d5b2c,0,idx_appt_doctor_date,OPTIMAL,11,CURRENT,NORMAL,NONE,bad_query_plan,NORMAL,OK,System performance within acceptable noise band.,Normal patient scheduling experience with zero delay.,"{""rule_triggered"": ""WITHIN_NOISE_BAND"", ""delta_pct"": 9.91, ""delta_ms"": 1.11, ""plan_diff"": ""NONE"", ""index_impact"": ""OPTIMAL"", ""recommendation"": ""Performance within normal operational variance.""}"
SYNTH-Q-002,Check doctor availability,check_doctor_availability,REL-108,v2.1.0,2026-08-27 02:09:00,11.59,11.2,45,8,7.24,1.45,d92063c67a1d5b2c,d92063c67a1d5b2c,0,idx_appt_doctor_date,OPTIMAL,9,CURRENT,LOW,NONE,bad_query_plan,NORMAL,OK,System performance within acceptable noise band.,Normal patient scheduling experience with zero delay.,"{""rule_triggered"": ""WITHIN_NOISE_BAND"", ""delta_pct"": 3.48, ""delta_ms"": 0.39, ""plan_diff"": ""NONE"", ""index_impact"": ""OPTIMAL"", ""recommendation"": ""Performance within normal operational variance.""}"
SYNTH-Q-003,Create appointment,create_appointment,REL-108,v2.1.0,2026-08-26 08:39:00,22.06,22.0,15,1,14.54,4.21,6334b72f6d2d33d6,6334b72f6d2d33d6,0,idx_appt_doctor_date_time,OPTIMAL,8,CURRENT,NORMAL,NONE,bad_query_plan,NORMAL,OK,System performance within acceptable noise band.,Normal patient scheduling experience with zero delay.,"{""rule_triggered"": ""WITHIN_NOISE_BAND"", ""delta_pct"": 0.27, ""delta_ms"": 0.06, ""plan_diff"": ""NONE"", ""index_impact"": ""OPTIMAL"", ""recommendation"": ""Performance within normal operational variance.""}"
SYNTH-Q-003,Create appointment,create_appointment,REL-108,v2.1.0,2026-08-26 10:13:00,22.93,22.0,15,1,15.11,4.38,6334b72f6d2d33d6,6334b72f6d2d33d6,0,idx_appt_doctor_date_time,OPTIMAL,7,CURRENT,NORMAL,NONE,bad_query_plan,NORMAL,OK,System performance within acceptable noise band.,Normal patient scheduling experience with zero delay.,"{""rule_triggered"": ""WITHIN_NOISE_BAND"", ""delta_pct"": 4.23, ""delta_ms"": 0.93, ""plan_diff"": ""NONE"", ""index_impact"": ""OPTIMAL"", ""recommendation"": ""Performance within normal operational variance.""}"
SYNTH-Q-003,Create appointment,create_appointment,REL-108,v2.1.0,2026-08-26 12:28:00,23.86,22.0,15,1,15.73,4.55,6334b72f6d2d33d6,6334b72f6d2d33d6,0,idx_appt_doctor_date_time,OPTIMAL,2,CURRENT,NORMAL,NONE,bad_query_plan,NORMAL,OK,System performance within acceptable noise band.,Normal patient scheduling experience with zero delay.,"{""rule_triggered"": ""WITHIN_NOISE_BAND"", ""delta_pct"": 8.45, ""delta_ms"": 1.86, ""plan_diff"": ""NONE"", ""index_impact"": ""OPTIMAL"", ""recommendation"": ""Performance within normal operational variance.""}"
SYNTH-Q-003,Create appointment,create_appointment,REL-108,v2.1.0,2026-08-26 14:08:00,23.31,22.0,15,1,15.36,4.45,6334b72f6d2d33d6,6334b72f6d2d33d6,0,idx_appt_doctor_date_time,OPTIMAL,10,CURRENT,LOW,NONE,bad_query_plan,NORMAL,OK,System performance within acceptable noise band.,Normal patient scheduling experience with zero delay.,"{""rule_triggered"": ""WITHIN_NOISE_BAND"", ""delta_pct"": 5.95, ""delta_ms"": 1.31, ""plan_diff"": ""NONE"", ""index_impact"": ""OPTIMAL"", ""recommendation"": ""Performance within normal operational variance.""}"
SYNTH-Q-003,Create appointment,create_appointment,REL-108,v2.1.0,2026-08-26 16:22:00,23.51,22.0,15,1,15.5,4.49,6334b72f6d2d33d6,6334b72f6d2d33d6,0,idx_appt_doctor_date_time,OPTIMAL,6,CURRENT,HIGH,NONE,bad_query_plan,NORMAL,OK,Slight concurrency queueing without plan degradation.,Imperceptible patient UI latency (<50ms shift); no booking hazard.,"{""rule_triggered"": ""FALSE_POSITIVE_GRACE_BAND"", ""delta_pct"": 6.86, ""delta_ms"": 1.51, ""plan_diff"": ""NONE - Query plan remains optimal index search"", ""index_impact"": ""OPTIMAL (no index drop)"", ""workload_effect"": ""Queue delay during HIGH workload"", ""recommendation"": ""Maintain baseline. No schema or query regression detected; transient queue latency.""}"
SYNTH-Q-003,Create appointment,create_appointment,REL-108,v2.1.0,2026-08-26 18:15:00,21.18,22.0,15,1,13.96,4.04,6334b72f6d2d33d6,6334b72f6d2d33d6,0,idx_appt_doctor_date_time,OPTIMAL,11,CURRENT,NORMAL,NONE,bad_query_plan,NORMAL,OK,System performance within acceptable noise band.,Normal patient scheduling experience with zero delay.,"{""rule_triggered"": ""WITHIN_NOISE_BAND"", ""delta_pct"": -3.73, ""delta_ms"": -0.82, ""plan_diff"": ""NONE"", ""index_impact"": ""OPTIMAL"", ""recommendation"": ""Performance within normal operational variance.""}"
SYNTH-Q-003,Create appointment,create_appointment,REL-108,v2.1.0,2026-08-26 20:35:00,24.01,22.0,15,1,15.82,4.58,6334b72f6d2d33d6,6334b72f6d2d33d6,0,idx_appt_doctor_date_time,OPTIMAL,13,CURRENT,NORMAL,NONE,bad_query_plan,NORMAL,OK,System performance within acceptable noise band.,Normal patient scheduling experience with zero delay.,"{""rule_triggered"": ""WITHIN_NOISE_BAND"", ""delta_pct"": 9.14, ""delta_ms"": 2.01, ""plan_diff"": ""NONE"", ""index_impact"": ""OPTIMAL"", ""recommendation"": ""Performance within normal operational variance.""}"
SYNTH-Q-003,Create appointment,create_appointment,REL-108,v2.1.0,2026-08-26 22:01:00,22.61,22.0,15,1,14.9,4.32,6334b72f6d2d33d6,6334b72f6d2d33d6,0,idx_appt_doctor_date_time,OPTIMAL,4,CURRENT,NORMAL,NONE,bad_query_plan,NORMAL,OK,System performance within acceptable noise band.,Normal patient scheduling experience with zero delay.,"{""rule_triggered"": ""WITHIN_NOISE_BAND"", ""delta_pct"": 2.77, ""delta_ms"": 0.61, ""plan_diff"": ""NONE"", ""index_impact"": ""OPTIMAL"", ""recommendation"": ""Performance within normal operational variance.""}"
SYNTH-Q-003,Create appointment,create_appointment,REL-108,v2.1.0,2026-08-27 00:32:00,22.19,22.0,15,1,14.63,4.24,6334b72f6d2d33d6,6334b72f6d2d33d6,0,idx_appt_doctor_date_time,OPTIMAL,12,CURRENT,NORMAL,NONE,bad_query_plan,NORMAL,OK,System performance within acceptable noise band.,Normal patient scheduling experience with zero delay.,"{""rule_triggered"": ""WITHIN_NOISE_BAND"", ""delta_pct"": 0.86, ""delta_ms"": 0.19, ""plan_diff"": ""NONE"", ""index_impact"": ""OPTIMAL"", ""recommendation"": ""Performance within normal operational variance.""}"
SYNTH-Q-003,Create appointment,create_appointment,REL-108,v2.1.0,2026-08-27 02:41:00,23.86,22.0,15,1,15.73,4.56,6334b72f6d2d33d6,6334b72f6d2d33d6,0,idx_appt_doctor_date_time,OPTIMAL,13,CURRENT,LOW,NONE,bad_query_plan,NORMAL,OK,System performance within acceptable noise band.,Normal patient scheduling experience with zero delay.,"{""rule_triggered"": ""WITHIN_NOISE_BAND"", ""delta_pct"": 8.45, ""delta_ms"": 1.86, ""plan_diff"": ""NONE"", ""index_impact"": ""OPTIMAL"", ""recommendation"": ""Performance within normal operational variance.""}"
SYNTH-Q-004,Verify whether an appointment slot is already booked,verify_slot_booked,REL-108,v2.1.0,2026-08-26 08:15:00,54.52,13.8,29192,1,33.58,14.22,ddd8b9b7d73aac40,b1ad58e1033f203f,1,idx_appt_doctor_date_time_status,UNUSED,7,CURRENT,HIGH,NONE,bad_query_plan,CRITICAL_REGRESSION,CRITICAL,"Severe database CPU exhaustion, lock contention, and full table scans.",CRITICAL DOUBLE-BOOKING HAZARD: Slot check latency creates concurrent race window where two patients book same slot.,"{""rule_triggered"": ""TIME_CRITICAL_PLAN_SCAN_REGRESSION"", ""delta_pct"": 295.07, ""delta_ms"": 40.72, ""plan_diff"": ""Index search converted to full table SCAN or Cartesian product"", ""index_impact"": ""Index status: UNUSED"", ""double_booking_risk"": ""HIGH"", ""recommendation"": ""BLOCK RELEASE. Immediately restore dropped/missing index or revert bad query plan.""}"
SYNTH-Q-004,Verify whether an appointment slot is already booked,verify_slot_booked,REL-108,v2.1.0,2026-08-26 10:40:00,97.36,13.8,25198,1,59.97,25.4,ddd8b9b7d73aac40,b1ad58e1033f203f,1,idx_appt_doctor_date_time_status,UNUSED,9,CURRENT,LOW,NONE,bad_query_plan,CRITICAL_REGRESSION,CRITICAL,"Severe database CPU exhaustion, lock contention, and full table scans.",CRITICAL DOUBLE-BOOKING HAZARD: Slot check latency creates concurrent race window where two patients book same slot.,"{""rule_triggered"": ""TIME_CRITICAL_PLAN_SCAN_REGRESSION"", ""delta_pct"": 605.51, ""delta_ms"": 83.56, ""plan_diff"": ""Index search converted to full table SCAN or Cartesian product"", ""index_impact"": ""Index status: UNUSED"", ""double_booking_risk"": ""HIGH"", ""recommendation"": ""BLOCK RELEASE. Immediately restore dropped/missing index or revert bad query plan.""}"
SYNTH-Q-004,Verify whether an appointment slot is already booked,verify_slot_booked,REL-108,v2.1.0,2026-08-26 12:23:00,69.65,13.8,29756,1,42.9,18.17,ddd8b9b7d73aac40,b1ad58e1033f203f,1,idx_appt_doctor_date_time_status,UNUSED,3,CURRENT,NORMAL,NONE,bad_query_plan,CRITICAL_REGRESSION,CRITICAL,"Severe database CPU exhaustion, lock contention, and full table scans.",CRITICAL DOUBLE-BOOKING HAZARD: Slot check latency creates concurrent race window where two patients book same slot.,"{""rule_triggered"": ""TIME_CRITICAL_PLAN_SCAN_REGRESSION"", ""delta_pct"": 404.71, ""delta_ms"": 55.85, ""plan_diff"": ""Index search converted to full table SCAN or Cartesian product"", ""index_impact"": ""Index status: UNUSED"", ""double_booking_risk"": ""HIGH"", ""recommendation"": ""BLOCK RELEASE. Immediately restore dropped/missing index or revert bad query plan.""}"
SYNTH-Q-004,Verify whether an appointment slot is already booked,verify_slot_booked,REL-108,v2.1.0,2026-08-26 14:26:00,86.0,13.8,28958,1,52.97,22.43,ddd8b9b7d73aac40,b1ad58e1033f203f,1,idx_appt_doctor_date_time_status,UNUSED,9,CURRENT,NORMAL,NONE,bad_query_plan,CRITICAL_REGRESSION,CRITICAL,"Severe database CPU exhaustion, lock contention, and full table scans.",CRITICAL DOUBLE-BOOKING HAZARD: Slot check latency creates concurrent race window where two patients book same slot.,"{""rule_triggered"": ""TIME_CRITICAL_PLAN_SCAN_REGRESSION"", ""delta_pct"": 523.19, ""delta_ms"": 72.2, ""plan_diff"": ""Index search converted to full table SCAN or Cartesian product"", ""index_impact"": ""Index status: UNUSED"", ""double_booking_risk"": ""HIGH"", ""recommendation"": ""BLOCK RELEASE. Immediately restore dropped/missing index or revert bad query plan.""}"
SYNTH-Q-004,Verify whether an appointment slot is already booked,verify_slot_booked,REL-108,v2.1.0,2026-08-26 16:49:00,80.72,13.8,25212,1,49.72,21.06,ddd8b9b7d73aac40,b1ad58e1033f203f,1,idx_appt_doctor_date_time_status,UNUSED,1,CURRENT,LOW,NONE,bad_query_plan,CRITICAL_REGRESSION,CRITICAL,"Severe database CPU exhaustion, lock contention, and full table scans.",CRITICAL DOUBLE-BOOKING HAZARD: Slot check latency creates concurrent race window where two patients book same slot.,"{""rule_triggered"": ""TIME_CRITICAL_PLAN_SCAN_REGRESSION"", ""delta_pct"": 484.93, ""delta_ms"": 66.92, ""plan_diff"": ""Index search converted to full table SCAN or Cartesian product"", ""index_impact"": ""Index status: UNUSED"", ""double_booking_risk"": ""HIGH"", ""recommendation"": ""BLOCK RELEASE. Immediately restore dropped/missing index or revert bad query plan.""}"
SYNTH-Q-004,Verify whether an appointment slot is already booked,verify_slot_booked,REL-108,v2.1.0,2026-08-26 18:16:00,99.23,13.8,28360,1,61.12,25.89,ddd8b9b7d73aac40,b1ad58e1033f203f,1,idx_appt_doctor_date_time_status,UNUSED,1,CURRENT,NORMAL,NONE,bad_query_plan,CRITICAL_REGRESSION,CRITICAL,"Severe database CPU exhaustion, lock contention, and full table scans.",CRITICAL DOUBLE-BOOKING HAZARD: Slot check latency creates concurrent race window where two patients book same slot.,"{""rule_triggered"": ""TIME_CRITICAL_PLAN_SCAN_REGRESSION"", ""delta_pct"": 619.06, ""delta_ms"": 85.43, ""plan_diff"": ""Index search converted to full table SCAN or Cartesian product"", ""index_impact"": ""Index status: UNUSED"", ""double_booking_risk"": ""HIGH"", ""recommendation"": ""BLOCK RELEASE. Immediately restore dropped/missing index or revert bad query plan.""}"
SYNTH-Q-004,Verify whether an appointment slot is already booked,verify_slot_booked,REL-108,v2.1.0,2026-08-26 20:32:00,87.64,13.8,28503,1,53.98,22.86,ddd8b9b7d73aac40,b1ad58e1033f203f,1,idx_appt_doctor_date_time_status,UNUSED,11,CURRENT,NORMAL,NONE,bad_query_plan,CRITICAL_REGRESSION,CRITICAL,"Severe database CPU exhaustion, lock contention, and full table scans.",CRITICAL DOUBLE-BOOKING HAZARD: Slot check latency creates concurrent race window where two patients book same slot.,"{""rule_triggered"": ""TIME_CRITICAL_PLAN_SCAN_REGRESSION"", ""delta_pct"": 535.07, ""delta_ms"": 73.84, ""plan_diff"": ""Index search converted to full table SCAN or Cartesian product"", ""index_impact"": ""Index status: UNUSED"", ""double_booking_risk"": ""HIGH"", ""recommendation"": ""BLOCK RELEASE. Immediately restore dropped/missing index or revert bad query plan.""}"
SYNTH-Q-004,Verify whether an appointment slot is already booked,verify_slot_booked,REL-108,v2.1.0,2026-08-26 22:27:00,83.66,13.8,29504,1,51.53,21.82,ddd8b9b7d73aac40,b1ad58e1033f203f,1,idx_appt_doctor_date_time_status,UNUSED,2,CURRENT,HIGH,NONE,bad_query_plan,CRITICAL_REGRESSION,CRITICAL,"Severe database CPU exhaustion, lock contention, and full table scans.",CRITICAL DOUBLE-BOOKING HAZARD: Slot check latency creates concurrent race window where two patients book same slot.,"{""rule_triggered"": ""TIME_CRITICAL_PLAN_SCAN_REGRESSION"", ""delta_pct"": 506.23, ""delta_ms"": 69.86, ""plan_diff"": ""Index search converted to full table SCAN or Cartesian product"", ""index_impact"": ""Index status: UNUSED"", ""double_booking_risk"": ""HIGH"", ""recommendation"": ""BLOCK RELEASE. Immediately restore dropped/missing index or revert bad query plan.""}"
SYNTH-Q-004,Verify whether an appointment slot is already booked,verify_slot_booked,REL-108,v2.1.0,2026-08-27 00:39:00,52.91,13.8,25747,1,32.59,13.8,ddd8b9b7d73aac40,b1ad58e1033f203f,1,idx_appt_doctor_date_time_status,UNUSED,5,CURRENT,NORMAL,NONE,bad_query_plan,CRITICAL_REGRESSION,CRITICAL,"Severe database CPU exhaustion, lock contention, and full table scans.",CRITICAL DOUBLE-BOOKING HAZARD: Slot check latency creates concurrent race window where two patients book same slot.,"{""rule_triggered"": ""TIME_CRITICAL_PLAN_SCAN_REGRESSION"", ""delta_pct"": 283.41, ""delta_ms"": 39.11, ""plan_diff"": ""Index search converted to full table SCAN or Cartesian product"", ""index_impact"": ""Index status: UNUSED"", ""double_booking_risk"": ""HIGH"", ""recommendation"": ""BLOCK RELEASE. Immediately restore dropped/missing index or revert bad query plan.""}"
SYNTH-Q-004,Verify whether an appointment slot is already booked,verify_slot_booked,REL-108,v2.1.0,2026-08-27 02:32:00,56.88,13.8,27776,1,35.03,14.84,ddd8b9b7d73aac40,b1ad58e1033f203f,1,idx_appt_doctor_date_time_status,UNUSED,13,CURRENT,NORMAL,NONE,bad_query_plan,CRITICAL_REGRESSION,CRITICAL,"Severe database CPU exhaustion, lock contention, and full table scans.",CRITICAL DOUBLE-BOOKING HAZARD: Slot check latency creates concurrent race window where two patients book same slot.,"{""rule_triggered"": ""TIME_CRITICAL_PLAN_SCAN_REGRESSION"", ""delta_pct"": 312.17, ""delta_ms"": 43.08, ""plan_diff"": ""Index search converted to full table SCAN or Cartesian product"", ""index_impact"": ""Index status: UNUSED"", ""double_booking_risk"": ""HIGH"", ""recommendation"": ""BLOCK RELEASE. Immediately restore dropped/missing index or revert bad query plan.""}"
SYNTH-Q-005,Search appointments,search_appointments,REL-108,v2.1.0,2026-08-26 08:25:00,179.4,28.5,27054,24,119.6,73.02,ddd8b9b7d73aac40,e76181d244fee67c,1,idx_appt_patient_date,UNUSED,5,CURRENT,LOW,NONE,bad_query_plan,CRITICAL_REGRESSION,CRITICAL,"Severe database CPU exhaustion, lock contention, and full table scans.",Patient booking portal timeout; department schedule unavailable.,"{""rule_triggered"": ""TIME_CRITICAL_PLAN_SCAN_REGRESSION"", ""delta_pct"": 529.47, ""delta_ms"": 150.9, ""plan_diff"": ""Index search converted to full table SCAN or Cartesian product"", ""index_impact"": ""Index status: UNUSED"", ""double_booking_risk"": ""LOW"", ""recommendation"": ""BLOCK RELEASE. Immediately restore dropped/missing index or revert bad query plan.""}"
SYNTH-Q-005,Search appointments,search_appointments,REL-108,v2.1.0,2026-08-26 10:03:00,205.16,28.5,26050,24,136.77,83.5,ddd8b9b7d73aac40,e76181d244fee67c,1,idx_appt_patient_date,UNUSED,2,CURRENT,NORMAL,NONE,bad_query_plan,CRITICAL_REGRESSION,CRITICAL,"Severe database CPU exhaustion, lock contention, and full table scans.",Patient booking portal timeout; department schedule unavailable.,"{""rule_triggered"": ""TIME_CRITICAL_PLAN_SCAN_REGRESSION"", ""delta_pct"": 619.86, ""delta_ms"": 176.66, ""plan_diff"": ""Index search converted to full table SCAN or Cartesian product"", ""index_impact"": ""Index status: UNUSED"", ""double_booking_risk"": ""LOW"", ""recommendation"": ""BLOCK RELEASE. Immediately restore dropped/missing index or revert bad query plan.""}"
SYNTH-Q-005,Search appointments,search_appointments,REL-108,v2.1.0,2026-08-26 12:29:00,175.68,28.5,26538,24,117.12,71.51,ddd8b9b7d73aac40,e76181d244fee67c,1,idx_appt_patient_date,UNUSED,5,CURRENT,LOW,NONE,bad_query_plan,CRITICAL_REGRESSION,CRITICAL,"Severe database CPU exhaustion, lock contention, and full table scans.",Patient booking portal timeout; department schedule unavailable.,"{""rule_triggered"": ""TIME_CRITICAL_PLAN_SCAN_REGRESSION"", ""delta_pct"": 516.42, ""delta_ms"": 147.18, ""plan_diff"": ""Index search converted to full table SCAN or Cartesian product"", ""index_impact"": ""Index status: UNUSED"", ""double_booking_risk"": ""LOW"", ""recommendation"": ""BLOCK RELEASE. Immediately restore dropped/missing index or revert bad query plan.""}"
SYNTH-Q-005,Search appointments,search_appointments,REL-108,v2.1.0,2026-08-26 14:07:00,115.39,28.5,25192,24,76.93,46.97,ddd8b9b7d73aac40,e76181d244fee67c,1,idx_appt_patient_date,UNUSED,12,CURRENT,LOW,NONE,bad_query_plan,CRITICAL_REGRESSION,CRITICAL,"Severe database CPU exhaustion, lock contention, and full table scans.",Patient booking portal timeout; department schedule unavailable.,"{""rule_triggered"": ""TIME_CRITICAL_PLAN_SCAN_REGRESSION"", ""delta_pct"": 304.88, ""delta_ms"": 86.89, ""plan_diff"": ""Index search converted to full table SCAN or Cartesian product"", ""index_impact"": ""Index status: UNUSED"", ""double_booking_risk"": ""LOW"", ""recommendation"": ""BLOCK RELEASE. Immediately restore dropped/missing index or revert bad query plan.""}"
SYNTH-Q-005,Search appointments,search_appointments,REL-108,v2.1.0,2026-08-26 16:10:00,159.37,28.5,27223,24,106.25,64.87,ddd8b9b7d73aac40,e76181d244fee67c,1,idx_appt_patient_date,UNUSED,6,CURRENT,HIGH,NONE,bad_query_plan,CRITICAL_REGRESSION,CRITICAL,"Severe database CPU exhaustion, lock contention, and full table scans.",Patient booking portal timeout; department schedule unavailable.,"{""rule_triggered"": ""TIME_CRITICAL_PLAN_SCAN_REGRESSION"", ""delta_pct"": 459.19, ""delta_ms"": 130.87, ""plan_diff"": ""Index search converted to full table SCAN or Cartesian product"", ""index_impact"": ""Index status: UNUSED"", ""double_booking_risk"": ""LOW"", ""recommendation"": ""BLOCK RELEASE. Immediately restore dropped/missing index or revert bad query plan.""}"
SYNTH-Q-005,Search appointments,search_appointments,REL-108,v2.1.0,2026-08-26 18:10:00,185.22,28.5,27301,24,123.48,75.39,ddd8b9b7d73aac40,e76181d244fee67c,1,idx_appt_patient_date,UNUSED,3,CURRENT,NORMAL,NONE,bad_query_plan,CRITICAL_REGRESSION,CRITICAL,"Severe database CPU exhaustion, lock contention, and full table scans.",Patient booking portal timeout; department schedule unavailable.,"{""rule_triggered"": ""TIME_CRITICAL_PLAN_SCAN_REGRESSION"", ""delta_pct"": 549.89, ""delta_ms"": 156.72, ""plan_diff"": ""Index search converted to full table SCAN or Cartesian product"", ""index_impact"": ""Index status: UNUSED"", ""double_booking_risk"": ""LOW"", ""recommendation"": ""BLOCK RELEASE. Immediately restore dropped/missing index or revert bad query plan.""}"
SYNTH-Q-005,Search appointments,search_appointments,REL-108,v2.1.0,2026-08-26 20:46:00,202.34,28.5,27844,24,134.89,82.36,ddd8b9b7d73aac40,e76181d244fee67c,1,idx_appt_patient_date,UNUSED,13,CURRENT,LOW,NONE,bad_query_plan,CRITICAL_REGRESSION,CRITICAL,"Severe database CPU exhaustion, lock contention, and full table scans.",Patient booking portal timeout; department schedule unavailable.,"{""rule_triggered"": ""TIME_CRITICAL_PLAN_SCAN_REGRESSION"", ""delta_pct"": 609.96, ""delta_ms"": 173.84, ""plan_diff"": ""Index search converted to full table SCAN or Cartesian product"", ""index_impact"": ""Index status: UNUSED"", ""double_booking_risk"": ""LOW"", ""recommendation"": ""BLOCK RELEASE. Immediately restore dropped/missing index or revert bad query plan.""}"
SYNTH-Q-005,Search appointments,search_appointments,REL-108,v2.1.0,2026-08-26 22:27:00,107.03,28.5,29823,24,71.35,43.56,ddd8b9b7d73aac40,e76181d244fee67c,1,idx_appt_patient_date,UNUSED,9,CURRENT,NORMAL,NONE,bad_query_plan,CRITICAL_REGRESSION,CRITICAL,"Severe database CPU exhaustion, lock contention, and full table scans.",Patient booking portal timeout; department schedule unavailable.,"{""rule_triggered"": ""TIME_CRITICAL_PLAN_SCAN_REGRESSION"", ""delta_pct"": 275.54, ""delta_ms"": 78.53, ""plan_diff"": ""Index search converted to full table SCAN or Cartesian product"", ""index_impact"": ""Index status: UNUSED"", ""double_booking_risk"": ""LOW"", ""recommendation"": ""BLOCK RELEASE. Immediately restore dropped/missing index or revert bad query plan.""}"
SYNTH-Q-005,Search appointments,search_appointments,REL-108,v2.1.0,2026-08-27 00:40:00,151.64,28.5,28050,24,101.1,61.72,ddd8b9b7d73aac40,e76181d244fee67c,1,idx_appt_patient_date,UNUSED,8,CURRENT,LOW,NONE,bad_query_plan,CRITICAL_REGRESSION,CRITICAL,"Severe database CPU exhaustion, lock contention, and full table scans.",Patient booking portal timeout; department schedule unavailable.,"{""rule_triggered"": ""TIME_CRITICAL_PLAN_SCAN_REGRESSION"", ""delta_pct"": 432.07, ""delta_ms"": 123.14, ""plan_diff"": ""Index search converted to full table SCAN or Cartesian product"", ""index_impact"": ""Index status: UNUSED"", ""double_booking_risk"": ""LOW"", ""recommendation"": ""BLOCK RELEASE. Immediately restore dropped/missing index or revert bad query plan.""}"
SYNTH-Q-005,Search appointments,search_appointments,REL-108,v2.1.0,2026-08-27 02:03:00,164.38,28.5,28112,24,109.58,66.9,ddd8b9b7d73aac40,e76181d244fee67c,1,idx_appt_patient_date,UNUSED,14,CURRENT,HIGH,NONE,bad_query_plan,CRITICAL_REGRESSION,CRITICAL,"Severe database CPU exhaustion, lock contention, and full table scans.",Patient booking portal timeout; department schedule unavailable.,"{""rule_triggered"": ""TIME_CRITICAL_PLAN_SCAN_REGRESSION"", ""delta_pct"": 476.77, ""delta_ms"": 135.88, ""plan_diff"": ""Index search converted to full table SCAN or Cartesian product"", ""index_impact"": ""Index status: UNUSED"", ""double_booking_risk"": ""LOW"", ""recommendation"": ""BLOCK RELEASE. Immediately restore dropped/missing index or revert bad query plan.""}"
SYNTH-Q-006,Update appointment status,update_appointment_status,REL-108,v2.1.0,2026-08-26 08:10:00,15.83,16.4,1,1,9.85,2.99,d54f2bccb838a972,d54f2bccb838a972,0,idx_appt_pk,OPTIMAL,13,CURRENT,NORMAL,NONE,bad_query_plan,NORMAL,OK,System performance within acceptable noise band.,Normal patient scheduling experience with zero delay.,"{""rule_triggered"": ""WITHIN_NOISE_BAND"", ""delta_pct"": -3.48, ""delta_ms"": -0.57, ""plan_diff"": ""NONE"", ""index_impact"": ""OPTIMAL"", ""recommendation"": ""Performance within normal operational variance.""}"
SYNTH-Q-006,Update appointment status,update_appointment_status,REL-108,v2.1.0,2026-08-26 10:36:00,17.4,16.4,1,1,10.82,3.29,d54f2bccb838a972,d54f2bccb838a972,0,idx_appt_pk,OPTIMAL,4,CURRENT,LOW,NONE,bad_query_plan,NORMAL,OK,System performance within acceptable noise band.,Normal patient scheduling experience with zero delay.,"{""rule_triggered"": ""WITHIN_NOISE_BAND"", ""delta_pct"": 6.1, ""delta_ms"": 1.0, ""plan_diff"": ""NONE"", ""index_impact"": ""OPTIMAL"", ""recommendation"": ""Performance within normal operational variance.""}"
SYNTH-Q-006,Update appointment status,update_appointment_status,REL-108,v2.1.0,2026-08-26 12:00:00,17.7,16.4,1,1,11.01,3.35,d54f2bccb838a972,d54f2bccb838a972,0,idx_appt_pk,OPTIMAL,14,CURRENT,LOW,NONE,bad_query_plan,NORMAL,OK,System performance within acceptable noise band.,Normal patient scheduling experience with zero delay.,"{""rule_triggered"": ""WITHIN_NOISE_BAND"", ""delta_pct"": 7.93, ""delta_ms"": 1.3, ""plan_diff"": ""NONE"", ""index_impact"": ""OPTIMAL"", ""recommendation"": ""Performance within normal operational variance.""}"
SYNTH-Q-006,Update appointment status,update_appointment_status,REL-108,v2.1.0,2026-08-26 14:15:00,16.48,16.4,1,1,10.25,3.11,d54f2bccb838a972,d54f2bccb838a972,0,idx_appt_pk,OPTIMAL,8,CURRENT,LOW,NONE,bad_query_plan,NORMAL,OK,System performance within acceptable noise band.,Normal patient scheduling experience with zero delay.,"{""rule_triggered"": ""WITHIN_NOISE_BAND"", ""delta_pct"": 0.49, ""delta_ms"": 0.08, ""plan_diff"": ""NONE"", ""index_impact"": ""OPTIMAL"", ""recommendation"": ""Performance within normal operational variance.""}"
SYNTH-Q-006,Update appointment status,update_appointment_status,REL-108,v2.1.0,2026-08-26 16:09:00,15.67,16.4,1,1,9.74,2.96,d54f2bccb838a972,d54f2bccb838a972,0,idx_appt_pk,OPTIMAL,14,CURRENT,NORMAL,NONE,bad_query_plan,NORMAL,OK,System performance within acceptable noise band.,Normal patient scheduling experience with zero delay.,"{""rule_triggered"": ""WITHIN_NOISE_BAND"", ""delta_pct"": -4.45, ""delta_ms"": -0.73, ""plan_diff"": ""NONE"", ""index_impact"": ""OPTIMAL"", ""recommendation"": ""Performance within normal operational variance.""}"
SYNTH-Q-006,Update appointment status,update_appointment_status,REL-108,v2.1.0,2026-08-26 18:45:00,16.37,16.4,1,1,10.18,3.09,d54f2bccb838a972,d54f2bccb838a972,0,idx_appt_pk,OPTIMAL,4,CURRENT,HIGH,NONE,bad_query_plan,NORMAL,OK,Slight concurrency queueing without plan degradation.,Imperceptible patient UI latency (<50ms shift); no booking hazard.,"{""rule_triggered"": ""FALSE_POSITIVE_GRACE_BAND"", ""delta_pct"": -0.18, ""delta_ms"": -0.03, ""plan_diff"": ""NONE - Query plan remains optimal index search"", ""index_impact"": ""OPTIMAL (no index drop)"", ""workload_effect"": ""Queue delay during HIGH workload"", ""recommendation"": ""Maintain baseline. No schema or query regression detected; transient queue latency.""}"
SYNTH-Q-006,Update appointment status,update_appointment_status,REL-108,v2.1.0,2026-08-26 20:26:00,17.61,16.4,1,1,10.95,3.33,d54f2bccb838a972,d54f2bccb838a972,0,idx_appt_pk,OPTIMAL,5,CURRENT,NORMAL,NONE,bad_query_plan,NORMAL,OK,System performance within acceptable noise band.,Normal patient scheduling experience with zero delay.,"{""rule_triggered"": ""WITHIN_NOISE_BAND"", ""delta_pct"": 7.38, ""delta_ms"": 1.21, ""plan_diff"": ""NONE"", ""index_impact"": ""OPTIMAL"", ""recommendation"": ""Performance within normal operational variance.""}"
SYNTH-Q-006,Update appointment status,update_appointment_status,REL-108,v2.1.0,2026-08-26 22:36:00,16.82,16.4,1,1,10.46,3.18,d54f2bccb838a972,d54f2bccb838a972,0,idx_appt_pk,OPTIMAL,2,CURRENT,NORMAL,NONE,bad_query_plan,NORMAL,OK,System performance within acceptable noise band.,Normal patient scheduling experience with zero delay.,"{""rule_triggered"": ""WITHIN_NOISE_BAND"", ""delta_pct"": 2.56, ""delta_ms"": 0.42, ""plan_diff"": ""NONE"", ""index_impact"": ""OPTIMAL"", ""recommendation"": ""Performance within normal operational variance.""}"
SYNTH-Q-006,Update appointment status,update_appointment_status,REL-108,v2.1.0,2026-08-27 00:03:00,17.56,16.4,1,1,10.92,3.32,d54f2bccb838a972,d54f2bccb838a972,0,idx_appt_pk,OPTIMAL,4,CURRENT,NORMAL,NONE,bad_query_plan,NORMAL,OK,System performance within acceptable noise band.,Normal patient scheduling experience with zero delay.,"{""rule_triggered"": ""WITHIN_NOISE_BAND"", ""delta_pct"": 7.07, ""delta_ms"": 1.16, ""plan_diff"": ""NONE"", ""index_impact"": ""OPTIMAL"", ""recommendation"": ""Performance within normal operational variance.""}"
SYNTH-Q-006,Update appointment status,update_appointment_status,REL-108,v2.1.0,2026-08-27 02:02:00,17.74,16.4,1,1,11.03,3.35,d54f2bccb838a972,d54f2bccb838a972,0,idx_appt_pk,OPTIMAL,2,CURRENT,HIGH,NONE,bad_query_plan,NORMAL,OK,Slight concurrency queueing without plan degradation.,Imperceptible patient UI latency (<50ms shift); no booking hazard.,"{""rule_triggered"": ""FALSE_POSITIVE_GRACE_BAND"", ""delta_pct"": 8.17, ""delta_ms"": 1.34, ""plan_diff"": ""NONE - Query plan remains optimal index search"", ""index_impact"": ""OPTIMAL (no index drop)"", ""workload_effect"": ""Queue delay during HIGH workload"", ""recommendation"": ""Maintain baseline. No schema or query regression detected; transient queue latency.""}"
SYNTH-Q-007,Cancel appointment,cancel_appointment,REL-108,v2.1.0,2026-08-26 08:18:00,14.54,15.1,1,1,9.15,2.79,d54f2bccb838a972,d54f2bccb838a972,0,idx_appt_pk,OPTIMAL,6,CURRENT,NORMAL,NONE,bad_query_plan,NORMAL,OK,System performance within acceptable noise band.,Normal patient scheduling experience with zero delay.,"{""rule_triggered"": ""WITHIN_NOISE_BAND"", ""delta_pct"": -3.71, ""delta_ms"": -0.56, ""plan_diff"": ""NONE"", ""index_impact"": ""OPTIMAL"", ""recommendation"": ""Performance within normal operational variance.""}"
SYNTH-Q-007,Cancel appointment,cancel_appointment,REL-108,v2.1.0,2026-08-26 10:29:00,14.8,15.1,1,1,9.31,2.84,d54f2bccb838a972,d54f2bccb838a972,0,idx_appt_pk,OPTIMAL,6,CURRENT,LOW,NONE,bad_query_plan,NORMAL,OK,System performance within acceptable noise band.,Normal patient scheduling experience with zero delay.,"{""rule_triggered"": ""WITHIN_NOISE_BAND"", ""delta_pct"": -1.99, ""delta_ms"": -0.3, ""plan_diff"": ""NONE"", ""index_impact"": ""OPTIMAL"", ""recommendation"": ""Performance within normal operational variance.""}"
SYNTH-Q-007,Cancel appointment,cancel_appointment,REL-108,v2.1.0,2026-08-26 12:36:00,15.76,15.1,1,1,9.91,3.03,d54f2bccb838a972,d54f2bccb838a972,0,idx_appt_pk,OPTIMAL,12,CURRENT,NORMAL,NONE,bad_query_plan,NORMAL,OK,System performance within acceptable noise band.,Normal patient scheduling experience with zero delay.,"{""rule_triggered"": ""WITHIN_NOISE_BAND"", ""delta_pct"": 4.37, ""delta_ms"": 0.66, ""plan_diff"": ""NONE"", ""index_impact"": ""OPTIMAL"", ""recommendation"": ""Performance within normal operational variance.""}"
SYNTH-Q-007,Cancel appointment,cancel_appointment,REL-108,v2.1.0,2026-08-26 14:29:00,16.55,15.1,1,1,10.41,3.18,d54f2bccb838a972,d54f2bccb838a972,0,idx_appt_pk,OPTIMAL,10,CURRENT,NORMAL,NONE,bad_query_plan,NORMAL,OK,System performance within acceptable noise band.,Normal patient scheduling experience with zero delay.,"{""rule_triggered"": ""WITHIN_NOISE_BAND"", ""delta_pct"": 9.6, ""delta_ms"": 1.45, ""plan_diff"": ""NONE"", ""index_impact"": ""OPTIMAL"", ""recommendation"": ""Performance within normal operational variance.""}"
SYNTH-Q-007,Cancel appointment,cancel_appointment,REL-108,v2.1.0,2026-08-26 16:49:00,16.38,15.1,1,1,10.31,3.15,d54f2bccb838a972,d54f2bccb838a972,0,idx_appt_pk,OPTIMAL,12,CURRENT,NORMAL,NONE,bad_query_plan,NORMAL,OK,System performance within acceptable noise band.,Normal patient scheduling experience with zero delay.,"{""rule_triggered"": ""WITHIN_NOISE_BAND"", ""delta_pct"": 8.48, ""delta_ms"": 1.28, ""plan_diff"": ""NONE"", ""index_impact"": ""OPTIMAL"", ""recommendation"": ""Performance within normal operational variance.""}"
SYNTH-Q-007,Cancel appointment,cancel_appointment,REL-108,v2.1.0,2026-08-26 18:48:00,14.36,15.1,1,1,9.03,2.76,d54f2bccb838a972,d54f2bccb838a972,0,idx_appt_pk,OPTIMAL,3,CURRENT,NORMAL,NONE,bad_query_plan,NORMAL,OK,System performance within acceptable noise band.,Normal patient scheduling experience with zero delay.,"{""rule_triggered"": ""WITHIN_NOISE_BAND"", ""delta_pct"": -4.9, ""delta_ms"": -0.74, ""plan_diff"": ""NONE"", ""index_impact"": ""OPTIMAL"", ""recommendation"": ""Performance within normal operational variance.""}"
SYNTH-Q-007,Cancel appointment,cancel_appointment,REL-108,v2.1.0,2026-08-26 20:26:00,15.57,15.1,1,1,9.8,2.99,d54f2bccb838a972,d54f2bccb838a972,0,idx_appt_pk,OPTIMAL,4,CURRENT,LOW,NONE,bad_query_plan,NORMAL,OK,System performance within acceptable noise band.,Normal patient scheduling experience with zero delay.,"{""rule_triggered"": ""WITHIN_NOISE_BAND"", ""delta_pct"": 3.11, ""delta_ms"": 0.47, ""plan_diff"": ""NONE"", ""index_impact"": ""OPTIMAL"", ""recommendation"": ""Performance within normal operational variance.""}"
SYNTH-Q-007,Cancel appointment,cancel_appointment,REL-108,v2.1.0,2026-08-26 22:40:00,14.35,15.1,1,1,9.03,2.76,d54f2bccb838a972,d54f2bccb838a972,0,idx_appt_pk,OPTIMAL,6,CURRENT,LOW,NONE,bad_query_plan,NORMAL,OK,System performance within acceptable noise band.,Normal patient scheduling experience with zero delay.,"{""rule_triggered"": ""WITHIN_NOISE_BAND"", ""delta_pct"": -4.97, ""delta_ms"": -0.75, ""plan_diff"": ""NONE"", ""index_impact"": ""OPTIMAL"", ""recommendation"": ""Performance within normal operational variance.""}"
SYNTH-Q-007,Cancel appointment,cancel_appointment,REL-108,v2.1.0,2026-08-27 00:42:00,16.02,15.1,1,1,10.08,3.08,d54f2bccb838a972,d54f2bccb838a972,0,idx_appt_pk,OPTIMAL,14,CURRENT,HIGH,NONE,bad_query_plan,NORMAL,OK,Slight concurrency queueing without plan degradation.,Imperceptible patient UI latency (<50ms shift); no booking hazard.,"{""rule_triggered"": ""FALSE_POSITIVE_GRACE_BAND"", ""delta_pct"": 6.09, ""delta_ms"": 0.92, ""plan_diff"": ""NONE - Query plan remains optimal index search"", ""index_impact"": ""OPTIMAL (no index drop)"", ""workload_effect"": ""Queue delay during HIGH workload"", ""recommendation"": ""Maintain baseline. No schema or query regression detected; transient queue latency.""}"
SYNTH-Q-007,Cancel appointment,cancel_appointment,REL-108,v2.1.0,2026-08-27 02:19:00,15.55,15.1,1,1,9.78,2.99,d54f2bccb838a972,d54f2bccb838a972,0,idx_appt_pk,OPTIMAL,4,CURRENT,LOW,NONE,bad_query_plan,NORMAL,OK,System performance within acceptable noise band.,Normal patient scheduling experience with zero delay.,"{""rule_triggered"": ""WITHIN_NOISE_BAND"", ""delta_pct"": 2.98, ""delta_ms"": 0.45, ""plan_diff"": ""NONE"", ""index_impact"": ""OPTIMAL"", ""recommendation"": ""Performance within normal operational variance.""}"
SYNTH-Q-008,Retrieve doctor schedule,retrieve_doctor_schedule,REL-108,v2.1.0,2026-08-26 08:15:00,19.91,18.2,90,16,12.47,2.84,d92063c67a1d5b2c,d92063c67a1d5b2c,0,idx_appt_doctor_date,OPTIMAL,8,CURRENT,HIGH,NONE,bad_query_plan,NORMAL,OK,Slight concurrency queueing without plan degradation.,Imperceptible patient UI latency (<50ms shift); no booking hazard.,"{""rule_triggered"": ""FALSE_POSITIVE_GRACE_BAND"", ""delta_pct"": 9.4, ""delta_ms"": 1.71, ""plan_diff"": ""NONE - Query plan remains optimal index search"", ""index_impact"": ""OPTIMAL (no index drop)"", ""workload_effect"": ""Queue delay during HIGH workload"", ""recommendation"": ""Maintain baseline. No schema or query regression detected; transient queue latency.""}"
SYNTH-Q-008,Retrieve doctor schedule,retrieve_doctor_schedule,REL-108,v2.1.0,2026-08-26 10:09:00,17.41,18.2,90,16,10.91,2.49,d92063c67a1d5b2c,d92063c67a1d5b2c,0,idx_appt_doctor_date,OPTIMAL,2,CURRENT,NORMAL,NONE,bad_query_plan,NORMAL,OK,System performance within acceptable noise band.,Normal patient scheduling experience with zero delay.,"{""rule_triggered"": ""WITHIN_NOISE_BAND"", ""delta_pct"": -4.34, ""delta_ms"": -0.79, ""plan_diff"": ""NONE"", ""index_impact"": ""OPTIMAL"", ""recommendation"": ""Performance within normal operational variance.""}"
SYNTH-Q-008,Retrieve doctor schedule,retrieve_doctor_schedule,REL-108,v2.1.0,2026-08-26 12:14:00,19.73,18.2,90,16,12.36,2.82,d92063c67a1d5b2c,d92063c67a1d5b2c,0,idx_appt_doctor_date,OPTIMAL,12,CURRENT,HIGH,NONE,bad_query_plan,NORMAL,OK,Slight concurrency queueing without plan degradation.,Imperceptible patient UI latency (<50ms shift); no booking hazard.,"{""rule_triggered"": ""FALSE_POSITIVE_GRACE_BAND"", ""delta_pct"": 8.41, ""delta_ms"": 1.53, ""plan_diff"": ""NONE - Query plan remains optimal index search"", ""index_impact"": ""OPTIMAL (no index drop)"", ""workload_effect"": ""Queue delay during HIGH workload"", ""recommendation"": ""Maintain baseline. No schema or query regression detected; transient queue latency.""}"
SYNTH-Q-008,Retrieve doctor schedule,retrieve_doctor_schedule,REL-108,v2.1.0,2026-08-26 14:29:00,17.55,18.2,90,16,10.99,2.51,d92063c67a1d5b2c,d92063c67a1d5b2c,0,idx_appt_doctor_date,OPTIMAL,10,CURRENT,LOW,NONE,bad_query_plan,NORMAL,OK,System performance within acceptable noise band.,Normal patient scheduling experience with zero delay.,"{""rule_triggered"": ""WITHIN_NOISE_BAND"", ""delta_pct"": -3.57, ""delta_ms"": -0.65, ""plan_diff"": ""NONE"", ""index_impact"": ""OPTIMAL"", ""recommendation"": ""Performance within normal operational variance.""}"
SYNTH-Q-008,Retrieve doctor schedule,retrieve_doctor_schedule,REL-108,v2.1.0,2026-08-26 16:08:00,18.91,18.2,90,16,11.84,2.7,d92063c67a1d5b2c,d92063c67a1d5b2c,0,idx_appt_doctor_date,OPTIMAL,2,CURRENT,HIGH,NONE,bad_query_plan,NORMAL,OK,Slight concurrency queueing without plan degradation.,Imperceptible patient UI latency (<50ms shift); no booking hazard.,"{""rule_triggered"": ""FALSE_POSITIVE_GRACE_BAND"", ""delta_pct"": 3.9, ""delta_ms"": 0.71, ""plan_diff"": ""NONE - Query plan remains optimal index search"", ""index_impact"": ""OPTIMAL (no index drop)"", ""workload_effect"": ""Queue delay during HIGH workload"", ""recommendation"": ""Maintain baseline. No schema or query regression detected; transient queue latency.""}"
SYNTH-Q-008,Retrieve doctor schedule,retrieve_doctor_schedule,REL-108,v2.1.0,2026-08-26 18:03:00,19.92,18.2,90,16,12.48,2.85,d92063c67a1d5b2c,d92063c67a1d5b2c,0,idx_appt_doctor_date,OPTIMAL,11,CURRENT,HIGH,NONE,bad_query_plan,NORMAL,OK,Slight concurrency queueing without plan degradation.,Imperceptible patient UI latency (<50ms shift); no booking hazard.,"{""rule_triggered"": ""FALSE_POSITIVE_GRACE_BAND"", ""delta_pct"": 9.45, ""delta_ms"": 1.72, ""plan_diff"": ""NONE - Query plan remains optimal index search"", ""index_impact"": ""OPTIMAL (no index drop)"", ""workload_effect"": ""Queue delay during HIGH workload"", ""recommendation"": ""Maintain baseline. No schema or query regression detected; transient queue latency.""}"
SYNTH-Q-008,Retrieve doctor schedule,retrieve_doctor_schedule,REL-108,v2.1.0,2026-08-26 20:15:00,19.61,18.2,90,16,12.29,2.8,d92063c67a1d5b2c,d92063c67a1d5b2c,0,idx_appt_doctor_date,OPTIMAL,5,CURRENT,NORMAL,NONE,bad_query_plan,NORMAL,OK,System performance within acceptable noise band.,Normal patient scheduling experience with zero delay.,"{""rule_triggered"": ""WITHIN_NOISE_BAND"", ""delta_pct"": 7.75, ""delta_ms"": 1.41, ""plan_diff"": ""NONE"", ""index_impact"": ""OPTIMAL"", ""recommendation"": ""Performance within normal operational variance.""}"
SYNTH-Q-008,Retrieve doctor schedule,retrieve_doctor_schedule,REL-108,v2.1.0,2026-08-26 22:25:00,18.53,18.2,90,16,11.6,2.65,d92063c67a1d5b2c,d92063c67a1d5b2c,0,idx_appt_doctor_date,OPTIMAL,6,CURRENT,NORMAL,NONE,bad_query_plan,NORMAL,OK,System performance within acceptable noise band.,Normal patient scheduling experience with zero delay.,"{""rule_triggered"": ""WITHIN_NOISE_BAND"", ""delta_pct"": 1.81, ""delta_ms"": 0.33, ""plan_diff"": ""NONE"", ""index_impact"": ""OPTIMAL"", ""recommendation"": ""Performance within normal operational variance.""}"
SYNTH-Q-008,Retrieve doctor schedule,retrieve_doctor_schedule,REL-108,v2.1.0,2026-08-27 00:14:00,17.66,18.2,90,16,11.06,2.52,d92063c67a1d5b2c,d92063c67a1d5b2c,0,idx_appt_doctor_date,OPTIMAL,4,CURRENT,LOW,NONE,bad_query_plan,NORMAL,OK,System performance within acceptable noise band.,Normal patient scheduling experience with zero delay.,"{""rule_triggered"": ""WITHIN_NOISE_BAND"", ""delta_pct"": -2.97, ""delta_ms"": -0.54, ""plan_diff"": ""NONE"", ""index_impact"": ""OPTIMAL"", ""recommendation"": ""Performance within normal operational variance.""}"
SYNTH-Q-008,Retrieve doctor schedule,retrieve_doctor_schedule,REL-108,v2.1.0,2026-08-27 02:49:00,17.58,18.2,90,16,11.01,2.51,d92063c67a1d5b2c,d92063c67a1d5b2c,0,idx_appt_doctor_date,OPTIMAL,3,CURRENT,LOW,NONE,bad_query_plan,NORMAL,OK,System performance within acceptable noise band.,Normal patient scheduling experience with zero delay.,"{""rule_triggered"": ""WITHIN_NOISE_BAND"", ""delta_pct"": -3.41, ""delta_ms"": -0.62, ""plan_diff"": ""NONE"", ""index_impact"": ""OPTIMAL"", ""recommendation"": ""Performance within normal operational variance.""}"
SYNTH-Q-009,Retrieve department schedule,retrieve_department_schedule,REL-108,v2.1.0,2026-08-26 08:28:00,179.41,35.0,29490,65,120.46,69.71,ddd8b9b7d73aac40,364020380f4bd7af,1,idx_appt_dept_date,UNUSED,6,CURRENT,HIGH,NONE,bad_query_plan,CRITICAL_REGRESSION,CRITICAL,"Severe database CPU exhaustion, lock contention, and full table scans.",Patient booking portal timeout; department schedule unavailable.,"{""rule_triggered"": ""TIME_CRITICAL_PLAN_SCAN_REGRESSION"", ""delta_pct"": 412.6, ""delta_ms"": 144.41, ""plan_diff"": ""Index search converted to full table SCAN or Cartesian product"", ""index_impact"": ""Index status: UNUSED"", ""double_booking_risk"": ""LOW"", ""recommendation"": ""BLOCK RELEASE. Immediately restore dropped/missing index or revert bad query plan.""}"
SYNTH-Q-009,Retrieve department schedule,retrieve_department_schedule,REL-108,v2.1.0,2026-08-26 10:22:00,165.66,35.0,27270,65,111.23,64.37,ddd8b9b7d73aac40,364020380f4bd7af,1,idx_appt_dept_date,UNUSED,8,CURRENT,NORMAL,NONE,bad_query_plan,CRITICAL_REGRESSION,CRITICAL,"Severe database CPU exhaustion, lock contention, and full table scans.",Patient booking portal timeout; department schedule unavailable.,"{""rule_triggered"": ""TIME_CRITICAL_PLAN_SCAN_REGRESSION"", ""delta_pct"": 373.31, ""delta_ms"": 130.66, ""plan_diff"": ""Index search converted to full table SCAN or Cartesian product"", ""index_impact"": ""Index status: UNUSED"", ""double_booking_risk"": ""LOW"", ""recommendation"": ""BLOCK RELEASE. Immediately restore dropped/missing index or revert bad query plan.""}"
SYNTH-Q-009,Retrieve department schedule,retrieve_department_schedule,REL-108,v2.1.0,2026-08-26 12:07:00,235.56,35.0,27592,65,158.16,91.53,ddd8b9b7d73aac40,364020380f4bd7af,1,idx_appt_dept_date,UNUSED,3,CURRENT,LOW,NONE,bad_query_plan,CRITICAL_REGRESSION,CRITICAL,"Severe database CPU exhaustion, lock contention, and full table scans.",Patient booking portal timeout; department schedule unavailable.,"{""rule_triggered"": ""TIME_CRITICAL_PLAN_SCAN_REGRESSION"", ""delta_pct"": 573.03, ""delta_ms"": 200.56, ""plan_diff"": ""Index search converted to full table SCAN or Cartesian product"", ""index_impact"": ""Index status: UNUSED"", ""double_booking_risk"": ""LOW"", ""recommendation"": ""BLOCK RELEASE. Immediately restore dropped/missing index or revert bad query plan.""}"
SYNTH-Q-009,Retrieve department schedule,retrieve_department_schedule,REL-108,v2.1.0,2026-08-26 14:45:00,239.53,35.0,27785,65,160.83,93.07,ddd8b9b7d73aac40,364020380f4bd7af,1,idx_appt_dept_date,UNUSED,4,CURRENT,LOW,NONE,bad_query_plan,CRITICAL_REGRESSION,CRITICAL,"Severe database CPU exhaustion, lock contention, and full table scans.",Patient booking portal timeout; department schedule unavailable.,"{""rule_triggered"": ""TIME_CRITICAL_PLAN_SCAN_REGRESSION"", ""delta_pct"": 584.37, ""delta_ms"": 204.53, ""plan_diff"": ""Index search converted to full table SCAN or Cartesian product"", ""index_impact"": ""Index status: UNUSED"", ""double_booking_risk"": ""LOW"", ""recommendation"": ""BLOCK RELEASE. Immediately restore dropped/missing index or revert bad query plan.""}"
SYNTH-Q-009,Retrieve department schedule,retrieve_department_schedule,REL-108,v2.1.0,2026-08-26 16:09:00,157.25,35.0,28014,65,105.58,61.1,ddd8b9b7d73aac40,364020380f4bd7af,1,idx_appt_dept_date,UNUSED,12,CURRENT,LOW,NONE,bad_query_plan,CRITICAL_REGRESSION,CRITICAL,"Severe database CPU exhaustion, lock contention, and full table scans.",Patient booking portal timeout; department schedule unavailable.,"{""rule_triggered"": ""TIME_CRITICAL_PLAN_SCAN_REGRESSION"", ""delta_pct"": 349.29, ""delta_ms"": 122.25, ""plan_diff"": ""Index search converted to full table SCAN or Cartesian product"", ""index_impact"": ""Index status: UNUSED"", ""double_booking_risk"": ""LOW"", ""recommendation"": ""BLOCK RELEASE. Immediately restore dropped/missing index or revert bad query plan.""}"
SYNTH-Q-009,Retrieve department schedule,retrieve_department_schedule,REL-108,v2.1.0,2026-08-26 18:25:00,164.34,35.0,26524,65,110.34,63.86,ddd8b9b7d73aac40,364020380f4bd7af,1,idx_appt_dept_date,UNUSED,11,CURRENT,LOW,NONE,bad_query_plan,CRITICAL_REGRESSION,CRITICAL,"Severe database CPU exhaustion, lock contention, and full table scans.",Patient booking portal timeout; department schedule unavailable.,"{""rule_triggered"": ""TIME_CRITICAL_PLAN_SCAN_REGRESSION"", ""delta_pct"": 369.54, ""delta_ms"": 129.34, ""plan_diff"": ""Index search converted to full table SCAN or Cartesian product"", ""index_impact"": ""Index status: UNUSED"", ""double_booking_risk"": ""LOW"", ""recommendation"": ""BLOCK RELEASE. Immediately restore dropped/missing index or revert bad query plan.""}"
SYNTH-Q-009,Retrieve department schedule,retrieve_department_schedule,REL-108,v2.1.0,2026-08-26 20:01:00,185.81,35.0,29606,65,124.76,72.2,ddd8b9b7d73aac40,364020380f4bd7af,1,idx_appt_dept_date,UNUSED,14,CURRENT,HIGH,NONE,bad_query_plan,CRITICAL_REGRESSION,CRITICAL,"Severe database CPU exhaustion, lock contention, and full table scans.",Patient booking portal timeout; department schedule unavailable.,"{""rule_triggered"": ""TIME_CRITICAL_PLAN_SCAN_REGRESSION"", ""delta_pct"": 430.89, ""delta_ms"": 150.81, ""plan_diff"": ""Index search converted to full table SCAN or Cartesian product"", ""index_impact"": ""Index status: UNUSED"", ""double_booking_risk"": ""LOW"", ""recommendation"": ""BLOCK RELEASE. Immediately restore dropped/missing index or revert bad query plan.""}"
SYNTH-Q-009,Retrieve department schedule,retrieve_department_schedule,REL-108,v2.1.0,2026-08-26 22:15:00,136.77,35.0,26245,65,91.83,53.14,ddd8b9b7d73aac40,364020380f4bd7af,1,idx_appt_dept_date,UNUSED,8,CURRENT,LOW,NONE,bad_query_plan,CRITICAL_REGRESSION,CRITICAL,"Severe database CPU exhaustion, lock contention, and full table scans.",Patient booking portal timeout; department schedule unavailable.,"{""rule_triggered"": ""TIME_CRITICAL_PLAN_SCAN_REGRESSION"", ""delta_pct"": 290.77, ""delta_ms"": 101.77, ""plan_diff"": ""Index search converted to full table SCAN or Cartesian product"", ""index_impact"": ""Index status: UNUSED"", ""double_booking_risk"": ""LOW"", ""recommendation"": ""BLOCK RELEASE. Immediately restore dropped/missing index or revert bad query plan.""}"
SYNTH-Q-009,Retrieve department schedule,retrieve_department_schedule,REL-108,v2.1.0,2026-08-27 00:07:00,238.75,35.0,26920,65,160.3,92.77,ddd8b9b7d73aac40,364020380f4bd7af,1,idx_appt_dept_date,UNUSED,1,CURRENT,LOW,NONE,bad_query_plan,CRITICAL_REGRESSION,CRITICAL,"Severe database CPU exhaustion, lock contention, and full table scans.",Patient booking portal timeout; department schedule unavailable.,"{""rule_triggered"": ""TIME_CRITICAL_PLAN_SCAN_REGRESSION"", ""delta_pct"": 582.14, ""delta_ms"": 203.75, ""plan_diff"": ""Index search converted to full table SCAN or Cartesian product"", ""index_impact"": ""Index status: UNUSED"", ""double_booking_risk"": ""LOW"", ""recommendation"": ""BLOCK RELEASE. Immediately restore dropped/missing index or revert bad query plan.""}"
SYNTH-Q-009,Retrieve department schedule,retrieve_department_schedule,REL-108,v2.1.0,2026-08-27 02:08:00,178.58,35.0,25788,65,119.9,69.39,ddd8b9b7d73aac40,364020380f4bd7af,1,idx_appt_dept_date,UNUSED,14,CURRENT,NORMAL,NONE,bad_query_plan,CRITICAL_REGRESSION,CRITICAL,"Severe database CPU exhaustion, lock contention, and full table scans.",Patient booking portal timeout; department schedule unavailable.,"{""rule_triggered"": ""TIME_CRITICAL_PLAN_SCAN_REGRESSION"", ""delta_pct"": 410.23, ""delta_ms"": 143.58, ""plan_diff"": ""Index search converted to full table SCAN or Cartesian product"", ""index_impact"": ""Index status: UNUSED"", ""double_booking_risk"": ""LOW"", ""recommendation"": ""BLOCK RELEASE. Immediately restore dropped/missing index or revert bad query plan.""}"
SYNTH-Q-001,Find available appointment slots,find_available_slots,REL-109,v2.2.0,2026-08-29 08:37:00,24.07,14.5,298,18,15.27,4.53,14cbfef715300ea8,62c759822b393c31,1,idx_appt_dept_date_status,CHANGED,14,CURRENT,NORMAL,INDEX_MODIFIED,index_changed,REGRESSION,HIGH,Significant latency degradation across booking transactions.,Noticeable scheduling UI lag; increased booking abandonment rate.,"{""rule_triggered"": ""TIME_HIGH_PCT_REGRESSION"", ""delta_pct"": 66.0, ""delta_ms"": 9.57, ""plan_diff"": ""Sub-optimal plan selection or extra temporary B-Tree sorting"", ""index_impact"": ""Index status: CHANGED"", ""recommendation"": ""Analyze index selectivity and query predicates before deployment.""}"
SYNTH-Q-001,Find available appointment slots,find_available_slots,REL-109,v2.2.0,2026-08-29 10:04:00,28.34,14.5,351,18,17.98,5.34,14cbfef715300ea8,62c759822b393c31,1,idx_appt_dept_date_status,CHANGED,11,CURRENT,NORMAL,INDEX_MODIFIED,index_changed,REGRESSION,HIGH,Significant latency degradation across booking transactions.,Noticeable scheduling UI lag; increased booking abandonment rate.,"{""rule_triggered"": ""TIME_HIGH_PCT_REGRESSION"", ""delta_pct"": 95.45, ""delta_ms"": 13.84, ""plan_diff"": ""Sub-optimal plan selection or extra temporary B-Tree sorting"", ""index_impact"": ""Index status: CHANGED"", ""recommendation"": ""Analyze index selectivity and query predicates before deployment.""}"
SYNTH-Q-001,Find available appointment slots,find_available_slots,REL-109,v2.2.0,2026-08-29 12:08:00,32.82,14.5,407,18,20.82,6.18,14cbfef715300ea8,62c759822b393c31,1,idx_appt_dept_date_status,CHANGED,14,CURRENT,LOW,INDEX_MODIFIED,index_changed,CRITICAL_REGRESSION,CRITICAL,"Severe database CPU exhaustion, lock contention, and full table scans.",Patient booking portal timeout; department schedule unavailable.,"{""rule_triggered"": ""TIME_CRITICAL_PLAN_SCAN_REGRESSION"", ""delta_pct"": 126.34, ""delta_ms"": 18.32, ""plan_diff"": ""Index search converted to full table SCAN or Cartesian product"", ""index_impact"": ""Index status: CHANGED"", ""double_booking_risk"": ""LOW"", ""recommendation"": ""BLOCK RELEASE. Immediately restore dropped/missing index or revert bad query plan.""}"
SYNTH-Q-001,Find available appointment slots,find_available_slots,REL-109,v2.2.0,2026-08-29 14:21:00,34.13,14.5,423,18,21.66,6.43,14cbfef715300ea8,62c759822b393c31,1,idx_appt_dept_date_status,CHANGED,1,CURRENT,LOW,INDEX_MODIFIED,index_changed,CRITICAL_REGRESSION,CRITICAL,"Severe database CPU exhaustion, lock contention, and full table scans.",Patient booking portal timeout; department schedule unavailable.,"{""rule_triggered"": ""TIME_CRITICAL_PLAN_SCAN_REGRESSION"", ""delta_pct"": 135.38, ""delta_ms"": 19.63, ""plan_diff"": ""Index search converted to full table SCAN or Cartesian product"", ""index_impact"": ""Index status: CHANGED"", ""double_booking_risk"": ""LOW"", ""recommendation"": ""BLOCK RELEASE. Immediately restore dropped/missing index or revert bad query plan.""}"
SYNTH-Q-001,Find available appointment slots,find_available_slots,REL-109,v2.2.0,2026-08-29 16:03:00,28.22,14.5,350,18,17.91,5.31,14cbfef715300ea8,62c759822b393c31,1,idx_appt_dept_date_status,CHANGED,10,CURRENT,NORMAL,INDEX_MODIFIED,index_changed,REGRESSION,HIGH,Significant latency degradation across booking transactions.,Noticeable scheduling UI lag; increased booking abandonment rate.,"{""rule_triggered"": ""TIME_HIGH_PCT_REGRESSION"", ""delta_pct"": 94.62, ""delta_ms"": 13.72, ""plan_diff"": ""Sub-optimal plan selection or extra temporary B-Tree sorting"", ""index_impact"": ""Index status: CHANGED"", ""recommendation"": ""Analyze index selectivity and query predicates before deployment.""}"
SYNTH-Q-001,Find available appointment slots,find_available_slots,REL-109,v2.2.0,2026-08-29 18:46:00,23.54,14.5,292,18,14.94,4.43,14cbfef715300ea8,62c759822b393c31,1,idx_appt_dept_date_status,CHANGED,8,CURRENT,HIGH,INDEX_MODIFIED,index_changed,REGRESSION,HIGH,Significant latency degradation across booking transactions.,Noticeable scheduling UI lag; increased booking abandonment rate.,"{""rule_triggered"": ""TIME_HIGH_PCT_REGRESSION"", ""delta_pct"": 62.34, ""delta_ms"": 9.04, ""plan_diff"": ""Sub-optimal plan selection or extra temporary B-Tree sorting"", ""index_impact"": ""Index status: CHANGED"", ""recommendation"": ""Analyze index selectivity and query predicates before deployment.""}"
SYNTH-Q-001,Find available appointment slots,find_available_slots,REL-109,v2.2.0,2026-08-29 20:43:00,27.31,14.5,338,18,17.33,5.14,14cbfef715300ea8,62c759822b393c31,1,idx_appt_dept_date_status,CHANGED,3,CURRENT,HIGH,INDEX_MODIFIED,index_changed,REGRESSION,HIGH,Significant latency degradation across booking transactions.,Noticeable scheduling UI lag; increased booking abandonment rate.,"{""rule_triggered"": ""TIME_HIGH_PCT_REGRESSION"", ""delta_pct"": 88.34, ""delta_ms"": 12.81, ""plan_diff"": ""Sub-optimal plan selection or extra temporary B-Tree sorting"", ""index_impact"": ""Index status: CHANGED"", ""recommendation"": ""Analyze index selectivity and query predicates before deployment.""}"
SYNTH-Q-001,Find available appointment slots,find_available_slots,REL-109,v2.2.0,2026-08-29 22:11:00,28.37,14.5,352,18,18.0,5.34,14cbfef715300ea8,62c759822b393c31,1,idx_appt_dept_date_status,CHANGED,5,CURRENT,NORMAL,INDEX_MODIFIED,index_changed,REGRESSION,HIGH,Significant latency degradation across booking transactions.,Noticeable scheduling UI lag; increased booking abandonment rate.,"{""rule_triggered"": ""TIME_HIGH_PCT_REGRESSION"", ""delta_pct"": 95.66, ""delta_ms"": 13.87, ""plan_diff"": ""Sub-optimal plan selection or extra temporary B-Tree sorting"", ""index_impact"": ""Index status: CHANGED"", ""recommendation"": ""Analyze index selectivity and query predicates before deployment.""}"
SYNTH-Q-001,Find available appointment slots,find_available_slots,REL-109,v2.2.0,2026-08-30 00:09:00,30.38,14.5,377,18,19.28,5.72,14cbfef715300ea8,62c759822b393c31,1,idx_appt_dept_date_status,CHANGED,10,CURRENT,LOW,INDEX_MODIFIED,index_changed,CRITICAL_REGRESSION,CRITICAL,"Severe database CPU exhaustion, lock contention, and full table scans.",Patient booking portal timeout; department schedule unavailable.,"{""rule_triggered"": ""TIME_CRITICAL_PLAN_SCAN_REGRESSION"", ""delta_pct"": 109.52, ""delta_ms"": 15.88, ""plan_diff"": ""Index search converted to full table SCAN or Cartesian product"", ""index_impact"": ""Index status: CHANGED"", ""double_booking_risk"": ""LOW"", ""recommendation"": ""BLOCK RELEASE. Immediately restore dropped/missing index or revert bad query plan.""}"
SYNTH-Q-001,Find available appointment slots,find_available_slots,REL-109,v2.2.0,2026-08-30 02:15:00,27.98,14.5,347,18,17.75,5.27,14cbfef715300ea8,62c759822b393c31,1,idx_appt_dept_date_status,CHANGED,8,CURRENT,NORMAL,INDEX_MODIFIED,index_changed,REGRESSION,HIGH,Significant latency degradation across booking transactions.,Noticeable scheduling UI lag; increased booking abandonment rate.,"{""rule_triggered"": ""TIME_HIGH_PCT_REGRESSION"", ""delta_pct"": 92.97, ""delta_ms"": 13.48, ""plan_diff"": ""Sub-optimal plan selection or extra temporary B-Tree sorting"", ""index_impact"": ""Index status: CHANGED"", ""recommendation"": ""Analyze index selectivity and query predicates before deployment.""}"
SYNTH-Q-002,Check doctor availability,check_doctor_availability,REL-109,v2.2.0,2026-08-29 08:35:00,10.77,11.2,45,8,6.73,1.35,d92063c67a1d5b2c,d92063c67a1d5b2c,0,idx_appt_doctor_date,OPTIMAL,1,CURRENT,HIGH,INDEX_MODIFIED,index_changed,NORMAL,OK,Slight concurrency queueing without plan degradation.,Imperceptible patient UI latency (<50ms shift); no booking hazard.,"{""rule_triggered"": ""FALSE_POSITIVE_GRACE_BAND"", ""delta_pct"": -3.84, ""delta_ms"": -0.43, ""plan_diff"": ""NONE - Query plan remains optimal index search"", ""index_impact"": ""OPTIMAL (no index drop)"", ""workload_effect"": ""Queue delay during HIGH workload"", ""recommendation"": ""Maintain baseline. No schema or query regression detected; transient queue latency.""}"
SYNTH-Q-002,Check doctor availability,check_doctor_availability,REL-109,v2.2.0,2026-08-29 10:24:00,10.93,11.2,45,8,6.83,1.37,d92063c67a1d5b2c,d92063c67a1d5b2c,0,idx_appt_doctor_date,OPTIMAL,7,CURRENT,NORMAL,INDEX_MODIFIED,index_changed,NORMAL,OK,System performance within acceptable noise band.,Normal patient scheduling experience with zero delay.,"{""rule_triggered"": ""WITHIN_NOISE_BAND"", ""delta_pct"": -2.41, ""delta_ms"": -0.27, ""plan_diff"": ""NONE"", ""index_impact"": ""OPTIMAL"", ""recommendation"": ""Performance within normal operational variance.""}"
SYNTH-Q-002,Check doctor availability,check_doctor_availability,REL-109,v2.2.0,2026-08-29 12:33:00,12.09,11.2,45,8,7.55,1.51,d92063c67a1d5b2c,d92063c67a1d5b2c,0,idx_appt_doctor_date,OPTIMAL,11,CURRENT,NORMAL,INDEX_MODIFIED,index_changed,NORMAL,OK,System performance within acceptable noise band.,Normal patient scheduling experience with zero delay.,"{""rule_triggered"": ""WITHIN_NOISE_BAND"", ""delta_pct"": 7.95, ""delta_ms"": 0.89, ""plan_diff"": ""NONE"", ""index_impact"": ""OPTIMAL"", ""recommendation"": ""Performance within normal operational variance.""}"
SYNTH-Q-002,Check doctor availability,check_doctor_availability,REL-109,v2.2.0,2026-08-29 14:34:00,11.78,11.2,45,8,7.36,1.47,d92063c67a1d5b2c,d92063c67a1d5b2c,0,idx_appt_doctor_date,OPTIMAL,7,CURRENT,LOW,INDEX_MODIFIED,index_changed,NORMAL,OK,System performance within acceptable noise band.,Normal patient scheduling experience with zero delay.,"{""rule_triggered"": ""WITHIN_NOISE_BAND"", ""delta_pct"": 5.18, ""delta_ms"": 0.58, ""plan_diff"": ""NONE"", ""index_impact"": ""OPTIMAL"", ""recommendation"": ""Performance within normal operational variance.""}"
SYNTH-Q-002,Check doctor availability,check_doctor_availability,REL-109,v2.2.0,2026-08-29 16:22:00,11.78,11.2,45,8,7.36,1.47,d92063c67a1d5b2c,d92063c67a1d5b2c,0,idx_appt_doctor_date,OPTIMAL,9,CURRENT,HIGH,INDEX_MODIFIED,index_changed,NORMAL,OK,Slight concurrency queueing without plan degradation.,Imperceptible patient UI latency (<50ms shift); no booking hazard.,"{""rule_triggered"": ""FALSE_POSITIVE_GRACE_BAND"", ""delta_pct"": 5.18, ""delta_ms"": 0.58, ""plan_diff"": ""NONE - Query plan remains optimal index search"", ""index_impact"": ""OPTIMAL (no index drop)"", ""workload_effect"": ""Queue delay during HIGH workload"", ""recommendation"": ""Maintain baseline. No schema or query regression detected; transient queue latency.""}"
SYNTH-Q-002,Check doctor availability,check_doctor_availability,REL-109,v2.2.0,2026-08-29 18:22:00,11.03,11.2,45,8,6.9,1.38,d92063c67a1d5b2c,d92063c67a1d5b2c,0,idx_appt_doctor_date,OPTIMAL,7,CURRENT,NORMAL,INDEX_MODIFIED,index_changed,NORMAL,OK,System performance within acceptable noise band.,Normal patient scheduling experience with zero delay.,"{""rule_triggered"": ""WITHIN_NOISE_BAND"", ""delta_pct"": -1.52, ""delta_ms"": -0.17, ""plan_diff"": ""NONE"", ""index_impact"": ""OPTIMAL"", ""recommendation"": ""Performance within normal operational variance.""}"
SYNTH-Q-002,Check doctor availability,check_doctor_availability,REL-109,v2.2.0,2026-08-29 20:01:00,10.96,11.2,45,8,6.85,1.37,d92063c67a1d5b2c,d92063c67a1d5b2c,0,idx_appt_doctor_date,OPTIMAL,10,CURRENT,NORMAL,INDEX_MODIFIED,index_changed,NORMAL,OK,System performance within acceptable noise band.,Normal patient scheduling experience with zero delay.,"{""rule_triggered"": ""WITHIN_NOISE_BAND"", ""delta_pct"": -2.14, ""delta_ms"": -0.24, ""plan_diff"": ""NONE"", ""index_impact"": ""OPTIMAL"", ""recommendation"": ""Performance within normal operational variance.""}"
SYNTH-Q-002,Check doctor availability,check_doctor_availability,REL-109,v2.2.0,2026-08-29 22:49:00,11.82,11.2,45,8,7.39,1.48,d92063c67a1d5b2c,d92063c67a1d5b2c,0,idx_appt_doctor_date,OPTIMAL,1,CURRENT,NORMAL,INDEX_MODIFIED,index_changed,NORMAL,OK,System performance within acceptable noise band.,Normal patient scheduling experience with zero delay.,"{""rule_triggered"": ""WITHIN_NOISE_BAND"", ""delta_pct"": 5.54, ""delta_ms"": 0.62, ""plan_diff"": ""NONE"", ""index_impact"": ""OPTIMAL"", ""recommendation"": ""Performance within normal operational variance.""}"
SYNTH-Q-002,Check doctor availability,check_doctor_availability,REL-109,v2.2.0,2026-08-30 00:30:00,11.49,11.2,45,8,7.18,1.44,d92063c67a1d5b2c,d92063c67a1d5b2c,0,idx_appt_doctor_date,OPTIMAL,13,CURRENT,NORMAL,INDEX_MODIFIED,index_changed,NORMAL,OK,System performance within acceptable noise band.,Normal patient scheduling experience with zero delay.,"{""rule_triggered"": ""WITHIN_NOISE_BAND"", ""delta_pct"": 2.59, ""delta_ms"": 0.29, ""plan_diff"": ""NONE"", ""index_impact"": ""OPTIMAL"", ""recommendation"": ""Performance within normal operational variance.""}"
SYNTH-Q-002,Check doctor availability,check_doctor_availability,REL-109,v2.2.0,2026-08-30 02:14:00,11.0,11.2,45,8,6.88,1.38,d92063c67a1d5b2c,d92063c67a1d5b2c,0,idx_appt_doctor_date,OPTIMAL,2,CURRENT,NORMAL,INDEX_MODIFIED,index_changed,NORMAL,OK,System performance within acceptable noise band.,Normal patient scheduling experience with zero delay.,"{""rule_triggered"": ""WITHIN_NOISE_BAND"", ""delta_pct"": -1.79, ""delta_ms"": -0.2, ""plan_diff"": ""NONE"", ""index_impact"": ""OPTIMAL"", ""recommendation"": ""Performance within normal operational variance.""}"
SYNTH-Q-003,Create appointment,create_appointment,REL-109,v2.2.0,2026-08-29 08:15:00,23.23,22.0,15,1,15.31,4.44,6334b72f6d2d33d6,6334b72f6d2d33d6,0,idx_appt_doctor_date_time,OPTIMAL,9,CURRENT,NORMAL,INDEX_MODIFIED,index_changed,NORMAL,OK,System performance within acceptable noise band.,Normal patient scheduling experience with zero delay.,"{""rule_triggered"": ""WITHIN_NOISE_BAND"", ""delta_pct"": 5.59, ""delta_ms"": 1.23, ""plan_diff"": ""NONE"", ""index_impact"": ""OPTIMAL"", ""recommendation"": ""Performance within normal operational variance.""}"
SYNTH-Q-003,Create appointment,create_appointment,REL-109,v2.2.0,2026-08-29 10:47:00,23.75,22.0,15,1,15.65,4.53,6334b72f6d2d33d6,6334b72f6d2d33d6,0,idx_appt_doctor_date_time,OPTIMAL,13,CURRENT,LOW,INDEX_MODIFIED,index_changed,NORMAL,OK,System performance within acceptable noise band.,Normal patient scheduling experience with zero delay.,"{""rule_triggered"": ""WITHIN_NOISE_BAND"", ""delta_pct"": 7.95, ""delta_ms"": 1.75, ""plan_diff"": ""NONE"", ""index_impact"": ""OPTIMAL"", ""recommendation"": ""Performance within normal operational variance.""}"
SYNTH-Q-003,Create appointment,create_appointment,REL-109,v2.2.0,2026-08-29 12:14:00,23.57,22.0,15,1,15.54,4.5,6334b72f6d2d33d6,6334b72f6d2d33d6,0,idx_appt_doctor_date_time,OPTIMAL,6,CURRENT,HIGH,INDEX_MODIFIED,index_changed,NORMAL,OK,Slight concurrency queueing without plan degradation.,Imperceptible patient UI latency (<50ms shift); no booking hazard.,"{""rule_triggered"": ""FALSE_POSITIVE_GRACE_BAND"", ""delta_pct"": 7.14, ""delta_ms"": 1.57, ""plan_diff"": ""NONE - Query plan remains optimal index search"", ""index_impact"": ""OPTIMAL (no index drop)"", ""workload_effect"": ""Queue delay during HIGH workload"", ""recommendation"": ""Maintain baseline. No schema or query regression detected; transient queue latency.""}"
SYNTH-Q-003,Create appointment,create_appointment,REL-109,v2.2.0,2026-08-29 14:11:00,22.59,22.0,15,1,14.89,4.31,6334b72f6d2d33d6,6334b72f6d2d33d6,0,idx_appt_doctor_date_time,OPTIMAL,4,CURRENT,NORMAL,INDEX_MODIFIED,index_changed,NORMAL,OK,System performance within acceptable noise band.,Normal patient scheduling experience with zero delay.,"{""rule_triggered"": ""WITHIN_NOISE_BAND"", ""delta_pct"": 2.68, ""delta_ms"": 0.59, ""plan_diff"": ""NONE"", ""index_impact"": ""OPTIMAL"", ""recommendation"": ""Performance within normal operational variance.""}"
SYNTH-Q-003,Create appointment,create_appointment,REL-109,v2.2.0,2026-08-29 16:47:00,20.98,22.0,15,1,13.83,4.01,6334b72f6d2d33d6,6334b72f6d2d33d6,0,idx_appt_doctor_date_time,OPTIMAL,10,CURRENT,NORMAL,INDEX_MODIFIED,index_changed,NORMAL,OK,System performance within acceptable noise band.,Normal patient scheduling experience with zero delay.,"{""rule_triggered"": ""WITHIN_NOISE_BAND"", ""delta_pct"": -4.64, ""delta_ms"": -1.02, ""plan_diff"": ""NONE"", ""index_impact"": ""OPTIMAL"", ""recommendation"": ""Performance within normal operational variance.""}"
SYNTH-Q-003,Create appointment,create_appointment,REL-109,v2.2.0,2026-08-29 18:44:00,22.51,22.0,15,1,14.84,4.3,6334b72f6d2d33d6,6334b72f6d2d33d6,0,idx_appt_doctor_date_time,OPTIMAL,10,CURRENT,NORMAL,INDEX_MODIFIED,index_changed,NORMAL,OK,System performance within acceptable noise band.,Normal patient scheduling experience with zero delay.,"{""rule_triggered"": ""WITHIN_NOISE_BAND"", ""delta_pct"": 2.32, ""delta_ms"": 0.51, ""plan_diff"": ""NONE"", ""index_impact"": ""OPTIMAL"", ""recommendation"": ""Performance within normal operational variance.""}"
SYNTH-Q-003,Create appointment,create_appointment,REL-109,v2.2.0,2026-08-29 20:36:00,23.73,22.0,15,1,15.64,4.53,6334b72f6d2d33d6,6334b72f6d2d33d6,0,idx_appt_doctor_date_time,OPTIMAL,14,CURRENT,NORMAL,INDEX_MODIFIED,index_changed,NORMAL,OK,System performance within acceptable noise band.,Normal patient scheduling experience with zero delay.,"{""rule_triggered"": ""WITHIN_NOISE_BAND"", ""delta_pct"": 7.86, ""delta_ms"": 1.73, ""plan_diff"": ""NONE"", ""index_impact"": ""OPTIMAL"", ""recommendation"": ""Performance within normal operational variance.""}"
SYNTH-Q-003,Create appointment,create_appointment,REL-109,v2.2.0,2026-08-29 22:31:00,22.3,22.0,15,1,14.7,4.26,6334b72f6d2d33d6,6334b72f6d2d33d6,0,idx_appt_doctor_date_time,OPTIMAL,3,CURRENT,NORMAL,INDEX_MODIFIED,index_changed,NORMAL,OK,System performance within acceptable noise band.,Normal patient scheduling experience with zero delay.,"{""rule_triggered"": ""WITHIN_NOISE_BAND"", ""delta_pct"": 1.36, ""delta_ms"": 0.3, ""plan_diff"": ""NONE"", ""index_impact"": ""OPTIMAL"", ""recommendation"": ""Performance within normal operational variance.""}"
SYNTH-Q-003,Create appointment,create_appointment,REL-109,v2.2.0,2026-08-30 00:05:00,22.62,22.0,15,1,14.91,4.32,6334b72f6d2d33d6,6334b72f6d2d33d6,0,idx_appt_doctor_date_time,OPTIMAL,4,CURRENT,LOW,INDEX_MODIFIED,index_changed,NORMAL,OK,System performance within acceptable noise band.,Normal patient scheduling experience with zero delay.,"{""rule_triggered"": ""WITHIN_NOISE_BAND"", ""delta_pct"": 2.82, ""delta_ms"": 0.62, ""plan_diff"": ""NONE"", ""index_impact"": ""OPTIMAL"", ""recommendation"": ""Performance within normal operational variance.""}"
SYNTH-Q-003,Create appointment,create_appointment,REL-109,v2.2.0,2026-08-30 02:01:00,21.85,22.0,15,1,14.4,4.17,6334b72f6d2d33d6,6334b72f6d2d33d6,0,idx_appt_doctor_date_time,OPTIMAL,1,CURRENT,HIGH,INDEX_MODIFIED,index_changed,NORMAL,OK,Slight concurrency queueing without plan degradation.,Imperceptible patient UI latency (<50ms shift); no booking hazard.,"{""rule_triggered"": ""FALSE_POSITIVE_GRACE_BAND"", ""delta_pct"": -0.68, ""delta_ms"": -0.15, ""plan_diff"": ""NONE - Query plan remains optimal index search"", ""index_impact"": ""OPTIMAL (no index drop)"", ""workload_effect"": ""Queue delay during HIGH workload"", ""recommendation"": ""Maintain baseline. No schema or query regression detected; transient queue latency.""}"
SYNTH-Q-004,Verify whether an appointment slot is already booked,verify_slot_booked,REL-109,v2.2.0,2026-08-29 08:39:00,13.34,13.8,25,1,8.22,1.74,b1ad58e1033f203f,b1ad58e1033f203f,0,idx_appt_doctor_date_time_status,OPTIMAL,13,CURRENT,NORMAL,INDEX_MODIFIED,index_changed,NORMAL,OK,System performance within acceptable noise band.,Normal patient scheduling experience with zero delay.,"{""rule_triggered"": ""WITHIN_NOISE_BAND"", ""delta_pct"": -3.33, ""delta_ms"": -0.46, ""plan_diff"": ""NONE"", ""index_impact"": ""OPTIMAL"", ""recommendation"": ""Performance within normal operational variance.""}"
SYNTH-Q-004,Verify whether an appointment slot is already booked,verify_slot_booked,REL-109,v2.2.0,2026-08-29 10:45:00,14.62,13.8,25,1,9.01,1.91,b1ad58e1033f203f,b1ad58e1033f203f,0,idx_appt_doctor_date_time_status,OPTIMAL,13,CURRENT,NORMAL,INDEX_MODIFIED,index_changed,NORMAL,OK,System performance within acceptable noise band.,Normal patient scheduling experience with zero delay.,"{""rule_triggered"": ""WITHIN_NOISE_BAND"", ""delta_pct"": 5.94, ""delta_ms"": 0.82, ""plan_diff"": ""NONE"", ""index_impact"": ""OPTIMAL"", ""recommendation"": ""Performance within normal operational variance.""}"
SYNTH-Q-004,Verify whether an appointment slot is already booked,verify_slot_booked,REL-109,v2.2.0,2026-08-29 12:20:00,13.37,13.8,25,1,8.24,1.74,b1ad58e1033f203f,b1ad58e1033f203f,0,idx_appt_doctor_date_time_status,OPTIMAL,1,CURRENT,LOW,INDEX_MODIFIED,index_changed,NORMAL,OK,System performance within acceptable noise band.,Normal patient scheduling experience with zero delay.,"{""rule_triggered"": ""WITHIN_NOISE_BAND"", ""delta_pct"": -3.12, ""delta_ms"": -0.43, ""plan_diff"": ""NONE"", ""index_impact"": ""OPTIMAL"", ""recommendation"": ""Performance within normal operational variance.""}"
SYNTH-Q-004,Verify whether an appointment slot is already booked,verify_slot_booked,REL-109,v2.2.0,2026-08-29 14:45:00,13.31,13.8,25,1,8.2,1.74,b1ad58e1033f203f,b1ad58e1033f203f,0,idx_appt_doctor_date_time_status,OPTIMAL,13,CURRENT,NORMAL,INDEX_MODIFIED,index_changed,NORMAL,OK,System performance within acceptable noise band.,Normal patient scheduling experience with zero delay.,"{""rule_triggered"": ""WITHIN_NOISE_BAND"", ""delta_pct"": -3.55, ""delta_ms"": -0.49, ""plan_diff"": ""NONE"", ""index_impact"": ""OPTIMAL"", ""recommendation"": ""Performance within normal operational variance.""}"
SYNTH-Q-004,Verify whether an appointment slot is already booked,verify_slot_booked,REL-109,v2.2.0,2026-08-29 16:33:00,13.78,13.8,25,1,8.49,1.8,b1ad58e1033f203f,b1ad58e1033f203f,0,idx_appt_doctor_date_time_status,OPTIMAL,2,CURRENT,NORMAL,INDEX_MODIFIED,index_changed,NORMAL,OK,System performance within acceptable noise band.,Normal patient scheduling experience with zero delay.,"{""rule_triggered"": ""WITHIN_NOISE_BAND"", ""delta_pct"": -0.14, ""delta_ms"": -0.02, ""plan_diff"": ""NONE"", ""index_impact"": ""OPTIMAL"", ""recommendation"": ""Performance within normal operational variance.""}"
SYNTH-Q-004,Verify whether an appointment slot is already booked,verify_slot_booked,REL-109,v2.2.0,2026-08-29 18:42:00,13.29,13.8,25,1,8.19,1.73,b1ad58e1033f203f,b1ad58e1033f203f,0,idx_appt_doctor_date_time_status,OPTIMAL,10,CURRENT,HIGH,INDEX_MODIFIED,index_changed,NORMAL,OK,Slight concurrency queueing without plan degradation.,Imperceptible patient UI latency (<50ms shift); no booking hazard.,"{""rule_triggered"": ""FALSE_POSITIVE_GRACE_BAND"", ""delta_pct"": -3.7, ""delta_ms"": -0.51, ""plan_diff"": ""NONE - Query plan remains optimal index search"", ""index_impact"": ""OPTIMAL (no index drop)"", ""workload_effect"": ""Queue delay during HIGH workload"", ""recommendation"": ""Maintain baseline. No schema or query regression detected; transient queue latency.""}"
SYNTH-Q-004,Verify whether an appointment slot is already booked,verify_slot_booked,REL-109,v2.2.0,2026-08-29 20:19:00,14.86,13.8,25,1,9.15,1.94,b1ad58e1033f203f,b1ad58e1033f203f,0,idx_appt_doctor_date_time_status,OPTIMAL,3,CURRENT,NORMAL,INDEX_MODIFIED,index_changed,NORMAL,OK,System performance within acceptable noise band.,Normal patient scheduling experience with zero delay.,"{""rule_triggered"": ""WITHIN_NOISE_BAND"", ""delta_pct"": 7.68, ""delta_ms"": 1.06, ""plan_diff"": ""NONE"", ""index_impact"": ""OPTIMAL"", ""recommendation"": ""Performance within normal operational variance.""}"
SYNTH-Q-004,Verify whether an appointment slot is already booked,verify_slot_booked,REL-109,v2.2.0,2026-08-29 22:46:00,14.26,13.8,25,1,8.78,1.86,b1ad58e1033f203f,b1ad58e1033f203f,0,idx_appt_doctor_date_time_status,OPTIMAL,13,CURRENT,HIGH,INDEX_MODIFIED,index_changed,NORMAL,OK,Slight concurrency queueing without plan degradation.,Imperceptible patient UI latency (<50ms shift); no booking hazard.,"{""rule_triggered"": ""FALSE_POSITIVE_GRACE_BAND"", ""delta_pct"": 3.33, ""delta_ms"": 0.46, ""plan_diff"": ""NONE - Query plan remains optimal index search"", ""index_impact"": ""OPTIMAL (no index drop)"", ""workload_effect"": ""Queue delay during HIGH workload"", ""recommendation"": ""Maintain baseline. No schema or query regression detected; transient queue latency.""}"
SYNTH-Q-004,Verify whether an appointment slot is already booked,verify_slot_booked,REL-109,v2.2.0,2026-08-30 00:31:00,14.38,13.8,25,1,8.86,1.88,b1ad58e1033f203f,b1ad58e1033f203f,0,idx_appt_doctor_date_time_status,OPTIMAL,3,CURRENT,NORMAL,INDEX_MODIFIED,index_changed,NORMAL,OK,System performance within acceptable noise band.,Normal patient scheduling experience with zero delay.,"{""rule_triggered"": ""WITHIN_NOISE_BAND"", ""delta_pct"": 4.2, ""delta_ms"": 0.58, ""plan_diff"": ""NONE"", ""index_impact"": ""OPTIMAL"", ""recommendation"": ""Performance within normal operational variance.""}"
SYNTH-Q-004,Verify whether an appointment slot is already booked,verify_slot_booked,REL-109,v2.2.0,2026-08-30 02:35:00,14.3,13.8,25,1,8.81,1.87,b1ad58e1033f203f,b1ad58e1033f203f,0,idx_appt_doctor_date_time_status,OPTIMAL,4,CURRENT,NORMAL,INDEX_MODIFIED,index_changed,NORMAL,OK,System performance within acceptable noise band.,Normal patient scheduling experience with zero delay.,"{""rule_triggered"": ""WITHIN_NOISE_BAND"", ""delta_pct"": 3.62, ""delta_ms"": 0.5, ""plan_diff"": ""NONE"", ""index_impact"": ""OPTIMAL"", ""recommendation"": ""Performance within normal operational variance.""}"
SYNTH-Q-005,Search appointments,search_appointments,REL-109,v2.2.0,2026-08-29 08:11:00,29.79,28.5,350,24,19.86,6.06,e76181d244fee67c,e76181d244fee67c,0,idx_appt_patient_date,OPTIMAL,5,CURRENT,HIGH,INDEX_MODIFIED,index_changed,NORMAL,OK,Slight concurrency queueing without plan degradation.,Imperceptible patient UI latency (<50ms shift); no booking hazard.,"{""rule_triggered"": ""FALSE_POSITIVE_GRACE_BAND"", ""delta_pct"": 4.53, ""delta_ms"": 1.29, ""plan_diff"": ""NONE - Query plan remains optimal index search"", ""index_impact"": ""OPTIMAL (no index drop)"", ""workload_effect"": ""Queue delay during HIGH workload"", ""recommendation"": ""Maintain baseline. No schema or query regression detected; transient queue latency.""}"
SYNTH-Q-005,Search appointments,search_appointments,REL-109,v2.2.0,2026-08-29 10:18:00,29.78,28.5,350,24,19.85,6.06,e76181d244fee67c,e76181d244fee67c,0,idx_appt_patient_date,OPTIMAL,3,CURRENT,NORMAL,INDEX_MODIFIED,index_changed,NORMAL,OK,System performance within acceptable noise band.,Normal patient scheduling experience with zero delay.,"{""rule_triggered"": ""WITHIN_NOISE_BAND"", ""delta_pct"": 4.49, ""delta_ms"": 1.28, ""plan_diff"": ""NONE"", ""index_impact"": ""OPTIMAL"", ""recommendation"": ""Performance within normal operational variance.""}"
SYNTH-Q-005,Search appointments,search_appointments,REL-109,v2.2.0,2026-08-29 12:44:00,30.76,28.5,350,24,20.51,6.26,e76181d244fee67c,e76181d244fee67c,0,idx_appt_patient_date,OPTIMAL,14,CURRENT,HIGH,INDEX_MODIFIED,index_changed,NORMAL,OK,Slight concurrency queueing without plan degradation.,Imperceptible patient UI latency (<50ms shift); no booking hazard.,"{""rule_triggered"": ""FALSE_POSITIVE_GRACE_BAND"", ""delta_pct"": 7.93, ""delta_ms"": 2.26, ""plan_diff"": ""NONE - Query plan remains optimal index search"", ""index_impact"": ""OPTIMAL (no index drop)"", ""workload_effect"": ""Queue delay during HIGH workload"", ""recommendation"": ""Maintain baseline. No schema or query regression detected; transient queue latency.""}"
SYNTH-Q-005,Search appointments,search_appointments,REL-109,v2.2.0,2026-08-29 14:36:00,29.31,28.5,350,24,19.54,5.96,e76181d244fee67c,e76181d244fee67c,0,idx_appt_patient_date,OPTIMAL,3,CURRENT,LOW,INDEX_MODIFIED,index_changed,NORMAL,OK,System performance within acceptable noise band.,Normal patient scheduling experience with zero delay.,"{""rule_triggered"": ""WITHIN_NOISE_BAND"", ""delta_pct"": 2.84, ""delta_ms"": 0.81, ""plan_diff"": ""NONE"", ""index_impact"": ""OPTIMAL"", ""recommendation"": ""Performance within normal operational variance.""}"
SYNTH-Q-005,Search appointments,search_appointments,REL-109,v2.2.0,2026-08-29 16:39:00,29.17,28.5,350,24,19.45,5.94,e76181d244fee67c,e76181d244fee67c,0,idx_appt_patient_date,OPTIMAL,11,CURRENT,NORMAL,INDEX_MODIFIED,index_changed,NORMAL,OK,System performance within acceptable noise band.,Normal patient scheduling experience with zero delay.,"{""rule_triggered"": ""WITHIN_NOISE_BAND"", ""delta_pct"": 2.35, ""delta_ms"": 0.67, ""plan_diff"": ""NONE"", ""index_impact"": ""OPTIMAL"", ""recommendation"": ""Performance within normal operational variance.""}"
SYNTH-Q-005,Search appointments,search_appointments,REL-109,v2.2.0,2026-08-29 18:31:00,29.84,28.5,350,24,19.89,6.07,e76181d244fee67c,e76181d244fee67c,0,idx_appt_patient_date,OPTIMAL,6,CURRENT,NORMAL,INDEX_MODIFIED,index_changed,NORMAL,OK,System performance within acceptable noise band.,Normal patient scheduling experience with zero delay.,"{""rule_triggered"": ""WITHIN_NOISE_BAND"", ""delta_pct"": 4.7, ""delta_ms"": 1.34, ""plan_diff"": ""NONE"", ""index_impact"": ""OPTIMAL"", ""recommendation"": ""Performance within normal operational variance.""}"
SYNTH-Q-005,Search appointments,search_appointments,REL-109,v2.2.0,2026-08-29 20:15:00,27.7,28.5,350,24,18.46,5.64,e76181d244fee67c,e76181d244fee67c,0,idx_appt_patient_date,OPTIMAL,6,CURRENT,NORMAL,INDEX_MODIFIED,index_changed,NORMAL,OK,System performance within acceptable noise band.,Normal patient scheduling experience with zero delay.,"{""rule_triggered"": ""WITHIN_NOISE_BAND"", ""delta_pct"": -2.81, ""delta_ms"": -0.8, ""plan_diff"": ""NONE"", ""index_impact"": ""OPTIMAL"", ""recommendation"": ""Performance within normal operational variance.""}"
SYNTH-Q-005,Search appointments,search_appointments,REL-109,v2.2.0,2026-08-29 22:05:00,27.12,28.5,350,24,18.08,5.52,e76181d244fee67c,e76181d244fee67c,0,idx_appt_patient_date,OPTIMAL,8,CURRENT,NORMAL,INDEX_MODIFIED,index_changed,NORMAL,OK,System performance within acceptable noise band.,Normal patient scheduling experience with zero delay.,"{""rule_triggered"": ""WITHIN_NOISE_BAND"", ""delta_pct"": -4.84, ""delta_ms"": -1.38, ""plan_diff"": ""NONE"", ""index_impact"": ""OPTIMAL"", ""recommendation"": ""Performance within normal operational variance.""}"
SYNTH-Q-005,Search appointments,search_appointments,REL-109,v2.2.0,2026-08-30 00:13:00,27.33,28.5,350,24,18.22,5.56,e76181d244fee67c,e76181d244fee67c,0,idx_appt_patient_date,OPTIMAL,12,CURRENT,NORMAL,INDEX_MODIFIED,index_changed,NORMAL,OK,System performance within acceptable noise band.,Normal patient scheduling experience with zero delay.,"{""rule_triggered"": ""WITHIN_NOISE_BAND"", ""delta_pct"": -4.11, ""delta_ms"": -1.17, ""plan_diff"": ""NONE"", ""index_impact"": ""OPTIMAL"", ""recommendation"": ""Performance within normal operational variance.""}"
SYNTH-Q-005,Search appointments,search_appointments,REL-109,v2.2.0,2026-08-30 02:16:00,27.08,28.5,350,24,18.05,5.51,e76181d244fee67c,e76181d244fee67c,0,idx_appt_patient_date,OPTIMAL,12,CURRENT,LOW,INDEX_MODIFIED,index_changed,NORMAL,OK,System performance within acceptable noise band.,Normal patient scheduling experience with zero delay.,"{""rule_triggered"": ""WITHIN_NOISE_BAND"", ""delta_pct"": -4.98, ""delta_ms"": -1.42, ""plan_diff"": ""NONE"", ""index_impact"": ""OPTIMAL"", ""recommendation"": ""Performance within normal operational variance.""}"
SYNTH-Q-006,Update appointment status,update_appointment_status,REL-109,v2.2.0,2026-08-29 08:24:00,16.47,16.4,1,1,10.25,3.11,d54f2bccb838a972,d54f2bccb838a972,0,idx_appt_pk,OPTIMAL,12,CURRENT,HIGH,INDEX_MODIFIED,index_changed,NORMAL,OK,Slight concurrency queueing without plan degradation.,Imperceptible patient UI latency (<50ms shift); no booking hazard.,"{""rule_triggered"": ""FALSE_POSITIVE_GRACE_BAND"", ""delta_pct"": 0.43, ""delta_ms"": 0.07, ""plan_diff"": ""NONE - Query plan remains optimal index search"", ""index_impact"": ""OPTIMAL (no index drop)"", ""workload_effect"": ""Queue delay during HIGH workload"", ""recommendation"": ""Maintain baseline. No schema or query regression detected; transient queue latency.""}"
SYNTH-Q-006,Update appointment status,update_appointment_status,REL-109,v2.2.0,2026-08-29 10:10:00,17.46,16.4,1,1,10.86,3.3,d54f2bccb838a972,d54f2bccb838a972,0,idx_appt_pk,OPTIMAL,8,CURRENT,HIGH,INDEX_MODIFIED,index_changed,NORMAL,OK,Slight concurrency queueing without plan degradation.,Imperceptible patient UI latency (<50ms shift); no booking hazard.,"{""rule_triggered"": ""FALSE_POSITIVE_GRACE_BAND"", ""delta_pct"": 6.46, ""delta_ms"": 1.06, ""plan_diff"": ""NONE - Query plan remains optimal index search"", ""index_impact"": ""OPTIMAL (no index drop)"", ""workload_effect"": ""Queue delay during HIGH workload"", ""recommendation"": ""Maintain baseline. No schema or query regression detected; transient queue latency.""}"
SYNTH-Q-006,Update appointment status,update_appointment_status,REL-109,v2.2.0,2026-08-29 12:22:00,17.35,16.4,1,1,10.79,3.28,d54f2bccb838a972,d54f2bccb838a972,0,idx_appt_pk,OPTIMAL,2,CURRENT,HIGH,INDEX_MODIFIED,index_changed,NORMAL,OK,Slight concurrency queueing without plan degradation.,Imperceptible patient UI latency (<50ms shift); no booking hazard.,"{""rule_triggered"": ""FALSE_POSITIVE_GRACE_BAND"", ""delta_pct"": 5.79, ""delta_ms"": 0.95, ""plan_diff"": ""NONE - Query plan remains optimal index search"", ""index_impact"": ""OPTIMAL (no index drop)"", ""workload_effect"": ""Queue delay during HIGH workload"", ""recommendation"": ""Maintain baseline. No schema or query regression detected; transient queue latency.""}"
SYNTH-Q-006,Update appointment status,update_appointment_status,REL-109,v2.2.0,2026-08-29 14:50:00,16.54,16.4,1,1,10.29,3.13,d54f2bccb838a972,d54f2bccb838a972,0,idx_appt_pk,OPTIMAL,3,CURRENT,NORMAL,INDEX_MODIFIED,index_changed,NORMAL,OK,System performance within acceptable noise band.,Normal patient scheduling experience with zero delay.,"{""rule_triggered"": ""WITHIN_NOISE_BAND"", ""delta_pct"": 0.85, ""delta_ms"": 0.14, ""plan_diff"": ""NONE"", ""index_impact"": ""OPTIMAL"", ""recommendation"": ""Performance within normal operational variance.""}"
SYNTH-Q-006,Update appointment status,update_appointment_status,REL-109,v2.2.0,2026-08-29 16:02:00,16.26,16.4,1,1,10.11,3.07,d54f2bccb838a972,d54f2bccb838a972,0,idx_appt_pk,OPTIMAL,1,CURRENT,NORMAL,INDEX_MODIFIED,index_changed,NORMAL,OK,System performance within acceptable noise band.,Normal patient scheduling experience with zero delay.,"{""rule_triggered"": ""WITHIN_NOISE_BAND"", ""delta_pct"": -0.85, ""delta_ms"": -0.14, ""plan_diff"": ""NONE"", ""index_impact"": ""OPTIMAL"", ""recommendation"": ""Performance within normal operational variance.""}"
SYNTH-Q-006,Update appointment status,update_appointment_status,REL-109,v2.2.0,2026-08-29 18:06:00,15.94,16.4,1,1,9.92,3.01,d54f2bccb838a972,d54f2bccb838a972,0,idx_appt_pk,OPTIMAL,6,CURRENT,LOW,INDEX_MODIFIED,index_changed,NORMAL,OK,System performance within acceptable noise band.,Normal patient scheduling experience with zero delay.,"{""rule_triggered"": ""WITHIN_NOISE_BAND"", ""delta_pct"": -2.8, ""delta_ms"": -0.46, ""plan_diff"": ""NONE"", ""index_impact"": ""OPTIMAL"", ""recommendation"": ""Performance within normal operational variance.""}"
SYNTH-Q-006,Update appointment status,update_appointment_status,REL-109,v2.2.0,2026-08-29 20:24:00,15.74,16.4,1,1,9.79,2.98,d54f2bccb838a972,d54f2bccb838a972,0,idx_appt_pk,OPTIMAL,12,CURRENT,NORMAL,INDEX_MODIFIED,index_changed,NORMAL,OK,System performance within acceptable noise band.,Normal patient scheduling experience with zero delay.,"{""rule_triggered"": ""WITHIN_NOISE_BAND"", ""delta_pct"": -4.02, ""delta_ms"": -0.66, ""plan_diff"": ""NONE"", ""index_impact"": ""OPTIMAL"", ""recommendation"": ""Performance within normal operational variance.""}"
SYNTH-Q-006,Update appointment status,update_appointment_status,REL-109,v2.2.0,2026-08-29 22:05:00,17.68,16.4,1,1,11.0,3.34,d54f2bccb838a972,d54f2bccb838a972,0,idx_appt_pk,OPTIMAL,10,CURRENT,NORMAL,INDEX_MODIFIED,index_changed,NORMAL,OK,System performance within acceptable noise band.,Normal patient scheduling experience with zero delay.,"{""rule_triggered"": ""WITHIN_NOISE_BAND"", ""delta_pct"": 7.8, ""delta_ms"": 1.28, ""plan_diff"": ""NONE"", ""index_impact"": ""OPTIMAL"", ""recommendation"": ""Performance within normal operational variance.""}"
SYNTH-Q-006,Update appointment status,update_appointment_status,REL-109,v2.2.0,2026-08-30 00:30:00,17.59,16.4,1,1,10.94,3.32,d54f2bccb838a972,d54f2bccb838a972,0,idx_appt_pk,OPTIMAL,7,CURRENT,LOW,INDEX_MODIFIED,index_changed,NORMAL,OK,System performance within acceptable noise band.,Normal patient scheduling experience with zero delay.,"{""rule_triggered"": ""WITHIN_NOISE_BAND"", ""delta_pct"": 7.26, ""delta_ms"": 1.19, ""plan_diff"": ""NONE"", ""index_impact"": ""OPTIMAL"", ""recommendation"": ""Performance within normal operational variance.""}"
SYNTH-Q-006,Update appointment status,update_appointment_status,REL-109,v2.2.0,2026-08-30 02:10:00,15.69,16.4,1,1,9.76,2.97,d54f2bccb838a972,d54f2bccb838a972,0,idx_appt_pk,OPTIMAL,3,CURRENT,HIGH,INDEX_MODIFIED,index_changed,NORMAL,OK,Slight concurrency queueing without plan degradation.,Imperceptible patient UI latency (<50ms shift); no booking hazard.,"{""rule_triggered"": ""FALSE_POSITIVE_GRACE_BAND"", ""delta_pct"": -4.33, ""delta_ms"": -0.71, ""plan_diff"": ""NONE - Query plan remains optimal index search"", ""index_impact"": ""OPTIMAL (no index drop)"", ""workload_effect"": ""Queue delay during HIGH workload"", ""recommendation"": ""Maintain baseline. No schema or query regression detected; transient queue latency.""}"
SYNTH-Q-007,Cancel appointment,cancel_appointment,REL-109,v2.2.0,2026-08-29 08:21:00,15.15,15.1,1,1,9.53,2.91,d54f2bccb838a972,d54f2bccb838a972,0,idx_appt_pk,OPTIMAL,4,CURRENT,NORMAL,INDEX_MODIFIED,index_changed,NORMAL,OK,System performance within acceptable noise band.,Normal patient scheduling experience with zero delay.,"{""rule_triggered"": ""WITHIN_NOISE_BAND"", ""delta_pct"": 0.33, ""delta_ms"": 0.05, ""plan_diff"": ""NONE"", ""index_impact"": ""OPTIMAL"", ""recommendation"": ""Performance within normal operational variance.""}"
SYNTH-Q-007,Cancel appointment,cancel_appointment,REL-109,v2.2.0,2026-08-29 10:35:00,14.9,15.1,1,1,9.37,2.86,d54f2bccb838a972,d54f2bccb838a972,0,idx_appt_pk,OPTIMAL,11,CURRENT,NORMAL,INDEX_MODIFIED,index_changed,NORMAL,OK,System performance within acceptable noise band.,Normal patient scheduling experience with zero delay.,"{""rule_triggered"": ""WITHIN_NOISE_BAND"", ""delta_pct"": -1.32, ""delta_ms"": -0.2, ""plan_diff"": ""NONE"", ""index_impact"": ""OPTIMAL"", ""recommendation"": ""Performance within normal operational variance.""}"
SYNTH-Q-007,Cancel appointment,cancel_appointment,REL-109,v2.2.0,2026-08-29 12:15:00,15.12,15.1,1,1,9.51,2.9,d54f2bccb838a972,d54f2bccb838a972,0,idx_appt_pk,OPTIMAL,1,CURRENT,LOW,INDEX_MODIFIED,index_changed,NORMAL,OK,System performance within acceptable noise band.,Normal patient scheduling experience with zero delay.,"{""rule_triggered"": ""WITHIN_NOISE_BAND"", ""delta_pct"": 0.13, ""delta_ms"": 0.02, ""plan_diff"": ""NONE"", ""index_impact"": ""OPTIMAL"", ""recommendation"": ""Performance within normal operational variance.""}"
SYNTH-Q-007,Cancel appointment,cancel_appointment,REL-109,v2.2.0,2026-08-29 14:35:00,14.45,15.1,1,1,9.09,2.78,d54f2bccb838a972,d54f2bccb838a972,0,idx_appt_pk,OPTIMAL,3,CURRENT,HIGH,INDEX_MODIFIED,index_changed,NORMAL,OK,Slight concurrency queueing without plan degradation.,Imperceptible patient UI latency (<50ms shift); no booking hazard.,"{""rule_triggered"": ""FALSE_POSITIVE_GRACE_BAND"", ""delta_pct"": -4.3, ""delta_ms"": -0.65, ""plan_diff"": ""NONE - Query plan remains optimal index search"", ""index_impact"": ""OPTIMAL (no index drop)"", ""workload_effect"": ""Queue delay during HIGH workload"", ""recommendation"": ""Maintain baseline. No schema or query regression detected; transient queue latency.""}"
SYNTH-Q-007,Cancel appointment,cancel_appointment,REL-109,v2.2.0,2026-08-29 16:00:00,14.92,15.1,1,1,9.39,2.87,d54f2bccb838a972,d54f2bccb838a972,0,idx_appt_pk,OPTIMAL,2,CURRENT,HIGH,INDEX_MODIFIED,index_changed,NORMAL,OK,Slight concurrency queueing without plan degradation.,Imperceptible patient UI latency (<50ms shift); no booking hazard.,"{""rule_triggered"": ""FALSE_POSITIVE_GRACE_BAND"", ""delta_pct"": -1.19, ""delta_ms"": -0.18, ""plan_diff"": ""NONE - Query plan remains optimal index search"", ""index_impact"": ""OPTIMAL (no index drop)"", ""workload_effect"": ""Queue delay during HIGH workload"", ""recommendation"": ""Maintain baseline. No schema or query regression detected; transient queue latency.""}"
SYNTH-Q-007,Cancel appointment,cancel_appointment,REL-109,v2.2.0,2026-08-29 18:42:00,14.54,15.1,1,1,9.14,2.79,d54f2bccb838a972,d54f2bccb838a972,0,idx_appt_pk,OPTIMAL,4,CURRENT,HIGH,INDEX_MODIFIED,index_changed,NORMAL,OK,Slight concurrency queueing without plan degradation.,Imperceptible patient UI latency (<50ms shift); no booking hazard.,"{""rule_triggered"": ""FALSE_POSITIVE_GRACE_BAND"", ""delta_pct"": -3.71, ""delta_ms"": -0.56, ""plan_diff"": ""NONE - Query plan remains optimal index search"", ""index_impact"": ""OPTIMAL (no index drop)"", ""workload_effect"": ""Queue delay during HIGH workload"", ""recommendation"": ""Maintain baseline. No schema or query regression detected; transient queue latency.""}"
SYNTH-Q-007,Cancel appointment,cancel_appointment,REL-109,v2.2.0,2026-08-29 20:13:00,14.92,15.1,1,1,9.39,2.87,d54f2bccb838a972,d54f2bccb838a972,0,idx_appt_pk,OPTIMAL,11,CURRENT,NORMAL,INDEX_MODIFIED,index_changed,NORMAL,OK,System performance within acceptable noise band.,Normal patient scheduling experience with zero delay.,"{""rule_triggered"": ""WITHIN_NOISE_BAND"", ""delta_pct"": -1.19, ""delta_ms"": -0.18, ""plan_diff"": ""NONE"", ""index_impact"": ""OPTIMAL"", ""recommendation"": ""Performance within normal operational variance.""}"
SYNTH-Q-007,Cancel appointment,cancel_appointment,REL-109,v2.2.0,2026-08-29 22:05:00,14.57,15.1,1,1,9.17,2.8,d54f2bccb838a972,d54f2bccb838a972,0,idx_appt_pk,OPTIMAL,14,CURRENT,HIGH,INDEX_MODIFIED,index_changed,NORMAL,OK,Slight concurrency queueing without plan degradation.,Imperceptible patient UI latency (<50ms shift); no booking hazard.,"{""rule_triggered"": ""FALSE_POSITIVE_GRACE_BAND"", ""delta_pct"": -3.51, ""delta_ms"": -0.53, ""plan_diff"": ""NONE - Query plan remains optimal index search"", ""index_impact"": ""OPTIMAL (no index drop)"", ""workload_effect"": ""Queue delay during HIGH workload"", ""recommendation"": ""Maintain baseline. No schema or query regression detected; transient queue latency.""}"
SYNTH-Q-007,Cancel appointment,cancel_appointment,REL-109,v2.2.0,2026-08-30 00:50:00,15.31,15.1,1,1,9.63,2.94,d54f2bccb838a972,d54f2bccb838a972,0,idx_appt_pk,OPTIMAL,8,CURRENT,HIGH,INDEX_MODIFIED,index_changed,NORMAL,OK,Slight concurrency queueing without plan degradation.,Imperceptible patient UI latency (<50ms shift); no booking hazard.,"{""rule_triggered"": ""FALSE_POSITIVE_GRACE_BAND"", ""delta_pct"": 1.39, ""delta_ms"": 0.21, ""plan_diff"": ""NONE - Query plan remains optimal index search"", ""index_impact"": ""OPTIMAL (no index drop)"", ""workload_effect"": ""Queue delay during HIGH workload"", ""recommendation"": ""Maintain baseline. No schema or query regression detected; transient queue latency.""}"
SYNTH-Q-007,Cancel appointment,cancel_appointment,REL-109,v2.2.0,2026-08-30 02:42:00,15.6,15.1,1,1,9.82,3.0,d54f2bccb838a972,d54f2bccb838a972,0,idx_appt_pk,OPTIMAL,2,CURRENT,NORMAL,INDEX_MODIFIED,index_changed,NORMAL,OK,System performance within acceptable noise band.,Normal patient scheduling experience with zero delay.,"{""rule_triggered"": ""WITHIN_NOISE_BAND"", ""delta_pct"": 3.31, ""delta_ms"": 0.5, ""plan_diff"": ""NONE"", ""index_impact"": ""OPTIMAL"", ""recommendation"": ""Performance within normal operational variance.""}"
SYNTH-Q-008,Retrieve doctor schedule,retrieve_doctor_schedule,REL-109,v2.2.0,2026-08-29 08:24:00,19.39,18.2,90,16,12.14,2.77,d92063c67a1d5b2c,d92063c67a1d5b2c,0,idx_appt_doctor_date,OPTIMAL,6,CURRENT,NORMAL,INDEX_MODIFIED,index_changed,NORMAL,OK,System performance within acceptable noise band.,Normal patient scheduling experience with zero delay.,"{""rule_triggered"": ""WITHIN_NOISE_BAND"", ""delta_pct"": 6.54, ""delta_ms"": 1.19, ""plan_diff"": ""NONE"", ""index_impact"": ""OPTIMAL"", ""recommendation"": ""Performance within normal operational variance.""}"
SYNTH-Q-008,Retrieve doctor schedule,retrieve_doctor_schedule,REL-109,v2.2.0,2026-08-29 10:23:00,17.4,18.2,90,16,10.9,2.49,d92063c67a1d5b2c,d92063c67a1d5b2c,0,idx_appt_doctor_date,OPTIMAL,8,CURRENT,NORMAL,INDEX_MODIFIED,index_changed,NORMAL,OK,System performance within acceptable noise band.,Normal patient scheduling experience with zero delay.,"{""rule_triggered"": ""WITHIN_NOISE_BAND"", ""delta_pct"": -4.4, ""delta_ms"": -0.8, ""plan_diff"": ""NONE"", ""index_impact"": ""OPTIMAL"", ""recommendation"": ""Performance within normal operational variance.""}"
SYNTH-Q-008,Retrieve doctor schedule,retrieve_doctor_schedule,REL-109,v2.2.0,2026-08-29 12:28:00,17.83,18.2,90,16,11.17,2.55,d92063c67a1d5b2c,d92063c67a1d5b2c,0,idx_appt_doctor_date,OPTIMAL,5,CURRENT,HIGH,INDEX_MODIFIED,index_changed,NORMAL,OK,Slight concurrency queueing without plan degradation.,Imperceptible patient UI latency (<50ms shift); no booking hazard.,"{""rule_triggered"": ""FALSE_POSITIVE_GRACE_BAND"", ""delta_pct"": -2.03, ""delta_ms"": -0.37, ""plan_diff"": ""NONE - Query plan remains optimal index search"", ""index_impact"": ""OPTIMAL (no index drop)"", ""workload_effect"": ""Queue delay during HIGH workload"", ""recommendation"": ""Maintain baseline. No schema or query regression detected; transient queue latency.""}"
SYNTH-Q-008,Retrieve doctor schedule,retrieve_doctor_schedule,REL-109,v2.2.0,2026-08-29 14:17:00,19.07,18.2,90,16,11.94,2.72,d92063c67a1d5b2c,d92063c67a1d5b2c,0,idx_appt_doctor_date,OPTIMAL,3,CURRENT,LOW,INDEX_MODIFIED,index_changed,NORMAL,OK,System performance within acceptable noise band.,Normal patient scheduling experience with zero delay.,"{""rule_triggered"": ""WITHIN_NOISE_BAND"", ""delta_pct"": 4.78, ""delta_ms"": 0.87, ""plan_diff"": ""NONE"", ""index_impact"": ""OPTIMAL"", ""recommendation"": ""Performance within normal operational variance.""}"
SYNTH-Q-008,Retrieve doctor schedule,retrieve_doctor_schedule,REL-109,v2.2.0,2026-08-29 16:42:00,18.87,18.2,90,16,11.82,2.7,d92063c67a1d5b2c,d92063c67a1d5b2c,0,idx_appt_doctor_date,OPTIMAL,2,CURRENT,LOW,INDEX_MODIFIED,index_changed,NORMAL,OK,System performance within acceptable noise band.,Normal patient scheduling experience with zero delay.,"{""rule_triggered"": ""WITHIN_NOISE_BAND"", ""delta_pct"": 3.68, ""delta_ms"": 0.67, ""plan_diff"": ""NONE"", ""index_impact"": ""OPTIMAL"", ""recommendation"": ""Performance within normal operational variance.""}"
SYNTH-Q-008,Retrieve doctor schedule,retrieve_doctor_schedule,REL-109,v2.2.0,2026-08-29 18:34:00,18.69,18.2,90,16,11.7,2.67,d92063c67a1d5b2c,d92063c67a1d5b2c,0,idx_appt_doctor_date,OPTIMAL,13,CURRENT,HIGH,INDEX_MODIFIED,index_changed,NORMAL,OK,Slight concurrency queueing without plan degradation.,Imperceptible patient UI latency (<50ms shift); no booking hazard.,"{""rule_triggered"": ""FALSE_POSITIVE_GRACE_BAND"", ""delta_pct"": 2.69, ""delta_ms"": 0.49, ""plan_diff"": ""NONE - Query plan remains optimal index search"", ""index_impact"": ""OPTIMAL (no index drop)"", ""workload_effect"": ""Queue delay during HIGH workload"", ""recommendation"": ""Maintain baseline. No schema or query regression detected; transient queue latency.""}"
SYNTH-Q-008,Retrieve doctor schedule,retrieve_doctor_schedule,REL-109,v2.2.0,2026-08-29 20:35:00,18.21,18.2,90,16,11.4,2.6,d92063c67a1d5b2c,d92063c67a1d5b2c,0,idx_appt_doctor_date,OPTIMAL,14,CURRENT,LOW,INDEX_MODIFIED,index_changed,NORMAL,OK,System performance within acceptable noise band.,Normal patient scheduling experience with zero delay.,"{""rule_triggered"": ""WITHIN_NOISE_BAND"", ""delta_pct"": 0.05, ""delta_ms"": 0.01, ""plan_diff"": ""NONE"", ""index_impact"": ""OPTIMAL"", ""recommendation"": ""Performance within normal operational variance.""}"
SYNTH-Q-008,Retrieve doctor schedule,retrieve_doctor_schedule,REL-109,v2.2.0,2026-08-29 22:33:00,18.92,18.2,90,16,11.85,2.7,d92063c67a1d5b2c,d92063c67a1d5b2c,0,idx_appt_doctor_date,OPTIMAL,9,CURRENT,HIGH,INDEX_MODIFIED,index_changed,NORMAL,OK,Slight concurrency queueing without plan degradation.,Imperceptible patient UI latency (<50ms shift); no booking hazard.,"{""rule_triggered"": ""FALSE_POSITIVE_GRACE_BAND"", ""delta_pct"": 3.96, ""delta_ms"": 0.72, ""plan_diff"": ""NONE - Query plan remains optimal index search"", ""index_impact"": ""OPTIMAL (no index drop)"", ""workload_effect"": ""Queue delay during HIGH workload"", ""recommendation"": ""Maintain baseline. No schema or query regression detected; transient queue latency.""}"
SYNTH-Q-008,Retrieve doctor schedule,retrieve_doctor_schedule,REL-109,v2.2.0,2026-08-30 00:30:00,18.0,18.2,90,16,11.27,2.57,d92063c67a1d5b2c,d92063c67a1d5b2c,0,idx_appt_doctor_date,OPTIMAL,8,CURRENT,NORMAL,INDEX_MODIFIED,index_changed,NORMAL,OK,System performance within acceptable noise band.,Normal patient scheduling experience with zero delay.,"{""rule_triggered"": ""WITHIN_NOISE_BAND"", ""delta_pct"": -1.1, ""delta_ms"": -0.2, ""plan_diff"": ""NONE"", ""index_impact"": ""OPTIMAL"", ""recommendation"": ""Performance within normal operational variance.""}"
SYNTH-Q-008,Retrieve doctor schedule,retrieve_doctor_schedule,REL-109,v2.2.0,2026-08-30 02:25:00,18.64,18.2,90,16,11.68,2.66,d92063c67a1d5b2c,d92063c67a1d5b2c,0,idx_appt_doctor_date,OPTIMAL,9,CURRENT,LOW,INDEX_MODIFIED,index_changed,NORMAL,OK,System performance within acceptable noise band.,Normal patient scheduling experience with zero delay.,"{""rule_triggered"": ""WITHIN_NOISE_BAND"", ""delta_pct"": 2.42, ""delta_ms"": 0.44, ""plan_diff"": ""NONE"", ""index_impact"": ""OPTIMAL"", ""recommendation"": ""Performance within normal operational variance.""}"
SYNTH-Q-009,Retrieve department schedule,retrieve_department_schedule,REL-109,v2.2.0,2026-08-29 08:33:00,82.58,35.0,1698,65,55.45,20.86,627ad212f2082674,364020380f4bd7af,1,idx_appt_dept_date,CHANGED,2,CURRENT,NORMAL,INDEX_MODIFIED,index_changed,CRITICAL_REGRESSION,CRITICAL,"Severe database CPU exhaustion, lock contention, and full table scans.",Patient booking portal timeout; department schedule unavailable.,"{""rule_triggered"": ""TIME_CRITICAL_PLAN_SCAN_REGRESSION"", ""delta_pct"": 135.94, ""delta_ms"": 47.58, ""plan_diff"": ""Index search converted to full table SCAN or Cartesian product"", ""index_impact"": ""Index status: CHANGED"", ""double_booking_risk"": ""LOW"", ""recommendation"": ""BLOCK RELEASE. Immediately restore dropped/missing index or revert bad query plan.""}"
SYNTH-Q-009,Retrieve department schedule,retrieve_department_schedule,REL-109,v2.2.0,2026-08-29 10:28:00,83.22,35.0,1711,65,55.88,21.02,627ad212f2082674,364020380f4bd7af,1,idx_appt_dept_date,CHANGED,3,CURRENT,NORMAL,INDEX_MODIFIED,index_changed,CRITICAL_REGRESSION,CRITICAL,"Severe database CPU exhaustion, lock contention, and full table scans.",Patient booking portal timeout; department schedule unavailable.,"{""rule_triggered"": ""TIME_CRITICAL_PLAN_SCAN_REGRESSION"", ""delta_pct"": 137.77, ""delta_ms"": 48.22, ""plan_diff"": ""Index search converted to full table SCAN or Cartesian product"", ""index_impact"": ""Index status: CHANGED"", ""double_booking_risk"": ""LOW"", ""recommendation"": ""BLOCK RELEASE. Immediately restore dropped/missing index or revert bad query plan.""}"
SYNTH-Q-009,Retrieve department schedule,retrieve_department_schedule,REL-109,v2.2.0,2026-08-29 12:12:00,67.85,35.0,1395,65,45.56,17.14,627ad212f2082674,364020380f4bd7af,1,idx_appt_dept_date,CHANGED,1,CURRENT,NORMAL,INDEX_MODIFIED,index_changed,REGRESSION,HIGH,Significant latency degradation across booking transactions.,Noticeable scheduling UI lag; increased booking abandonment rate.,"{""rule_triggered"": ""TIME_HIGH_PCT_REGRESSION"", ""delta_pct"": 93.86, ""delta_ms"": 32.85, ""plan_diff"": ""Sub-optimal plan selection or extra temporary B-Tree sorting"", ""index_impact"": ""Index status: CHANGED"", ""recommendation"": ""Analyze index selectivity and query predicates before deployment.""}"
SYNTH-Q-009,Retrieve department schedule,retrieve_department_schedule,REL-109,v2.2.0,2026-08-29 14:43:00,83.92,35.0,1726,65,56.35,21.2,627ad212f2082674,364020380f4bd7af,1,idx_appt_dept_date,CHANGED,4,CURRENT,HIGH,INDEX_MODIFIED,index_changed,CRITICAL_REGRESSION,CRITICAL,"Severe database CPU exhaustion, lock contention, and full table scans.",Patient booking portal timeout; department schedule unavailable.,"{""rule_triggered"": ""TIME_CRITICAL_PLAN_SCAN_REGRESSION"", ""delta_pct"": 139.77, ""delta_ms"": 48.92, ""plan_diff"": ""Index search converted to full table SCAN or Cartesian product"", ""index_impact"": ""Index status: CHANGED"", ""double_booking_risk"": ""LOW"", ""recommendation"": ""BLOCK RELEASE. Immediately restore dropped/missing index or revert bad query plan.""}"
SYNTH-Q-009,Retrieve department schedule,retrieve_department_schedule,REL-109,v2.2.0,2026-08-29 16:40:00,72.66,35.0,1494,65,48.79,18.35,627ad212f2082674,364020380f4bd7af,1,idx_appt_dept_date,CHANGED,14,CURRENT,NORMAL,INDEX_MODIFIED,index_changed,CRITICAL_REGRESSION,CRITICAL,"Severe database CPU exhaustion, lock contention, and full table scans.",Patient booking portal timeout; department schedule unavailable.,"{""rule_triggered"": ""TIME_CRITICAL_PLAN_SCAN_REGRESSION"", ""delta_pct"": 107.6, ""delta_ms"": 37.66, ""plan_diff"": ""Index search converted to full table SCAN or Cartesian product"", ""index_impact"": ""Index status: CHANGED"", ""double_booking_risk"": ""LOW"", ""recommendation"": ""BLOCK RELEASE. Immediately restore dropped/missing index or revert bad query plan.""}"
SYNTH-Q-009,Retrieve department schedule,retrieve_department_schedule,REL-109,v2.2.0,2026-08-29 18:20:00,66.87,35.0,1375,65,44.9,16.89,627ad212f2082674,364020380f4bd7af,1,idx_appt_dept_date,CHANGED,2,CURRENT,LOW,INDEX_MODIFIED,index_changed,REGRESSION,HIGH,Significant latency degradation across booking transactions.,Noticeable scheduling UI lag; increased booking abandonment rate.,"{""rule_triggered"": ""TIME_HIGH_PCT_REGRESSION"", ""delta_pct"": 91.06, ""delta_ms"": 31.87, ""plan_diff"": ""Sub-optimal plan selection or extra temporary B-Tree sorting"", ""index_impact"": ""Index status: CHANGED"", ""recommendation"": ""Analyze index selectivity and query predicates before deployment.""}"
SYNTH-Q-009,Retrieve department schedule,retrieve_department_schedule,REL-109,v2.2.0,2026-08-29 20:25:00,63.73,35.0,1311,65,42.79,16.1,627ad212f2082674,364020380f4bd7af,1,idx_appt_dept_date,CHANGED,14,CURRENT,NORMAL,INDEX_MODIFIED,index_changed,REGRESSION,HIGH,Significant latency degradation across booking transactions.,Noticeable scheduling UI lag; increased booking abandonment rate.,"{""rule_triggered"": ""TIME_HIGH_PCT_REGRESSION"", ""delta_pct"": 82.09, ""delta_ms"": 28.73, ""plan_diff"": ""Sub-optimal plan selection or extra temporary B-Tree sorting"", ""index_impact"": ""Index status: CHANGED"", ""recommendation"": ""Analyze index selectivity and query predicates before deployment.""}"
SYNTH-Q-009,Retrieve department schedule,retrieve_department_schedule,REL-109,v2.2.0,2026-08-29 22:29:00,75.61,35.0,1555,65,50.77,19.1,627ad212f2082674,364020380f4bd7af,1,idx_appt_dept_date,CHANGED,13,CURRENT,LOW,INDEX_MODIFIED,index_changed,CRITICAL_REGRESSION,CRITICAL,"Severe database CPU exhaustion, lock contention, and full table scans.",Patient booking portal timeout; department schedule unavailable.,"{""rule_triggered"": ""TIME_CRITICAL_PLAN_SCAN_REGRESSION"", ""delta_pct"": 116.03, ""delta_ms"": 40.61, ""plan_diff"": ""Index search converted to full table SCAN or Cartesian product"", ""index_impact"": ""Index status: CHANGED"", ""double_booking_risk"": ""LOW"", ""recommendation"": ""BLOCK RELEASE. Immediately restore dropped/missing index or revert bad query plan.""}"
SYNTH-Q-009,Retrieve department schedule,retrieve_department_schedule,REL-109,v2.2.0,2026-08-30 00:37:00,67.6,35.0,1390,65,45.39,17.07,627ad212f2082674,364020380f4bd7af,1,idx_appt_dept_date,CHANGED,2,CURRENT,HIGH,INDEX_MODIFIED,index_changed,REGRESSION,HIGH,Significant latency degradation across booking transactions.,Noticeable scheduling UI lag; increased booking abandonment rate.,"{""rule_triggered"": ""TIME_HIGH_PCT_REGRESSION"", ""delta_pct"": 93.14, ""delta_ms"": 32.6, ""plan_diff"": ""Sub-optimal plan selection or extra temporary B-Tree sorting"", ""index_impact"": ""Index status: CHANGED"", ""recommendation"": ""Analyze index selectivity and query predicates before deployment.""}"
SYNTH-Q-009,Retrieve department schedule,retrieve_department_schedule,REL-109,v2.2.0,2026-08-30 02:09:00,71.76,35.0,1476,65,48.18,18.12,627ad212f2082674,364020380f4bd7af,1,idx_appt_dept_date,CHANGED,2,CURRENT,LOW,INDEX_MODIFIED,index_changed,CRITICAL_REGRESSION,CRITICAL,"Severe database CPU exhaustion, lock contention, and full table scans.",Patient booking portal timeout; department schedule unavailable.,"{""rule_triggered"": ""TIME_CRITICAL_PLAN_SCAN_REGRESSION"", ""delta_pct"": 105.03, ""delta_ms"": 36.76, ""plan_diff"": ""Index search converted to full table SCAN or Cartesian product"", ""index_impact"": ""Index status: CHANGED"", ""double_booking_risk"": ""LOW"", ""recommendation"": ""BLOCK RELEASE. Immediately restore dropped/missing index or revert bad query plan.""}"
SYNTH-Q-004,Verify whether an appointment slot is already booked,verify_slot_booked,REL-108,v2.1.0,2026-09-06 08:30:00,28.5,13.8,50,1,18.2,3.8,,0d731d5d1e0027bc,1,idx_appt_doctor_date_time_status,UNKNOWN,7,CURRENT,NORMAL,NONE,query_plan_change,WARNING,MEDIUM,Optimizer profiling unavailable; plan cache inspection yielded null tree.,Slot verification succeeded but query plan telemetry is absent.,"{""edge_case_type"": ""MISSING_EXECUTION_PLAN"", ""error_code"": ""PLAN_PROFILER_EMPTY"", ""diagnostics"": ""Database engine did not emit EXPLAIN rows before statement completed."", ""recommendation"": ""Verify PRAGMA or query profiling permissions in database connection pool.""}"
SYNTH-Q-001,Find available appointment slots,find_available_slots,REL-104,v1.3.0,2026-08-15 14:10:00,38.2,14.5,1420,18,25.1,7.4,f1a3b4126b372be6,e91d7192c35728ca,1,idx_appt_dept_date_status,OPTIMAL,52,STALE,HIGH,NONE,statistics_stale,REGRESSION,HIGH,"Planner selected temp b-tree because sqlite_stat1 indicates table has 500 rows instead of 200,000.",Schedulers experience 2.6x lag during clinic calendar lookups.,"{""edge_case_type"": ""STALE_STATISTICS"", ""stats_age_days"": 52, ""stat1_row_count"": 500, ""actual_row_count"": 210000, ""recommendation"": ""Execute 'ANALYZE appointment_slots;' to refresh table cardinality statistics.""}"
SYNTH-Q-002,Check doctor availability,check_doctor_availability,REL-107,v2.0.0,2026-09-02 08:45:00,16.1,11.2,45,8,7.8,1.6,d92063c67a1d5b2c,d92063c67a1d5b2c,0,idx_appt_doctor_date,OPTIMAL,3,CURRENT,PEAK,NONE,workload_increase,NORMAL,OK,Concurrency queueing only. Zero structural plan shift or index loss.,Doctor availability check returns within 16ms (well within 200ms clinician SLA).,"{""edge_case_type"": ""FALSE_POSITIVE_WORKLOAD_SPIKE_SUPPRESSION"", ""delta_pct"": 43.75, ""rule_applied"": ""FALSE_POSITIVE_GRACE_BAND"", ""plan_verified_identical"": true, ""recommendation"": ""Do not raise false alert; system is operating normally under transient morning peak.""}"
SYNTH-Q-004,Verify whether an appointment slot is already booked,verify_slot_booked,REL-102,v1.1.0,2026-07-20 09:12:00,285.0,13.8,50000,1,220.0,45.0,PARSE_ERROR_SCAN,0d731d5d1e0027bc,1,idx_appt_doctor_date_time_status,MISSING,12,CURRENT,HIGH,INDEX_DROPPED,missing_index,CRITICAL_REGRESSION,CRITICAL,"Missing critical index causes sequential scan over 50,000 rows during atomic slot verification.",ACUTE DOUBLE-BOOKING RISK: Concurrent patients booking identical 10:30 slot pass check concurrently.,"{""edge_case_type"": ""MISSING_INDEX_PARSE_DEGRADATION"", ""missing_index"": ""idx_appt_doctor_date_time_status"", ""plan_parse_flag"": ""FALLBACK_DETECTED_TABLE_SCAN"", ""delta_pct"": 1965.2, ""sla_breach"": true, ""recommendation"": ""EMERGENCY ROLLBACK: Re-create index idx_appt_doctor_date_time_status immediately.""}"
